0 verbose cli /opt/homebrew/Cellar/node/26.0.0/bin/node /opt/homebrew/bin/npm
1 info using npm@11.12.1
2 info using node@v26.0.0
3 silly config load:file:/opt/homebrew/lib/node_modules/npm/npmrc
4 silly config load:file:/Users/miguelacontreras/Desktop/Desarrollo/MiguelAcr/Nest Back/store_api/.npmrc
5 silly config load:file:/Users/miguelacontreras/.npmrc
6 silly config load:file:/opt/homebrew/etc/npmrc
7 verbose title npm install
8 verbose argv "install" "--cache" "./npm-cache"
9 verbose logfile logs-max:10 dir:/Users/miguelacontreras/Desktop/Desarrollo/MiguelAcr/Nest Back/store_api/npm-cache/_logs/2026-07-16T13_48_59_167Z-
10 verbose logfile /Users/miguelacontreras/Desktop/Desarrollo/MiguelAcr/Nest Back/store_api/npm-cache/_logs/2026-07-16T13_48_59_167Z-debug-0.log
11 silly logfile done cleaning log files
12 silly packumentCache heap:2248146944 maxSize:562036736 maxEntrySize:281018368
13 silly idealTree buildDeps
14 silly fetch manifest @nestjs/common@^11.0.1
15 silly packumentCache full:https://registry.npmjs.org/@nestjs%2fcommon cache-miss
16 http fetch GET 200 https://registry.npmjs.org/npm 233ms
17 http fetch GET 200 https://registry.npmjs.org/@nestjs%2fcommon 336ms (cache miss)
18 silly packumentCache full:https://registry.npmjs.org/@nestjs%2fcommon set size:undefined disposed:false
19 silly fetch manifest class-transformer@>=0.4.1
20 silly packumentCache full:https://registry.npmjs.org/class-transformer cache-miss
21 http fetch GET 200 https://registry.npmjs.org/class-transformer 213ms (cache miss)
22 silly packumentCache full:https://registry.npmjs.org/class-transformer set size:undefined disposed:false
23 silly fetch manifest class-validator@>=0.13.2
24 silly packumentCache full:https://registry.npmjs.org/class-validator cache-miss
25 http fetch GET 200 https://registry.npmjs.org/class-validator 195ms (cache miss)
26 silly packumentCache full:https://registry.npmjs.org/class-validator set size:undefined disposed:false
27 silly fetch manifest reflect-metadata@^0.2.2
28 silly packumentCache full:https://registry.npmjs.org/reflect-metadata cache-miss
29 http fetch GET 200 https://registry.npmjs.org/reflect-metadata 38ms (cache miss)
30 silly packumentCache full:https://registry.npmjs.org/reflect-metadata set size:undefined disposed:false
31 silly fetch manifest rxjs@^7.8.1
32 silly packumentCache full:https://registry.npmjs.org/rxjs cache-miss
33 http fetch GET 200 https://registry.npmjs.org/rxjs 226ms (cache miss)
34 silly packumentCache full:https://registry.npmjs.org/rxjs set size:undefined disposed:false
35 silly fetch manifest @nestjs/core@^11.0.1
36 silly packumentCache full:https://registry.npmjs.org/@nestjs%2fcore cache-miss
37 http fetch GET 200 https://registry.npmjs.org/@nestjs%2fcore 223ms (cache miss)
38 silly packumentCache full:https://registry.npmjs.org/@nestjs%2fcore set size:undefined disposed:false
39 silly fetch manifest @nestjs/microservices@^11.0.0
40 silly packumentCache full:https://registry.npmjs.org/@nestjs%2fmicroservices cache-miss
41 http fetch GET 200 https://registry.npmjs.org/@nestjs%2fmicroservices 486ms (cache miss)
42 silly packumentCache full:https://registry.npmjs.org/@nestjs%2fmicroservices set size:undefined disposed:false
43 silly fetch manifest @grpc/grpc-js@*
44 silly packumentCache full:https://registry.npmjs.org/@grpc%2fgrpc-js cache-miss
45 http fetch GET 200 https://registry.npmjs.org/@grpc%2fgrpc-js 78ms (cache miss)
46 silly packumentCache full:https://registry.npmjs.org/@grpc%2fgrpc-js set size:undefined disposed:false
47 silly fetch manifest @nestjs/websockets@^11.0.0
48 silly packumentCache full:https://registry.npmjs.org/@nestjs%2fwebsockets cache-miss
49 http fetch GET 200 https://registry.npmjs.org/@nestjs%2fwebsockets 320ms (cache miss)
50 silly packumentCache full:https://registry.npmjs.org/@nestjs%2fwebsockets set size:undefined disposed:false
51 silly fetch manifest @nestjs/platform-socket.io@^11.0.0
52 silly packumentCache full:https://registry.npmjs.org/@nestjs%2fplatform-socket.io cache-miss
53 http fetch GET 200 https://registry.npmjs.org/@nestjs%2fplatform-socket.io 352ms (cache miss)
54 silly packumentCache full:https://registry.npmjs.org/@nestjs%2fplatform-socket.io set size:undefined disposed:false
55 silly fetch manifest amqp-connection-manager@*
56 silly packumentCache full:https://registry.npmjs.org/amqp-connection-manager cache-miss
57 http fetch GET 200 https://registry.npmjs.org/amqp-connection-manager 52ms (cache miss)
58 silly packumentCache full:https://registry.npmjs.org/amqp-connection-manager set size:undefined disposed:false
59 silly fetch manifest amqplib@*
60 silly packumentCache full:https://registry.npmjs.org/amqplib cache-miss
61 http fetch GET 200 https://registry.npmjs.org/amqplib 44ms (cache miss)
62 silly packumentCache full:https://registry.npmjs.org/amqplib set size:undefined disposed:false
63 silly fetch manifest cache-manager@*
64 silly packumentCache full:https://registry.npmjs.org/cache-manager cache-miss
65 http fetch GET 200 https://registry.npmjs.org/cache-manager 201ms (cache miss)
66 silly packumentCache full:https://registry.npmjs.org/cache-manager set size:undefined disposed:false
67 silly fetch manifest ioredis@*
68 silly packumentCache full:https://registry.npmjs.org/ioredis cache-miss
69 http fetch GET 200 https://registry.npmjs.org/ioredis 72ms (cache miss)
70 silly packumentCache full:https://registry.npmjs.org/ioredis set size:undefined disposed:false
71 silly fetch manifest kafkajs@*
72 silly packumentCache full:https://registry.npmjs.org/kafkajs cache-miss
73 http fetch GET 200 https://registry.npmjs.org/kafkajs 260ms (cache miss)
74 silly packumentCache full:https://registry.npmjs.org/kafkajs set size:undefined disposed:false
75 silly fetch manifest mqtt@*
76 silly packumentCache full:https://registry.npmjs.org/mqtt cache-miss
77 http fetch GET 200 https://registry.npmjs.org/mqtt 58ms (cache miss)
78 silly packumentCache full:https://registry.npmjs.org/mqtt set size:undefined disposed:false
79 silly fetch manifest nats@*
80 silly packumentCache full:https://registry.npmjs.org/nats cache-miss
81 http fetch GET 200 https://registry.npmjs.org/nats 72ms (cache miss)
82 silly packumentCache full:https://registry.npmjs.org/nats set size:undefined disposed:false
83 silly fetch manifest @nestjs/platform-express@^11.0.1
84 silly packumentCache full:https://registry.npmjs.org/@nestjs%2fplatform-express cache-miss
85 http fetch GET 200 https://registry.npmjs.org/@nestjs%2fplatform-express 248ms (cache miss)
86 silly packumentCache full:https://registry.npmjs.org/@nestjs%2fplatform-express set size:undefined disposed:false
87 silly fetch manifest @eslint/eslintrc@^3.2.0
88 silly packumentCache full:https://registry.npmjs.org/@eslint%2feslintrc cache-miss
89 http fetch GET 200 https://registry.npmjs.org/@eslint%2feslintrc 67ms (cache miss)
90 silly packumentCache full:https://registry.npmjs.org/@eslint%2feslintrc set size:undefined disposed:false
91 silly fetch manifest @eslint/js@^9.18.0
92 silly packumentCache full:https://registry.npmjs.org/@eslint%2fjs cache-miss
93 http fetch GET 200 https://registry.npmjs.org/@eslint%2fjs 62ms (cache miss)
94 silly packumentCache full:https://registry.npmjs.org/@eslint%2fjs set size:undefined disposed:false
95 silly fetch manifest @nestjs/cli@^11.0.0
96 silly packumentCache full:https://registry.npmjs.org/@nestjs%2fcli cache-miss
97 http fetch GET 200 https://registry.npmjs.org/@nestjs%2fcli 465ms (cache miss)
98 silly packumentCache full:https://registry.npmjs.org/@nestjs%2fcli set size:undefined disposed:false
99 silly fetch manifest @swc/cli@^0.1.62 || ^0.3.0 || ^0.4.0 || ^0.5.0 || ^0.6.0 || ^0.7.0 || ^0.8.0
100 silly packumentCache full:https://registry.npmjs.org/@swc%2fcli cache-miss
101 http fetch GET 200 https://registry.npmjs.org/@swc%2fcli 210ms (cache miss)
102 silly packumentCache full:https://registry.npmjs.org/@swc%2fcli set size:undefined disposed:false
103 silly fetch manifest @swc/core@^1.2.66
104 silly packumentCache full:https://registry.npmjs.org/@swc%2fcore cache-miss
105 http fetch GET 200 https://registry.npmjs.org/@swc%2fcore 119ms (cache miss)
106 silly packumentCache full:https://registry.npmjs.org/@swc%2fcore set size:undefined disposed:false
107 silly fetch manifest @swc/helpers@>=0.5.17
108 silly packumentCache full:https://registry.npmjs.org/@swc%2fhelpers cache-miss
109 http fetch GET 200 https://registry.npmjs.org/@swc%2fhelpers 72ms (cache miss)
110 silly packumentCache full:https://registry.npmjs.org/@swc%2fhelpers set size:undefined disposed:false
111 silly fetch manifest chokidar@^5.0.0
112 silly packumentCache full:https://registry.npmjs.org/chokidar cache-miss
113 http fetch GET 200 https://registry.npmjs.org/chokidar 44ms (cache miss)
114 silly packumentCache full:https://registry.npmjs.org/chokidar set size:undefined disposed:false
115 silly fetch manifest @nestjs/schematics@^11.0.0
116 silly packumentCache full:https://registry.npmjs.org/@nestjs%2fschematics cache-miss
117 http fetch GET 200 https://registry.npmjs.org/@nestjs%2fschematics 452ms (cache miss)
118 silly packumentCache full:https://registry.npmjs.org/@nestjs%2fschematics set size:undefined disposed:false
119 silly fetch manifest prettier@^3.4.2
120 silly packumentCache full:https://registry.npmjs.org/prettier cache-miss
121 http fetch GET 200 https://registry.npmjs.org/prettier 54ms (cache miss)
122 silly packumentCache full:https://registry.npmjs.org/prettier set size:undefined disposed:false
123 silly fetch manifest typescript@^5.7.3
124 silly packumentCache full:https://registry.npmjs.org/typescript cache-miss
125 http fetch GET 200 https://registry.npmjs.org/typescript 246ms (cache miss)
126 silly packumentCache full:https://registry.npmjs.org/typescript set size:undefined disposed:false
127 silly fetch manifest @nestjs/testing@^11.0.1
128 silly packumentCache full:https://registry.npmjs.org/@nestjs%2ftesting cache-miss
129 http fetch GET 200 https://registry.npmjs.org/@nestjs%2ftesting 82ms (cache miss)
130 silly packumentCache full:https://registry.npmjs.org/@nestjs%2ftesting set size:undefined disposed:false
131 silly fetch manifest @types/express@^5.0.0
132 silly packumentCache full:https://registry.npmjs.org/@types%2fexpress cache-miss
133 http fetch GET 200 https://registry.npmjs.org/@types%2fexpress 49ms (cache miss)
134 silly packumentCache full:https://registry.npmjs.org/@types%2fexpress set size:undefined disposed:false
135 silly fetch manifest @types/jest@^30.0.0
136 silly packumentCache full:https://registry.npmjs.org/@types%2fjest cache-miss
137 http fetch GET 200 https://registry.npmjs.org/@types%2fjest 201ms (cache miss)
138 silly packumentCache full:https://registry.npmjs.org/@types%2fjest set size:undefined disposed:false
139 silly fetch manifest @types/node@^24.0.0
140 silly packumentCache full:https://registry.npmjs.org/@types%2fnode cache-miss
141 http fetch GET 200 https://registry.npmjs.org/@types%2fnode 178ms (cache miss)
142 silly packumentCache full:https://registry.npmjs.org/@types%2fnode set size:undefined disposed:false
143 silly fetch manifest @types/supertest@^7.0.0
144 silly packumentCache full:https://registry.npmjs.org/@types%2fsupertest cache-miss
145 http fetch GET 200 https://registry.npmjs.org/@types%2fsupertest 195ms (cache miss)
146 silly packumentCache full:https://registry.npmjs.org/@types%2fsupertest set size:undefined disposed:false
147 silly fetch manifest eslint@^9.18.0
148 silly packumentCache full:https://registry.npmjs.org/eslint cache-miss
149 http fetch GET 200 https://registry.npmjs.org/eslint 92ms (cache miss)
150 silly packumentCache full:https://registry.npmjs.org/eslint set size:undefined disposed:false
151 silly fetch manifest jiti@*
152 silly packumentCache full:https://registry.npmjs.org/jiti cache-miss
153 http fetch GET 200 https://registry.npmjs.org/jiti 51ms (cache miss)
154 silly packumentCache full:https://registry.npmjs.org/jiti set size:undefined disposed:false
155 silly fetch manifest eslint-config-prettier@^10.0.1
156 silly packumentCache full:https://registry.npmjs.org/eslint-config-prettier cache-miss
157 http fetch GET 200 https://registry.npmjs.org/eslint-config-prettier 45ms (cache miss)
158 silly packumentCache full:https://registry.npmjs.org/eslint-config-prettier set size:undefined disposed:false
159 silly fetch manifest eslint-plugin-prettier@^5.2.2
160 silly packumentCache full:https://registry.npmjs.org/eslint-plugin-prettier cache-miss
161 http fetch GET 200 https://registry.npmjs.org/eslint-plugin-prettier 41ms (cache miss)
162 silly packumentCache full:https://registry.npmjs.org/eslint-plugin-prettier set size:undefined disposed:false
163 silly fetch manifest @types/eslint@>=8.0.0
164 silly packumentCache full:https://registry.npmjs.org/@types%2feslint cache-miss
165 http fetch GET 200 https://registry.npmjs.org/@types%2feslint 58ms (cache miss)
166 silly packumentCache full:https://registry.npmjs.org/@types%2feslint set size:undefined disposed:false
167 silly fetch manifest globals@^17.0.0
168 silly packumentCache full:https://registry.npmjs.org/globals cache-miss
169 http fetch GET 200 https://registry.npmjs.org/globals 47ms (cache miss)
170 silly packumentCache full:https://registry.npmjs.org/globals set size:undefined disposed:false
171 silly fetch manifest jest@^30.0.0
172 silly packumentCache full:https://registry.npmjs.org/jest cache-miss
173 http fetch GET 200 https://registry.npmjs.org/jest 55ms (cache miss)
174 silly packumentCache full:https://registry.npmjs.org/jest set size:undefined disposed:false
175 silly fetch manifest node-notifier@^8.0.1 || ^9.0.0 || ^10.0.0
176 silly packumentCache full:https://registry.npmjs.org/node-notifier cache-miss
177 http fetch GET 200 https://registry.npmjs.org/node-notifier 42ms (cache miss)
178 silly packumentCache full:https://registry.npmjs.org/node-notifier set size:undefined disposed:false
179 silly fetch manifest source-map-support@^0.5.21
180 silly packumentCache full:https://registry.npmjs.org/source-map-support cache-miss
181 http fetch GET 200 https://registry.npmjs.org/source-map-support 48ms (cache miss)
182 silly packumentCache full:https://registry.npmjs.org/source-map-support set size:undefined disposed:false
183 silly fetch manifest supertest@^7.0.0
184 silly packumentCache full:https://registry.npmjs.org/supertest cache-miss
185 http fetch GET 200 https://registry.npmjs.org/supertest 182ms (cache miss)
186 silly packumentCache full:https://registry.npmjs.org/supertest set size:undefined disposed:false
187 silly fetch manifest ts-jest@^29.2.5
188 silly packumentCache full:https://registry.npmjs.org/ts-jest cache-miss
189 http fetch GET 200 https://registry.npmjs.org/ts-jest 62ms (cache miss)
190 silly packumentCache full:https://registry.npmjs.org/ts-jest set size:undefined disposed:false
191 silly fetch manifest @babel/core@>=7.0.0-beta.0 <8
192 silly packumentCache full:https://registry.npmjs.org/@babel%2fcore cache-miss
193 http fetch GET 200 https://registry.npmjs.org/@babel%2fcore 57ms (cache miss)
194 silly packumentCache full:https://registry.npmjs.org/@babel%2fcore set size:undefined disposed:false
195 silly fetch manifest @jest/transform@^29.0.0 || ^30.0.0
196 silly packumentCache full:https://registry.npmjs.org/@jest%2ftransform cache-miss
197 http fetch GET 200 https://registry.npmjs.org/@jest%2ftransform 61ms (cache miss)
198 silly packumentCache full:https://registry.npmjs.org/@jest%2ftransform set size:undefined disposed:false
199 silly fetch manifest @jest/types@^29.0.0 || ^30.0.0
200 silly packumentCache full:https://registry.npmjs.org/@jest%2ftypes cache-miss
201 http fetch GET 200 https://registry.npmjs.org/@jest%2ftypes 58ms (cache miss)
202 silly packumentCache full:https://registry.npmjs.org/@jest%2ftypes set size:undefined disposed:false
203 silly fetch manifest babel-jest@^29.0.0 || ^30.0.0
204 silly packumentCache full:https://registry.npmjs.org/babel-jest cache-miss
205 http fetch GET 200 https://registry.npmjs.org/babel-jest 64ms (cache miss)
206 silly packumentCache full:https://registry.npmjs.org/babel-jest set size:undefined disposed:false
207 silly fetch manifest jest-util@^29.0.0 || ^30.0.0
208 silly packumentCache full:https://registry.npmjs.org/jest-util cache-miss
209 http fetch GET 200 https://registry.npmjs.org/jest-util 63ms (cache miss)
210 silly packumentCache full:https://registry.npmjs.org/jest-util set size:undefined disposed:false
211 silly fetch manifest ts-loader@^9.5.2
212 silly packumentCache full:https://registry.npmjs.org/ts-loader cache-miss
213 http fetch GET 200 https://registry.npmjs.org/ts-loader 71ms (cache miss)
214 silly packumentCache full:https://registry.npmjs.org/ts-loader set size:undefined disposed:false
215 silly fetch manifest loader-utils@*
216 silly packumentCache full:https://registry.npmjs.org/loader-utils cache-miss
217 http fetch GET 200 https://registry.npmjs.org/loader-utils 50ms (cache miss)
218 silly packumentCache full:https://registry.npmjs.org/loader-utils set size:undefined disposed:false
219 silly fetch manifest webpack@^4.0.0 || ^5.0.0
220 silly packumentCache full:https://registry.npmjs.org/webpack cache-miss
221 http fetch GET 200 https://registry.npmjs.org/webpack 109ms (cache miss)
222 silly packumentCache full:https://registry.npmjs.org/webpack set size:undefined disposed:false
223 silly fetch manifest ts-node@^10.9.2
224 silly packumentCache full:https://registry.npmjs.org/ts-node cache-miss
225 http fetch GET 200 https://registry.npmjs.org/ts-node 51ms (cache miss)
226 silly packumentCache full:https://registry.npmjs.org/ts-node set size:undefined disposed:false
227 silly fetch manifest @swc/core@>=1.2.50
228 silly packumentCache full:https://registry.npmjs.org/@swc%2fcore cache-miss
229 http cache https://registry.npmjs.org/@swc%2fcore 7ms (cache hit)
230 silly packumentCache full:https://registry.npmjs.org/@swc%2fcore set size:4049513 disposed:false
231 silly fetch manifest @swc/wasm@>=1.2.50
232 silly packumentCache full:https://registry.npmjs.org/@swc%2fwasm cache-miss
233 http fetch GET 200 https://registry.npmjs.org/@swc%2fwasm 329ms (cache miss)
234 silly packumentCache full:https://registry.npmjs.org/@swc%2fwasm set size:undefined disposed:false
235 silly fetch manifest tsconfig-paths@^4.2.0
236 silly packumentCache full:https://registry.npmjs.org/tsconfig-paths cache-miss
237 http fetch GET 200 https://registry.npmjs.org/tsconfig-paths 46ms (cache miss)
238 silly packumentCache full:https://registry.npmjs.org/tsconfig-paths set size:undefined disposed:false
239 silly fetch manifest typescript-eslint@^8.20.0
240 silly packumentCache full:https://registry.npmjs.org/typescript-eslint cache-miss
241 http fetch GET 200 https://registry.npmjs.org/typescript-eslint 104ms (cache miss)
242 silly packumentCache full:https://registry.npmjs.org/typescript-eslint set size:undefined disposed:false
243 silly placeDep ROOT @eslint/eslintrc@3.3.6 OK for: store_api@0.0.1 want: ^3.2.0
244 silly placeDep ROOT @eslint/js@9.39.5 OK for: store_api@0.0.1 want: ^9.18.0
245 silly placeDep ROOT @nestjs/cli@11.0.24 OK for: store_api@0.0.1 want: ^11.0.0
246 silly placeDep ROOT @nestjs/common@11.1.28 OK for: store_api@0.0.1 want: ^11.0.1
247 silly placeDep ROOT reflect-metadata@0.2.2 OK for: @nestjs/common@11.1.28 want: ^0.1.12 || ^0.2.0
248 silly placeDep ROOT rxjs@7.8.2 OK for: @nestjs/common@11.1.28 want: ^7.1.0
249 silly placeDep ROOT @nestjs/core@11.1.28 OK for: store_api@0.0.1 want: ^11.0.1
250 silly placeDep ROOT @nestjs/platform-express@11.1.28 OK for: store_api@0.0.1 want: ^11.0.1
251 silly placeDep ROOT @nestjs/schematics@11.1.0 OK for: store_api@0.0.1 want: ^11.0.0
252 silly placeDep ROOT typescript@5.9.3 OK for: @nestjs/schematics@11.1.0 want: >=4.8.2
253 silly placeDep ROOT @nestjs/testing@11.1.28 OK for: store_api@0.0.1 want: ^11.0.1
254 silly placeDep ROOT @types/express@5.0.6 OK for: store_api@0.0.1 want: ^5.0.0
255 silly placeDep ROOT @types/jest@30.0.0 OK for: store_api@0.0.1 want: ^30.0.0
256 silly placeDep ROOT @types/node@24.13.3 OK for: store_api@0.0.1 want: ^24.0.0
257 silly placeDep ROOT @types/supertest@7.2.1 OK for: store_api@0.0.1 want: ^7.0.0
258 silly placeDep ROOT eslint@9.39.5 OK for: store_api@0.0.1 want: ^9.18.0
259 silly placeDep ROOT eslint-config-prettier@10.1.8 OK for: store_api@0.0.1 want: ^10.0.1
260 silly placeDep ROOT eslint-plugin-prettier@5.5.6 OK for: store_api@0.0.1 want: ^5.2.2
261 silly placeDep ROOT prettier@3.9.5 OK for: eslint-plugin-prettier@5.5.6 want: >=3.0.0
262 silly placeDep ROOT globals@17.7.0 OK for: store_api@0.0.1 want: ^17.0.0
263 silly placeDep ROOT jest@30.4.2 OK for: store_api@0.0.1 want: ^30.0.0
264 silly placeDep ROOT source-map-support@0.5.21 OK for: store_api@0.0.1 want: ^0.5.21
265 silly placeDep ROOT supertest@7.2.2 OK for: store_api@0.0.1 want: ^7.0.0
266 silly placeDep ROOT ts-jest@29.4.11 OK for: store_api@0.0.1 want: ^29.2.5
267 silly placeDep ROOT ts-loader@9.6.2 OK for: store_api@0.0.1 want: ^9.5.2
268 silly placeDep ROOT webpack@5.108.4 OK for: ts-loader@9.6.2 want: ^4.0.0 || ^5.0.0
269 silly placeDep ROOT ts-node@10.9.2 OK for: store_api@0.0.1 want: ^10.9.2
270 silly placeDep ROOT tsconfig-paths@4.2.0 OK for: store_api@0.0.1 want: ^4.2.0
271 silly placeDep ROOT typescript-eslint@8.64.0 OK for: store_api@0.0.1 want: ^8.20.0
272 silly fetch manifest ajv@^6.14.0
273 silly packumentCache full:https://registry.npmjs.org/ajv cache-miss
274 silly fetch manifest debug@^4.3.2
275 silly packumentCache full:https://registry.npmjs.org/debug cache-miss
276 silly fetch manifest espree@^10.0.1
277 silly packumentCache full:https://registry.npmjs.org/espree cache-miss
278 silly fetch manifest globals@^14.0.0
279 silly packumentCache full:https://registry.npmjs.org/globals cache-miss
280 silly fetch manifest ignore@^5.2.0
281 silly packumentCache full:https://registry.npmjs.org/ignore cache-miss
282 silly fetch manifest import-fresh@^3.2.1
283 silly packumentCache full:https://registry.npmjs.org/import-fresh cache-miss
284 silly fetch manifest js-yaml@^4.3.0
285 silly packumentCache full:https://registry.npmjs.org/js-yaml cache-miss
286 http cache https://registry.npmjs.org/globals 43ms (cache hit)
287 silly packumentCache full:https://registry.npmjs.org/globals set size:319673 disposed:false
288 silly fetch manifest minimatch@^3.1.5
289 silly packumentCache full:https://registry.npmjs.org/minimatch cache-miss
290 http fetch GET 200 https://registry.npmjs.org/debug 56ms (cache miss)
291 silly packumentCache full:https://registry.npmjs.org/debug set size:undefined disposed:false
292 silly fetch manifest strip-json-comments@^3.1.1
293 silly packumentCache full:https://registry.npmjs.org/strip-json-comments cache-miss
294 http fetch GET 200 https://registry.npmjs.org/ajv 73ms (cache miss)
295 silly packumentCache full:https://registry.npmjs.org/ajv set size:undefined disposed:false
296 silly fetch manifest @angular-devkit/core@19.2.27
297 silly packumentCache full:https://registry.npmjs.org/@angular-devkit%2fcore cache-miss
298 http fetch GET 200 https://registry.npmjs.org/minimatch 44ms (cache miss)
299 silly packumentCache full:https://registry.npmjs.org/minimatch set size:undefined disposed:false
300 silly fetch manifest @angular-devkit/schematics@19.2.27
301 silly packumentCache full:https://registry.npmjs.org/@angular-devkit%2fschematics cache-miss
302 http fetch GET 200 https://registry.npmjs.org/strip-json-comments 47ms (cache miss)
303 silly packumentCache full:https://registry.npmjs.org/strip-json-comments set size:undefined disposed:false
304 silly fetch manifest @angular-devkit/schematics-cli@19.2.27
305 silly packumentCache full:https://registry.npmjs.org/@angular-devkit%2fschematics-cli cache-miss
306 http fetch GET 200 https://registry.npmjs.org/import-fresh 164ms (cache miss)
307 silly packumentCache full:https://registry.npmjs.org/import-fresh set size:undefined disposed:false
308 silly fetch manifest @inquirer/prompts@7.10.1
309 silly packumentCache full:https://registry.npmjs.org/@inquirer%2fprompts cache-miss
310 http fetch GET 200 https://registry.npmjs.org/js-yaml 180ms (cache miss)
311 silly packumentCache full:https://registry.npmjs.org/js-yaml set size:undefined disposed:false
312 silly fetch manifest @nestjs/schematics@^11.0.1
313 silly packumentCache full:https://registry.npmjs.org/@nestjs%2fschematics cache-miss
314 http fetch GET 200 https://registry.npmjs.org/ignore 183ms (cache miss)
315 silly packumentCache full:https://registry.npmjs.org/ignore set size:undefined disposed:false
316 silly fetch manifest ansis@4.2.0
317 silly packumentCache full:https://registry.npmjs.org/ansis cache-miss
318 http cache https://registry.npmjs.org/@nestjs%2fschematics 4ms (cache hit)
319 silly packumentCache full:https://registry.npmjs.org/@nestjs%2fschematics set size:544066 disposed:false
320 silly fetch manifest chokidar@4.0.3
321 silly packumentCache full:https://registry.npmjs.org/chokidar cache-miss
322 http fetch GET 200 https://registry.npmjs.org/espree 189ms (cache miss)
323 silly packumentCache full:https://registry.npmjs.org/espree set size:undefined disposed:false
324 silly fetch manifest cli-table3@0.6.5
325 silly packumentCache full:https://registry.npmjs.org/cli-table3 cache-miss
326 http cache https://registry.npmjs.org/chokidar 5ms (cache hit)
327 silly packumentCache full:https://registry.npmjs.org/chokidar set size:255902 disposed:false
328 silly fetch manifest commander@4.1.1
329 silly packumentCache full:https://registry.npmjs.org/commander cache-miss
330 http fetch GET 200 https://registry.npmjs.org/@angular-devkit%2fschematics 105ms (cache miss)
331 silly packumentCache full:https://registry.npmjs.org/@angular-devkit%2fschematics set size:undefined disposed:false
332 silly fetch manifest fork-ts-checker-webpack-plugin@9.1.0
333 silly packumentCache full:https://registry.npmjs.org/fork-ts-checker-webpack-plugin cache-miss
334 http fetch GET 200 https://registry.npmjs.org/cli-table3 40ms (cache miss)
335 silly packumentCache full:https://registry.npmjs.org/cli-table3 set size:undefined disposed:false
336 silly fetch manifest glob@13.0.6
337 silly packumentCache full:https://registry.npmjs.org/glob cache-miss
338 http fetch GET 200 https://registry.npmjs.org/commander 52ms (cache miss)
339 silly packumentCache full:https://registry.npmjs.org/commander set size:undefined disposed:false
340 silly fetch manifest node-emoji@1.11.0
341 silly packumentCache full:https://registry.npmjs.org/node-emoji cache-miss
342 http fetch GET 200 https://registry.npmjs.org/fork-ts-checker-webpack-plugin 54ms (cache miss)
343 silly packumentCache full:https://registry.npmjs.org/fork-ts-checker-webpack-plugin set size:undefined disposed:false
344 silly fetch manifest ora@5.4.1
345 silly packumentCache full:https://registry.npmjs.org/ora cache-miss
346 http fetch GET 200 https://registry.npmjs.org/glob 51ms (cache miss)
347 silly packumentCache full:https://registry.npmjs.org/glob set size:undefined disposed:false
348 silly fetch manifest tsconfig-paths@4.2.0
349 silly packumentCache full:https://registry.npmjs.org/tsconfig-paths cache-miss
350 http cache https://registry.npmjs.org/tsconfig-paths 3ms (cache hit)
351 silly packumentCache full:https://registry.npmjs.org/tsconfig-paths set size:192565 disposed:false
352 silly fetch manifest tsconfig-paths-webpack-plugin@4.2.0
353 silly packumentCache full:https://registry.npmjs.org/tsconfig-paths-webpack-plugin cache-miss
354 http fetch GET 200 https://registry.npmjs.org/ora 38ms (cache miss)
355 silly packumentCache full:https://registry.npmjs.org/ora set size:undefined disposed:false
356 silly fetch manifest typescript@5.9.3
357 silly packumentCache full:https://registry.npmjs.org/typescript cache-miss
358 http fetch GET 200 https://registry.npmjs.org/@angular-devkit%2fcore 224ms (cache miss)
359 silly packumentCache full:https://registry.npmjs.org/@angular-devkit%2fcore set size:undefined disposed:false
360 silly fetch manifest webpack@5.106.2
361 silly packumentCache full:https://registry.npmjs.org/webpack cache-miss
362 http cache https://registry.npmjs.org/typescript 22ms (cache hit)
363 silly packumentCache full:https://registry.npmjs.org/typescript set size:15443961 disposed:false
364 silly fetch manifest webpack-node-externals@3.0.0
365 silly packumentCache full:https://registry.npmjs.org/webpack-node-externals cache-miss
366 http cache https://registry.npmjs.org/webpack 64ms (cache hit)
367 silly packumentCache full:https://registry.npmjs.org/webpack set size:5090723 disposed:false
368 silly fetch manifest file-type@21.3.4
369 silly packumentCache full:https://registry.npmjs.org/file-type cache-miss
370 http fetch GET 200 https://registry.npmjs.org/@inquirer%2fprompts 230ms (cache miss)
371 silly packumentCache full:https://registry.npmjs.org/@inquirer%2fprompts set size:undefined disposed:false
372 silly fetch manifest iterare@1.2.1
373 silly packumentCache full:https://registry.npmjs.org/iterare cache-miss
374 http fetch GET 200 https://registry.npmjs.org/ansis 214ms (cache miss)
375 silly packumentCache full:https://registry.npmjs.org/ansis set size:undefined disposed:false
376 silly fetch manifest load-esm@1.0.3
377 silly packumentCache full:https://registry.npmjs.org/load-esm cache-miss
378 http fetch GET 200 https://registry.npmjs.org/node-emoji 191ms (cache miss)
379 silly packumentCache full:https://registry.npmjs.org/node-emoji set size:undefined disposed:false
380 silly fetch manifest tslib@2.8.1
381 silly packumentCache full:https://registry.npmjs.org/tslib cache-miss
382 http fetch GET 200 https://registry.npmjs.org/file-type 51ms (cache miss)
383 silly packumentCache full:https://registry.npmjs.org/file-type set size:undefined disposed:false
384 silly fetch manifest uid@2.0.2
385 silly packumentCache full:https://registry.npmjs.org/uid cache-miss
386 http fetch GET 200 https://registry.npmjs.org/tsconfig-paths-webpack-plugin 192ms (cache miss)
387 silly packumentCache full:https://registry.npmjs.org/tsconfig-paths-webpack-plugin set size:undefined disposed:false
388 silly fetch manifest tslib@^2.1.0
389 silly packumentCache full:https://registry.npmjs.org/tslib cache-miss
390 http fetch GET 200 https://registry.npmjs.org/tslib 39ms (cache miss)
391 silly packumentCache full:https://registry.npmjs.org/tslib set size:undefined disposed:false
392 silly fetch manifest fast-safe-stringify@2.1.1
393 silly packumentCache full:https://registry.npmjs.org/fast-safe-stringify cache-miss
394 http fetch GET 200 https://registry.npmjs.org/@angular-devkit%2fschematics-cli 386ms (cache miss)
395 silly packumentCache full:https://registry.npmjs.org/@angular-devkit%2fschematics-cli set size:undefined disposed:false
396 silly fetch manifest iterare@1.2.1
397 silly packumentCache full:https://registry.npmjs.org/iterare cache-miss
398 http fetch GET 200 https://registry.npmjs.org/fast-safe-stringify 38ms (cache miss)
399 silly packumentCache full:https://registry.npmjs.org/fast-safe-stringify set size:undefined disposed:false
400 silly fetch manifest path-to-regexp@8.4.2
401 silly packumentCache full:https://registry.npmjs.org/path-to-regexp cache-miss
402 http fetch GET 200 https://registry.npmjs.org/tslib 42ms (cache miss)
403 silly packumentCache full:https://registry.npmjs.org/tslib set size:undefined disposed:false
404 silly fetch manifest uid@2.0.2
405 silly packumentCache full:https://registry.npmjs.org/uid cache-miss
406 http fetch GET 200 https://registry.npmjs.org/webpack-node-externals 174ms (cache miss)
407 silly packumentCache full:https://registry.npmjs.org/webpack-node-externals set size:undefined disposed:false
408 silly fetch manifest cors@2.8.6
409 silly packumentCache full:https://registry.npmjs.org/cors cache-miss
410 http fetch GET 200 https://registry.npmjs.org/path-to-regexp 37ms (cache miss)
411 silly packumentCache full:https://registry.npmjs.org/path-to-regexp set size:undefined disposed:false
412 silly fetch manifest express@5.2.1
413 silly packumentCache full:https://registry.npmjs.org/express cache-miss
414 http fetch GET 200 https://registry.npmjs.org/iterare 169ms (cache miss)
415 silly packumentCache full:https://registry.npmjs.org/iterare set size:undefined disposed:false
416 silly fetch manifest multer@2.2.0
417 silly packumentCache full:https://registry.npmjs.org/multer cache-miss
418 http fetch GET 200 https://registry.npmjs.org/iterare 69ms (cache miss)
419 silly packumentCache full:https://registry.npmjs.org/iterare set size:undefined disposed:false
420 silly fetch manifest pluralize@8.0.0
421 silly packumentCache full:https://registry.npmjs.org/pluralize cache-miss
422 http fetch GET 200 https://registry.npmjs.org/cors 36ms (cache miss)
423 silly packumentCache full:https://registry.npmjs.org/cors set size:undefined disposed:false
424 silly fetch manifest comment-json@5.0.0
425 silly packumentCache full:https://registry.npmjs.org/comment-json cache-miss
426 http fetch GET 200 https://registry.npmjs.org/load-esm 184ms (cache miss)
427 silly packumentCache full:https://registry.npmjs.org/load-esm set size:undefined disposed:false
428 silly fetch manifest jsonc-parser@3.3.1
429 silly packumentCache full:https://registry.npmjs.org/jsonc-parser cache-miss
430 http fetch GET 200 https://registry.npmjs.org/multer 42ms (cache miss)
431 silly packumentCache full:https://registry.npmjs.org/multer set size:undefined disposed:false
432 silly fetch manifest @angular-devkit/core@19.2.24
433 silly packumentCache full:https://registry.npmjs.org/@angular-devkit%2fcore cache-miss
434 http fetch GET 200 https://registry.npmjs.org/express 55ms (cache miss)
435 silly packumentCache full:https://registry.npmjs.org/express set size:undefined disposed:false
436 silly fetch manifest @angular-devkit/schematics@19.2.24
437 silly packumentCache full:https://registry.npmjs.org/@angular-devkit%2fschematics cache-miss
438 http cache https://registry.npmjs.org/@angular-devkit%2fcore 8ms (cache hit)
439 silly packumentCache full:https://registry.npmjs.org/@angular-devkit%2fcore set size:2419918 disposed:false
440 silly fetch manifest @types/body-parser@*
441 silly packumentCache full:https://registry.npmjs.org/@types%2fbody-parser cache-miss
442 http cache https://registry.npmjs.org/@angular-devkit%2fschematics 12ms (cache hit)
443 silly packumentCache full:https://registry.npmjs.org/@angular-devkit%2fschematics set size:2362310 disposed:false
444 silly fetch manifest @types/serve-static@^2
445 silly packumentCache full:https://registry.npmjs.org/@types%2fserve-static cache-miss
446 http fetch GET 200 https://registry.npmjs.org/comment-json 63ms (cache miss)
447 silly packumentCache full:https://registry.npmjs.org/comment-json set size:undefined disposed:false
448 silly fetch manifest @types/express-serve-static-core@^5.0.0
449 silly packumentCache full:https://registry.npmjs.org/@types%2fexpress-serve-static-core cache-miss
450 http fetch GET 200 https://registry.npmjs.org/uid 121ms (cache miss)
451 silly packumentCache full:https://registry.npmjs.org/uid set size:undefined disposed:false
452 silly fetch manifest expect@^30.0.0
453 silly packumentCache full:https://registry.npmjs.org/expect cache-miss
454 http fetch GET 200 https://registry.npmjs.org/uid 195ms (cache miss)
455 silly packumentCache full:https://registry.npmjs.org/uid set size:undefined disposed:false
456 silly fetch manifest pretty-format@^30.0.0
457 silly packumentCache full:https://registry.npmjs.org/pretty-format cache-miss
458 http fetch GET 200 https://registry.npmjs.org/jsonc-parser 58ms (cache miss)
459 silly packumentCache full:https://registry.npmjs.org/jsonc-parser set size:undefined disposed:false
460 silly fetch manifest undici-types@~7.18.0
461 silly packumentCache full:https://registry.npmjs.org/undici-types cache-miss
462 http fetch GET 200 https://registry.npmjs.org/@types%2fbody-parser 50ms (cache miss)
463 silly packumentCache full:https://registry.npmjs.org/@types%2fbody-parser set size:undefined disposed:false
464 silly fetch manifest @types/methods@^1.1.4
465 silly packumentCache full:https://registry.npmjs.org/@types%2fmethods cache-miss
466 http fetch GET 200 https://registry.npmjs.org/@types%2fexpress-serve-static-core 44ms (cache miss)
467 silly packumentCache full:https://registry.npmjs.org/@types%2fexpress-serve-static-core set size:undefined disposed:false
468 silly fetch manifest @types/superagent@^8.1.0
469 silly packumentCache full:https://registry.npmjs.org/@types%2fsuperagent cache-miss
470 http fetch GET 200 https://registry.npmjs.org/undici-types 41ms (cache miss)
471 silly packumentCache full:https://registry.npmjs.org/undici-types set size:undefined disposed:false
472 silly fetch manifest chalk@^4.0.0
473 silly packumentCache full:https://registry.npmjs.org/chalk cache-miss
474 http fetch GET 200 https://registry.npmjs.org/pretty-format 60ms (cache miss)
475 silly packumentCache full:https://registry.npmjs.org/pretty-format set size:undefined disposed:false
476 silly fetch manifest espree@^10.4.0
477 silly packumentCache full:https://registry.npmjs.org/espree cache-miss
478 http cache https://registry.npmjs.org/espree 2ms (cache hit)
479 silly packumentCache full:https://registry.npmjs.org/espree set size:326080 disposed:false
480 silly fetch manifest esquery@^1.5.0
481 silly packumentCache full:https://registry.npmjs.org/esquery cache-miss
482 http fetch GET 200 https://registry.npmjs.org/expect 71ms (cache miss)
483 silly packumentCache full:https://registry.npmjs.org/expect set size:undefined disposed:false
484 silly fetch manifest esutils@^2.0.2
485 silly packumentCache full:https://registry.npmjs.org/esutils cache-miss
486 http fetch GET 200 https://registry.npmjs.org/@types%2fmethods 40ms (cache miss)
487 silly packumentCache full:https://registry.npmjs.org/@types%2fmethods set size:undefined disposed:false
488 silly fetch manifest find-up@^5.0.0
489 silly packumentCache full:https://registry.npmjs.org/find-up cache-miss
490 http fetch GET 200 https://registry.npmjs.org/chalk 42ms (cache miss)
491 silly packumentCache full:https://registry.npmjs.org/chalk set size:undefined disposed:false
492 silly fetch manifest is-glob@^4.0.0
493 silly packumentCache full:https://registry.npmjs.org/is-glob cache-miss
494 http fetch GET 200 https://registry.npmjs.org/esquery 40ms (cache miss)
495 silly packumentCache full:https://registry.npmjs.org/esquery set size:undefined disposed:false
496 silly fetch manifest optionator@^0.9.3
497 silly packumentCache full:https://registry.npmjs.org/optionator cache-miss
498 http fetch GET 200 https://registry.npmjs.org/esutils 42ms (cache miss)
499 silly packumentCache full:https://registry.npmjs.org/esutils set size:undefined disposed:false
500 silly fetch manifest cross-spawn@^7.0.6
501 silly packumentCache full:https://registry.npmjs.org/cross-spawn cache-miss
502 http fetch GET 200 https://registry.npmjs.org/pluralize 195ms (cache miss)
503 silly packumentCache full:https://registry.npmjs.org/pluralize set size:undefined disposed:false
504 silly fetch manifest glob-parent@^6.0.2
505 silly packumentCache full:https://registry.npmjs.org/glob-parent cache-miss
506 http fetch GET 200 https://registry.npmjs.org/find-up 52ms (cache miss)
507 silly packumentCache full:https://registry.npmjs.org/find-up set size:undefined disposed:false
508 silly fetch manifest imurmurhash@^0.1.4
509 silly packumentCache full:https://registry.npmjs.org/imurmurhash cache-miss
510 http fetch GET 200 https://registry.npmjs.org/is-glob 45ms (cache miss)
511 silly packumentCache full:https://registry.npmjs.org/is-glob set size:undefined disposed:false
512 silly fetch manifest @eslint/core@^0.17.0
513 silly packumentCache full:https://registry.npmjs.org/@eslint%2fcore cache-miss
514 http fetch GET 200 https://registry.npmjs.org/glob-parent 41ms (cache miss)
515 silly packumentCache full:https://registry.npmjs.org/glob-parent set size:undefined disposed:false
516 silly fetch manifest eslint-scope@^8.4.0
517 silly packumentCache full:https://registry.npmjs.org/eslint-scope cache-miss
518 http fetch GET 200 https://registry.npmjs.org/optionator 59ms (cache miss)
519 silly packumentCache full:https://registry.npmjs.org/optionator set size:undefined disposed:false
520 silly fetch manifest lodash.merge@^4.6.2
521 silly packumentCache full:https://registry.npmjs.org/lodash.merge cache-miss
522 http fetch GET 200 https://registry.npmjs.org/cross-spawn 51ms (cache miss)
523 silly packumentCache full:https://registry.npmjs.org/cross-spawn set size:undefined disposed:false
524 silly fetch manifest @humanfs/node@^0.16.6
525 silly packumentCache full:https://registry.npmjs.org/@humanfs%2fnode cache-miss
526 http fetch GET 200 https://registry.npmjs.org/imurmurhash 41ms (cache miss)
527 silly packumentCache full:https://registry.npmjs.org/imurmurhash set size:undefined disposed:false
528 silly fetch manifest @types/estree@^1.0.6
529 silly packumentCache full:https://registry.npmjs.org/@types%2festree cache-miss
530 http fetch GET 200 https://registry.npmjs.org/@eslint%2fcore 50ms (cache miss)
531 silly packumentCache full:https://registry.npmjs.org/@eslint%2fcore set size:undefined disposed:false
532 silly fetch manifest fast-deep-equal@^3.1.3
533 silly packumentCache full:https://registry.npmjs.org/fast-deep-equal cache-miss
534 http fetch GET 200 https://registry.npmjs.org/@types%2fserve-static 195ms (cache miss)
535 silly packumentCache full:https://registry.npmjs.org/@types%2fserve-static set size:undefined disposed:false
536 silly fetch manifest natural-compare@^1.4.0
537 silly packumentCache full:https://registry.npmjs.org/natural-compare cache-miss
538 http fetch GET 200 https://registry.npmjs.org/eslint-scope 38ms (cache miss)
539 silly packumentCache full:https://registry.npmjs.org/eslint-scope set size:undefined disposed:false
540 silly fetch manifest file-entry-cache@^8.0.0
541 silly packumentCache full:https://registry.npmjs.org/file-entry-cache cache-miss
542 http fetch GET 200 https://registry.npmjs.org/lodash.merge 37ms (cache miss)
543 silly packumentCache full:https://registry.npmjs.org/lodash.merge set size:undefined disposed:false
544 silly fetch manifest @eslint/plugin-kit@^0.4.1
545 silly packumentCache full:https://registry.npmjs.org/@eslint%2fplugin-kit cache-miss
546 http fetch GET 200 https://registry.npmjs.org/@humanfs%2fnode 40ms (cache miss)
547 silly packumentCache full:https://registry.npmjs.org/@humanfs%2fnode set size:undefined disposed:false
548 silly fetch manifest eslint-visitor-keys@^4.2.1
549 silly packumentCache full:https://registry.npmjs.org/eslint-visitor-keys cache-miss
550 http fetch GET 200 https://registry.npmjs.org/@types%2festree 39ms (cache miss)
551 silly packumentCache full:https://registry.npmjs.org/@types%2festree set size:undefined disposed:false
552 silly fetch manifest @eslint/config-array@^0.21.2
553 silly packumentCache full:https://registry.npmjs.org/@eslint%2fconfig-array cache-miss
554 http fetch GET 200 https://registry.npmjs.org/fast-deep-equal 34ms (cache miss)
555 silly packumentCache full:https://registry.npmjs.org/fast-deep-equal set size:undefined disposed:false
556 silly fetch manifest @humanwhocodes/retry@^0.4.2
557 silly packumentCache full:https://registry.npmjs.org/@humanwhocodes%2fretry cache-miss
558 http fetch GET 200 https://registry.npmjs.org/natural-compare 37ms (cache miss)
559 silly packumentCache full:https://registry.npmjs.org/natural-compare set size:undefined disposed:false
560 silly fetch manifest escape-string-regexp@^4.0.0
561 silly packumentCache full:https://registry.npmjs.org/escape-string-regexp cache-miss
562 http fetch GET 200 https://registry.npmjs.org/file-entry-cache 40ms (cache miss)
563 silly packumentCache full:https://registry.npmjs.org/file-entry-cache set size:undefined disposed:false
564 silly fetch manifest @eslint/config-helpers@^0.4.2
565 silly packumentCache full:https://registry.npmjs.org/@eslint%2fconfig-helpers cache-miss
566 http fetch GET 200 https://registry.npmjs.org/eslint-visitor-keys 36ms (cache miss)
567 silly packumentCache full:https://registry.npmjs.org/eslint-visitor-keys set size:undefined disposed:false
568 silly fetch manifest @eslint-community/regexpp@^4.12.1
569 silly packumentCache full:https://registry.npmjs.org/@eslint-community%2fregexpp cache-miss
570 http fetch GET 200 https://registry.npmjs.org/@eslint%2fplugin-kit 43ms (cache miss)
571 silly packumentCache full:https://registry.npmjs.org/@eslint%2fplugin-kit set size:undefined disposed:false
572 silly fetch manifest @eslint-community/eslint-utils@^4.8.0
573 silly packumentCache full:https://registry.npmjs.org/@eslint-community%2feslint-utils cache-miss
574 http fetch GET 200 https://registry.npmjs.org/@eslint%2fconfig-array 42ms (cache miss)
575 silly packumentCache full:https://registry.npmjs.org/@eslint%2fconfig-array set size:undefined disposed:false
576 silly fetch manifest @humanwhocodes/module-importer@^1.0.1
577 silly packumentCache full:https://registry.npmjs.org/@humanwhocodes%2fmodule-importer cache-miss
578 http fetch GET 200 https://registry.npmjs.org/escape-string-regexp 32ms (cache miss)
579 silly packumentCache full:https://registry.npmjs.org/escape-string-regexp set size:undefined disposed:false
580 silly fetch manifest json-stable-stringify-without-jsonify@^1.0.1
581 silly packumentCache full:https://registry.npmjs.org/json-stable-stringify-without-jsonify cache-miss
582 http fetch GET 200 https://registry.npmjs.org/@humanwhocodes%2fretry 41ms (cache miss)
583 silly packumentCache full:https://registry.npmjs.org/@humanwhocodes%2fretry set size:undefined disposed:false
584 silly fetch manifest prettier-linter-helpers@^1.0.1
585 silly packumentCache full:https://registry.npmjs.org/prettier-linter-helpers cache-miss
586 http fetch GET 200 https://registry.npmjs.org/@eslint%2fconfig-helpers 43ms (cache miss)
587 silly packumentCache full:https://registry.npmjs.org/@eslint%2fconfig-helpers set size:undefined disposed:false
588 silly fetch manifest synckit@^0.11.13
589 silly packumentCache full:https://registry.npmjs.org/synckit cache-miss
590 http fetch GET 200 https://registry.npmjs.org/@eslint-community%2feslint-utils 45ms (cache miss)
591 silly packumentCache full:https://registry.npmjs.org/@eslint-community%2feslint-utils set size:undefined disposed:false
592 silly fetch manifest @jest/core@30.4.2
593 silly packumentCache full:https://registry.npmjs.org/@jest%2fcore cache-miss
594 http fetch GET 200 https://registry.npmjs.org/json-stable-stringify-without-jsonify 34ms (cache miss)
595 silly packumentCache full:https://registry.npmjs.org/json-stable-stringify-without-jsonify set size:undefined disposed:false
596 silly fetch manifest @jest/types@30.4.1
597 silly packumentCache full:https://registry.npmjs.org/@jest%2ftypes cache-miss
598 http fetch GET 200 https://registry.npmjs.org/@humanwhocodes%2fmodule-importer 42ms (cache miss)
599 silly packumentCache full:https://registry.npmjs.org/@humanwhocodes%2fmodule-importer set size:undefined disposed:false
600 silly fetch manifest import-local@^3.2.0
601 silly packumentCache full:https://registry.npmjs.org/import-local cache-miss
602 http cache https://registry.npmjs.org/@jest%2ftypes 3ms (cache hit)
603 silly packumentCache full:https://registry.npmjs.org/@jest%2ftypes set size:292365 disposed:false
604 silly fetch manifest jest-cli@30.4.2
605 silly packumentCache full:https://registry.npmjs.org/jest-cli cache-miss
606 http fetch GET 200 https://registry.npmjs.org/prettier-linter-helpers 38ms (cache miss)
607 silly packumentCache full:https://registry.npmjs.org/prettier-linter-helpers set size:undefined disposed:false
608 silly fetch manifest buffer-from@^1.0.0
609 silly packumentCache full:https://registry.npmjs.org/buffer-from cache-miss
610 http fetch GET 200 https://registry.npmjs.org/@eslint-community%2fregexpp 57ms (cache miss)
611 silly packumentCache full:https://registry.npmjs.org/@eslint-community%2fregexpp set size:undefined disposed:false
612 silly fetch manifest source-map@^0.6.0
613 silly packumentCache full:https://registry.npmjs.org/source-map cache-miss
614 http fetch GET 200 https://registry.npmjs.org/synckit 40ms (cache miss)
615 silly packumentCache full:https://registry.npmjs.org/synckit set size:undefined disposed:false
616 silly fetch manifest methods@^1.1.2
617 silly packumentCache full:https://registry.npmjs.org/methods cache-miss
618 http fetch GET 200 https://registry.npmjs.org/source-map 37ms (cache miss)
619 silly packumentCache full:https://registry.npmjs.org/source-map set size:undefined disposed:false
620 silly fetch manifest superagent@^10.3.0
621 silly packumentCache full:https://registry.npmjs.org/superagent cache-miss
622 http fetch GET 200 https://registry.npmjs.org/@jest%2fcore 62ms (cache miss)
623 silly packumentCache full:https://registry.npmjs.org/@jest%2fcore set size:undefined disposed:false
624 silly fetch manifest cookie-signature@^1.2.2
625 silly packumentCache full:https://registry.npmjs.org/cookie-signature cache-miss
626 http fetch GET 200 https://registry.npmjs.org/methods 34ms (cache miss)
627 silly packumentCache full:https://registry.npmjs.org/methods set size:undefined disposed:false
628 silly fetch manifest bs-logger@^0.2.6
629 silly packumentCache full:https://registry.npmjs.org/bs-logger cache-miss
630 http fetch GET 200 https://registry.npmjs.org/@types%2fsuperagent 330ms (cache miss)
631 silly packumentCache full:https://registry.npmjs.org/@types%2fsuperagent set size:undefined disposed:false
632 silly fetch manifest fast-json-stable-stringify@^2.1.0
633 silly packumentCache full:https://registry.npmjs.org/fast-json-stable-stringify cache-miss
634 http fetch GET 200 https://registry.npmjs.org/superagent 46ms (cache miss)
635 silly packumentCache full:https://registry.npmjs.org/superagent set size:undefined disposed:false
636 silly fetch manifest handlebars@^4.7.9
637 silly packumentCache full:https://registry.npmjs.org/handlebars cache-miss
638 http fetch GET 200 https://registry.npmjs.org/jest-cli 93ms (cache miss)
639 silly packumentCache full:https://registry.npmjs.org/jest-cli set size:undefined disposed:false
640 silly fetch manifest json5@^2.2.3
641 silly packumentCache full:https://registry.npmjs.org/json5 cache-miss
642 http fetch GET 200 https://registry.npmjs.org/cookie-signature 39ms (cache miss)
643 silly packumentCache full:https://registry.npmjs.org/cookie-signature set size:undefined disposed:false
644 silly fetch manifest lodash.memoize@^4.1.2
645 silly packumentCache full:https://registry.npmjs.org/lodash.memoize cache-miss
646 http fetch GET 200 https://registry.npmjs.org/bs-logger 38ms (cache miss)
647 silly packumentCache full:https://registry.npmjs.org/bs-logger set size:undefined disposed:false
648 silly fetch manifest make-error@^1.3.6
649 silly packumentCache full:https://registry.npmjs.org/make-error cache-miss
650 http fetch GET 200 https://registry.npmjs.org/fast-json-stable-stringify 34ms (cache miss)
651 silly packumentCache full:https://registry.npmjs.org/fast-json-stable-stringify set size:undefined disposed:false
652 silly fetch manifest semver@^7.8.0
653 silly packumentCache full:https://registry.npmjs.org/semver cache-miss
654 http fetch GET 200 https://registry.npmjs.org/handlebars 41ms (cache miss)
655 silly packumentCache full:https://registry.npmjs.org/handlebars set size:undefined disposed:false
656 silly fetch manifest type-fest@^4.41.0
657 silly packumentCache full:https://registry.npmjs.org/type-fest cache-miss
658 http fetch GET 200 https://registry.npmjs.org/lodash.memoize 39ms (cache miss)
659 silly packumentCache full:https://registry.npmjs.org/lodash.memoize set size:undefined disposed:false
660 silly fetch manifest yargs-parser@^21.1.1
661 silly packumentCache full:https://registry.npmjs.org/yargs-parser cache-miss
662 http fetch GET 200 https://registry.npmjs.org/make-error 36ms (cache miss)
663 silly packumentCache full:https://registry.npmjs.org/make-error set size:undefined disposed:false
664 silly fetch manifest chalk@^4.1.0
665 silly packumentCache full:https://registry.npmjs.org/chalk cache-miss
666 http fetch GET 200 https://registry.npmjs.org/json5 43ms (cache miss)
667 silly packumentCache full:https://registry.npmjs.org/json5 set size:undefined disposed:false
668 silly fetch manifest picomatch@^4.0.0
669 silly packumentCache full:https://registry.npmjs.org/picomatch cache-miss
670 http cache https://registry.npmjs.org/chalk 2ms (cache hit)
671 silly packumentCache full:https://registry.npmjs.org/chalk set size:117861 disposed:false
672 silly fetch manifest source-map@^0.7.4
673 silly packumentCache full:https://registry.npmjs.org/source-map cache-miss
674 http cache https://registry.npmjs.org/source-map 1ms (cache hit)
675 silly packumentCache full:https://registry.npmjs.org/source-map set size:226267 disposed:false
676 silly fetch manifest @types/estree@^1.0.8
677 silly packumentCache full:https://registry.npmjs.org/@types%2festree cache-miss
678 http cache https://registry.npmjs.org/@types%2festree 1ms (cache hit)
679 silly packumentCache full:https://registry.npmjs.org/@types%2festree set size:76072 disposed:false
680 silly fetch manifest @types/json-schema@^7.0.15
681 silly packumentCache full:https://registry.npmjs.org/@types%2fjson-schema cache-miss
682 http fetch GET 200 https://registry.npmjs.org/semver 45ms (cache miss)
683 silly packumentCache full:https://registry.npmjs.org/semver set size:undefined disposed:false
684 silly fetch manifest @webassemblyjs/ast@^1.14.1
685 silly packumentCache full:https://registry.npmjs.org/@webassemblyjs%2fast cache-miss
686 http fetch GET 200 https://registry.npmjs.org/picomatch 36ms (cache miss)
687 silly packumentCache full:https://registry.npmjs.org/picomatch set size:undefined disposed:false
688 silly fetch manifest @webassemblyjs/wasm-edit@^1.14.1
689 silly packumentCache full:https://registry.npmjs.org/@webassemblyjs%2fwasm-edit cache-miss
690 http fetch GET 200 https://registry.npmjs.org/yargs-parser 40ms (cache miss)
691 silly packumentCache full:https://registry.npmjs.org/yargs-parser set size:undefined disposed:false
692 silly fetch manifest @webassemblyjs/wasm-parser@^1.14.1
693 silly packumentCache full:https://registry.npmjs.org/@webassemblyjs%2fwasm-parser cache-miss
694 http fetch GET 200 https://registry.npmjs.org/@types%2fjson-schema 38ms (cache miss)
695 silly packumentCache full:https://registry.npmjs.org/@types%2fjson-schema set size:undefined disposed:false
696 silly fetch manifest acorn@^8.16.0
697 silly packumentCache full:https://registry.npmjs.org/acorn cache-miss
698 http fetch GET 200 https://registry.npmjs.org/import-local 188ms (cache miss)
699 silly packumentCache full:https://registry.npmjs.org/import-local set size:undefined disposed:false
700 silly fetch manifest acorn-import-phases@^1.0.3
701 silly packumentCache full:https://registry.npmjs.org/acorn-import-phases cache-miss
702 http fetch GET 200 https://registry.npmjs.org/type-fest 51ms (cache miss)
703 silly packumentCache full:https://registry.npmjs.org/type-fest set size:undefined disposed:false
704 silly fetch manifest browserslist@^4.28.1
705 silly packumentCache full:https://registry.npmjs.org/browserslist cache-miss
706 http fetch GET 200 https://registry.npmjs.org/buffer-from 188ms (cache miss)
707 silly packumentCache full:https://registry.npmjs.org/buffer-from set size:undefined disposed:false
708 silly fetch manifest chrome-trace-event@^1.0.2
709 silly packumentCache full:https://registry.npmjs.org/chrome-trace-event cache-miss
710 http fetch GET 200 https://registry.npmjs.org/@webassemblyjs%2fast 46ms (cache miss)
711 silly packumentCache full:https://registry.npmjs.org/@webassemblyjs%2fast set size:undefined disposed:false
712 silly fetch manifest enhanced-resolve@^5.22.2
713 silly packumentCache full:https://registry.npmjs.org/enhanced-resolve cache-miss
714 http fetch GET 200 https://registry.npmjs.org/@webassemblyjs%2fwasm-edit 41ms (cache miss)
715 silly packumentCache full:https://registry.npmjs.org/@webassemblyjs%2fwasm-edit set size:undefined disposed:false
716 silly fetch manifest es-module-lexer@^2.1.0
717 silly packumentCache full:https://registry.npmjs.org/es-module-lexer cache-miss
718 http fetch GET 200 https://registry.npmjs.org/acorn-import-phases 37ms (cache miss)
719 silly packumentCache full:https://registry.npmjs.org/acorn-import-phases set size:undefined disposed:false
720 silly fetch manifest eslint-scope@5.1.1
721 silly packumentCache full:https://registry.npmjs.org/eslint-scope cache-miss
722 http cache https://registry.npmjs.org/eslint-scope 2ms (cache hit)
723 silly packumentCache full:https://registry.npmjs.org/eslint-scope set size:98867 disposed:false
724 silly fetch manifest events@^3.2.0
725 silly packumentCache full:https://registry.npmjs.org/events cache-miss
726 http fetch GET 200 https://registry.npmjs.org/@webassemblyjs%2fwasm-parser 47ms (cache miss)
727 silly packumentCache full:https://registry.npmjs.org/@webassemblyjs%2fwasm-parser set size:undefined disposed:false
728 silly fetch manifest graceful-fs@^4.2.11
729 silly packumentCache full:https://registry.npmjs.org/graceful-fs cache-miss
730 http fetch GET 200 https://registry.npmjs.org/chrome-trace-event 38ms (cache miss)
731 silly packumentCache full:https://registry.npmjs.org/chrome-trace-event set size:undefined disposed:false
732 silly fetch manifest loader-runner@^4.3.2
733 silly packumentCache full:https://registry.npmjs.org/loader-runner cache-miss
734 http fetch GET 200 https://registry.npmjs.org/acorn 50ms (cache miss)
735 silly packumentCache full:https://registry.npmjs.org/acorn set size:undefined disposed:false
736 silly fetch manifest mime-db@^1.54.0
737 silly packumentCache full:https://registry.npmjs.org/mime-db cache-miss
738 http fetch GET 200 https://registry.npmjs.org/browserslist 51ms (cache miss)
739 silly packumentCache full:https://registry.npmjs.org/browserslist set size:undefined disposed:false
740 silly fetch manifest minimizer-webpack-plugin@^5.6.1
741 silly packumentCache full:https://registry.npmjs.org/minimizer-webpack-plugin cache-miss
742 http fetch GET 200 https://registry.npmjs.org/enhanced-resolve 50ms (cache miss)
743 silly packumentCache full:https://registry.npmjs.org/enhanced-resolve set size:undefined disposed:false
744 silly fetch manifest neo-async@^2.6.2
745 silly packumentCache full:https://registry.npmjs.org/neo-async cache-miss
746 http fetch GET 200 https://registry.npmjs.org/es-module-lexer 38ms (cache miss)
747 silly packumentCache full:https://registry.npmjs.org/es-module-lexer set size:undefined disposed:false
748 silly fetch manifest schema-utils@^4.3.3
749 silly packumentCache full:https://registry.npmjs.org/schema-utils cache-miss
750 http fetch GET 200 https://registry.npmjs.org/events 35ms (cache miss)
751 silly packumentCache full:https://registry.npmjs.org/events set size:undefined disposed:false
752 silly fetch manifest tapable@^2.3.0
753 silly packumentCache full:https://registry.npmjs.org/tapable cache-miss
754 http fetch GET 200 https://registry.npmjs.org/loader-runner 37ms (cache miss)
755 silly packumentCache full:https://registry.npmjs.org/loader-runner set size:undefined disposed:false
756 silly fetch manifest watchpack@^2.5.2
757 silly packumentCache full:https://registry.npmjs.org/watchpack cache-miss
758 http fetch GET 200 https://registry.npmjs.org/graceful-fs 40ms (cache miss)
759 silly packumentCache full:https://registry.npmjs.org/graceful-fs set size:undefined disposed:false
760 silly fetch manifest webpack-sources@^3.5.0
761 silly packumentCache full:https://registry.npmjs.org/webpack-sources cache-miss
762 http fetch GET 200 https://registry.npmjs.org/mime-db 42ms (cache miss)
763 silly packumentCache full:https://registry.npmjs.org/mime-db set size:undefined disposed:false
764 silly fetch manifest yn@3.1.1
765 silly packumentCache full:https://registry.npmjs.org/yn cache-miss
766 http fetch GET 200 https://registry.npmjs.org/minimizer-webpack-plugin 37ms (cache miss)
767 silly packumentCache full:https://registry.npmjs.org/minimizer-webpack-plugin set size:undefined disposed:false
768 silly fetch manifest arg@^4.1.0
769 silly packumentCache full:https://registry.npmjs.org/arg cache-miss
770 http fetch GET 200 https://registry.npmjs.org/neo-async 36ms (cache miss)
771 silly packumentCache full:https://registry.npmjs.org/neo-async set size:undefined disposed:false
772 silly fetch manifest diff@^4.0.1
773 silly packumentCache full:https://registry.npmjs.org/diff cache-miss
774 http fetch GET 200 https://registry.npmjs.org/schema-utils 36ms (cache miss)
775 silly packumentCache full:https://registry.npmjs.org/schema-utils set size:undefined disposed:false
776 silly fetch manifest acorn@^8.4.1
777 silly packumentCache full:https://registry.npmjs.org/acorn cache-miss
778 http cache https://registry.npmjs.org/acorn 1ms (cache hit)
779 silly packumentCache full:https://registry.npmjs.org/acorn set size:381366 disposed:false
780 silly fetch manifest acorn-walk@^8.1.1
781 silly packumentCache full:https://registry.npmjs.org/acorn-walk cache-miss
782 http fetch GET 200 https://registry.npmjs.org/tapable 39ms (cache miss)
783 silly packumentCache full:https://registry.npmjs.org/tapable set size:undefined disposed:false
784 silly fetch manifest make-error@^1.1.1
785 silly packumentCache full:https://registry.npmjs.org/make-error cache-miss
786 http cache https://registry.npmjs.org/make-error 1ms (cache hit)
787 silly packumentCache full:https://registry.npmjs.org/make-error set size:45218 disposed:false
788 silly fetch manifest create-require@^1.1.0
789 silly packumentCache full:https://registry.npmjs.org/create-require cache-miss
790 http fetch GET 200 https://registry.npmjs.org/watchpack 41ms (cache miss)
791 silly packumentCache full:https://registry.npmjs.org/watchpack set size:undefined disposed:false
792 silly fetch manifest @tsconfig/node10@^1.0.7
793 silly packumentCache full:https://registry.npmjs.org/@tsconfig%2fnode10 cache-miss
794 http fetch GET 200 https://registry.npmjs.org/webpack-sources 40ms (cache miss)
795 silly packumentCache full:https://registry.npmjs.org/webpack-sources set size:undefined disposed:false
796 silly fetch manifest @tsconfig/node12@^1.0.7
797 silly packumentCache full:https://registry.npmjs.org/@tsconfig%2fnode12 cache-miss
798 http fetch GET 200 https://registry.npmjs.org/yn 34ms (cache miss)
799 silly packumentCache full:https://registry.npmjs.org/yn set size:undefined disposed:false
800 silly fetch manifest @tsconfig/node14@^1.0.0
801 silly packumentCache full:https://registry.npmjs.org/@tsconfig%2fnode14 cache-miss
802 http fetch GET 200 https://registry.npmjs.org/arg 34ms (cache miss)
803 silly packumentCache full:https://registry.npmjs.org/arg set size:undefined disposed:false
804 silly fetch manifest @tsconfig/node16@^1.0.2
805 silly packumentCache full:https://registry.npmjs.org/@tsconfig%2fnode16 cache-miss
806 http fetch GET 200 https://registry.npmjs.org/diff 36ms (cache miss)
807 silly packumentCache full:https://registry.npmjs.org/diff set size:undefined disposed:false
808 silly fetch manifest v8-compile-cache-lib@^3.0.1
809 silly packumentCache full:https://registry.npmjs.org/v8-compile-cache-lib cache-miss
810 http fetch GET 200 https://registry.npmjs.org/create-require 37ms (cache miss)
811 silly packumentCache full:https://registry.npmjs.org/create-require set size:undefined disposed:false
812 silly fetch manifest @cspotcode/source-map-support@^0.8.0
813 silly packumentCache full:https://registry.npmjs.org/@cspotcode%2fsource-map-support cache-miss
814 http fetch GET 200 https://registry.npmjs.org/acorn-walk 45ms (cache miss)
815 silly packumentCache full:https://registry.npmjs.org/acorn-walk set size:undefined disposed:false
816 silly fetch manifest json5@^2.2.2
817 silly packumentCache full:https://registry.npmjs.org/json5 cache-miss
818 http cache https://registry.npmjs.org/json5 1ms (cache hit)
819 silly packumentCache full:https://registry.npmjs.org/json5 set size:86136 disposed:false
820 silly fetch manifest minimist@^1.2.6
821 silly packumentCache full:https://registry.npmjs.org/minimist cache-miss
822 http fetch GET 200 https://registry.npmjs.org/@tsconfig%2fnode12 43ms (cache miss)
823 silly packumentCache full:https://registry.npmjs.org/@tsconfig%2fnode12 set size:undefined disposed:false
824 silly fetch manifest strip-bom@^3.0.0
825 silly packumentCache full:https://registry.npmjs.org/strip-bom cache-miss
826 http fetch GET 200 https://registry.npmjs.org/@tsconfig%2fnode16 43ms (cache miss)
827 silly packumentCache full:https://registry.npmjs.org/@tsconfig%2fnode16 set size:undefined disposed:false
828 silly fetch manifest @typescript-eslint/utils@8.64.0
829 silly packumentCache full:https://registry.npmjs.org/@typescript-eslint%2futils cache-miss
830 http fetch GET 200 https://registry.npmjs.org/v8-compile-cache-lib 32ms (cache miss)
831 silly packumentCache full:https://registry.npmjs.org/v8-compile-cache-lib set size:undefined disposed:false
832 silly fetch manifest @typescript-eslint/parser@8.64.0
833 silly packumentCache full:https://registry.npmjs.org/@typescript-eslint%2fparser cache-miss
834 http fetch GET 200 https://registry.npmjs.org/minimist 37ms (cache miss)
835 silly packumentCache full:https://registry.npmjs.org/minimist set size:undefined disposed:false
836 silly fetch manifest @typescript-eslint/eslint-plugin@8.64.0
837 silly packumentCache full:https://registry.npmjs.org/@typescript-eslint%2feslint-plugin cache-miss
838 http fetch GET 200 https://registry.npmjs.org/strip-bom 37ms (cache miss)
839 silly packumentCache full:https://registry.npmjs.org/strip-bom set size:undefined disposed:false
840 silly fetch manifest @typescript-eslint/typescript-estree@8.64.0
841 silly packumentCache full:https://registry.npmjs.org/@typescript-eslint%2ftypescript-estree cache-miss
842 http fetch GET 200 https://registry.npmjs.org/@tsconfig%2fnode14 139ms (cache miss)
843 silly packumentCache full:https://registry.npmjs.org/@tsconfig%2fnode14 set size:undefined disposed:false
844 http fetch GET 200 https://registry.npmjs.org/@tsconfig%2fnode10 149ms (cache miss)
845 silly packumentCache full:https://registry.npmjs.org/@tsconfig%2fnode10 set size:undefined disposed:false
846 http fetch GET 200 https://registry.npmjs.org/@cspotcode%2fsource-map-support 148ms (cache miss)
847 silly packumentCache full:https://registry.npmjs.org/@cspotcode%2fsource-map-support set size:undefined disposed:false
848 http fetch GET 200 https://registry.npmjs.org/@typescript-eslint%2futils 262ms (cache miss)
849 silly packumentCache full:https://registry.npmjs.org/@typescript-eslint%2futils set size:undefined disposed:false
850 http fetch GET 200 https://registry.npmjs.org/@typescript-eslint%2feslint-plugin 331ms (cache miss)
851 silly packumentCache full:https://registry.npmjs.org/@typescript-eslint%2feslint-plugin set size:undefined disposed:false
852 http fetch GET 200 https://registry.npmjs.org/@typescript-eslint%2ftypescript-estree 364ms (cache miss)
853 silly packumentCache full:https://registry.npmjs.org/@typescript-eslint%2ftypescript-estree set size:undefined disposed:false
854 http fetch GET 200 https://registry.npmjs.org/@typescript-eslint%2fparser 437ms (cache miss)
855 silly packumentCache full:https://registry.npmjs.org/@typescript-eslint%2fparser set size:undefined disposed:false
856 silly placeDep ROOT ajv@6.15.0 OK for: @eslint/eslintrc@3.3.6 want: ^6.14.0
857 silly placeDep ROOT debug@4.4.3 OK for: @eslint/eslintrc@3.3.6 want: ^4.3.2
858 silly placeDep ROOT espree@10.4.0 OK for: @eslint/eslintrc@3.3.6 want: ^10.0.1
859 silly placeDep node_modules/@eslint/eslintrc globals@14.0.0 OK for: @eslint/eslintrc@3.3.6 want: ^14.0.0
860 silly placeDep ROOT ignore@5.3.2 OK for: @eslint/eslintrc@3.3.6 want: ^5.2.0
861 silly placeDep ROOT import-fresh@3.3.1 OK for: @eslint/eslintrc@3.3.6 want: ^3.2.1
862 silly placeDep ROOT js-yaml@4.3.0 OK for: @eslint/eslintrc@3.3.6 want: ^4.3.0
863 silly placeDep ROOT minimatch@3.1.5 OK for: @eslint/eslintrc@3.3.6 want: ^3.1.5
864 silly placeDep ROOT strip-json-comments@3.1.1 OK for: @eslint/eslintrc@3.3.6 want: ^3.1.1
865 silly fetch manifest uri-js@^4.2.2
866 silly packumentCache full:https://registry.npmjs.org/uri-js cache-miss
867 silly fetch manifest fast-deep-equal@^3.1.1
868 silly packumentCache full:https://registry.npmjs.org/fast-deep-equal cache-miss
869 silly fetch manifest json-schema-traverse@^0.4.1
870 silly packumentCache full:https://registry.npmjs.org/json-schema-traverse cache-miss
871 silly fetch manifest fast-json-stable-stringify@^2.0.0
872 silly packumentCache full:https://registry.npmjs.org/fast-json-stable-stringify cache-miss
873 silly fetch manifest ms@^2.1.3
874 silly packumentCache full:https://registry.npmjs.org/ms cache-miss
875 silly fetch manifest acorn@^8.15.0
876 silly packumentCache full:https://registry.npmjs.org/acorn cache-hit
877 silly fetch manifest acorn-jsx@^5.3.2
878 silly packumentCache full:https://registry.npmjs.org/acorn-jsx cache-miss
879 silly fetch manifest resolve-from@^4.0.0
880 silly packumentCache full:https://registry.npmjs.org/resolve-from cache-miss
881 http cache https://registry.npmjs.org/fast-json-stable-stringify 3ms (cache hit)
882 silly packumentCache full:https://registry.npmjs.org/fast-json-stable-stringify set size:11337 disposed:false
883 silly fetch manifest parent-module@^1.0.0
884 silly packumentCache full:https://registry.npmjs.org/parent-module cache-miss
885 http cache https://registry.npmjs.org/fast-deep-equal 3ms (cache hit)
886 silly packumentCache full:https://registry.npmjs.org/fast-deep-equal set size:48634 disposed:false
887 silly fetch manifest argparse@^2.0.1
888 silly packumentCache full:https://registry.npmjs.org/argparse cache-miss
889 http fetch GET 200 https://registry.npmjs.org/uri-js 34ms (cache miss)
890 silly packumentCache full:https://registry.npmjs.org/uri-js set size:undefined disposed:false
891 silly fetch manifest brace-expansion@^1.1.7
892 silly packumentCache full:https://registry.npmjs.org/brace-expansion cache-miss
893 http fetch GET 200 https://registry.npmjs.org/json-schema-traverse 37ms (cache miss)
894 silly packumentCache full:https://registry.npmjs.org/json-schema-traverse set size:undefined disposed:false
895 http fetch GET 200 https://registry.npmjs.org/parent-module 34ms (cache miss)
896 silly packumentCache full:https://registry.npmjs.org/parent-module set size:undefined disposed:false
897 http fetch GET 200 https://registry.npmjs.org/acorn-jsx 38ms (cache miss)
898 silly packumentCache full:https://registry.npmjs.org/acorn-jsx set size:undefined disposed:false
899 http fetch GET 200 https://registry.npmjs.org/ms 43ms (cache miss)
900 silly packumentCache full:https://registry.npmjs.org/ms set size:undefined disposed:false
901 http fetch GET 200 https://registry.npmjs.org/resolve-from 43ms (cache miss)
902 silly packumentCache full:https://registry.npmjs.org/resolve-from set size:undefined disposed:false
903 http fetch GET 200 https://registry.npmjs.org/argparse 41ms (cache miss)
904 silly packumentCache full:https://registry.npmjs.org/argparse set size:undefined disposed:false
905 http fetch GET 200 https://registry.npmjs.org/brace-expansion 35ms (cache miss)
906 silly packumentCache full:https://registry.npmjs.org/brace-expansion set size:undefined disposed:false
907 silly fetch manifest @types/node@>=18
908 silly packumentCache full:https://registry.npmjs.org/@types%2fnode cache-miss
909 http cache https://registry.npmjs.org/@types%2fnode 12ms (cache hit)
910 silly packumentCache full:https://registry.npmjs.org/@types%2fnode set size:11080817 disposed:false
911 silly placeDep ROOT @angular-devkit/core@19.2.27 OK for: @nestjs/cli@11.0.24 want: 19.2.27
912 silly placeDep ROOT @angular-devkit/schematics@19.2.27 OK for: @nestjs/cli@11.0.24 want: 19.2.27
913 silly placeDep ROOT @angular-devkit/schematics-cli@19.2.27 OK for: @nestjs/cli@11.0.24 want: 19.2.27
914 silly placeDep ROOT @inquirer/prompts@7.10.1 OK for: @nestjs/cli@11.0.24 want: 7.10.1
915 silly placeDep ROOT ansis@4.2.0 OK for: @nestjs/cli@11.0.24 want: 4.2.0
916 silly placeDep ROOT chokidar@4.0.3 OK for: @nestjs/cli@11.0.24 want: 4.0.3
917 silly placeDep ROOT cli-table3@0.6.5 OK for: @nestjs/cli@11.0.24 want: 0.6.5
918 silly placeDep ROOT commander@4.1.1 OK for: @nestjs/cli@11.0.24 want: 4.1.1
919 silly placeDep ROOT fork-ts-checker-webpack-plugin@9.1.0 OK for: @nestjs/cli@11.0.24 want: 9.1.0
920 silly placeDep ROOT glob@13.0.6 OK for: @nestjs/cli@11.0.24 want: 13.0.6
921 silly placeDep ROOT node-emoji@1.11.0 OK for: @nestjs/cli@11.0.24 want: 1.11.0
922 silly placeDep ROOT ora@5.4.1 OK for: @nestjs/cli@11.0.24 want: 5.4.1
923 silly placeDep ROOT tsconfig-paths-webpack-plugin@4.2.0 OK for: @nestjs/cli@11.0.24 want: 4.2.0
924 silly placeDep node_modules/@nestjs/cli webpack@5.106.2 OK for: @nestjs/cli@11.0.24 want: 5.106.2
925 silly placeDep ROOT webpack-node-externals@3.0.0 OK for: @nestjs/cli@11.0.24 want: 3.0.0
926 silly fetch manifest ajv@8.18.0
927 silly packumentCache full:https://registry.npmjs.org/ajv cache-miss
928 silly fetch manifest rxjs@7.8.1
929 silly packumentCache full:https://registry.npmjs.org/rxjs cache-miss
930 silly fetch manifest picomatch@4.0.4
931 silly packumentCache full:https://registry.npmjs.org/picomatch cache-miss
932 silly fetch manifest source-map@0.7.4
933 silly packumentCache full:https://registry.npmjs.org/source-map cache-hit
934 silly fetch manifest ajv-formats@3.0.1
935 silly packumentCache full:https://registry.npmjs.org/ajv-formats cache-miss
936 silly fetch manifest rxjs@7.8.1
937 silly packumentCache full:https://registry.npmjs.org/rxjs cache-miss
938 silly fetch manifest magic-string@0.30.17
939 silly packumentCache full:https://registry.npmjs.org/magic-string cache-miss
940 silly fetch manifest ansi-colors@4.1.3
941 silly packumentCache full:https://registry.npmjs.org/ansi-colors cache-miss
942 http cache https://registry.npmjs.org/picomatch 6ms (cache hit)
943 silly packumentCache full:https://registry.npmjs.org/picomatch set size:128942 disposed:false
944 silly fetch manifest yargs-parser@21.1.1
945 silly packumentCache full:https://registry.npmjs.org/yargs-parser cache-miss
946 http cache https://registry.npmjs.org/ajv 8ms (cache hit)
947 silly packumentCache full:https://registry.npmjs.org/ajv set size:1142658 disposed:false
948 silly fetch manifest @inquirer/prompts@7.3.2
949 silly packumentCache full:https://registry.npmjs.org/@inquirer%2fprompts cache-miss
950 http cache https://registry.npmjs.org/rxjs 11ms (cache hit)
951 silly packumentCache full:https://registry.npmjs.org/rxjs set size:980097 disposed:false
952 silly fetch manifest symbol-observable@4.0.0
953 silly packumentCache full:https://registry.npmjs.org/symbol-observable cache-miss
954 http cache https://registry.npmjs.org/rxjs 17ms (cache hit)
955 silly packumentCache full:https://registry.npmjs.org/rxjs set size:980097 disposed:false
956 silly packumentCache full:https://registry.npmjs.org/rxjs dispose
957 silly fetch manifest @inquirer/input@^4.3.1
958 silly packumentCache full:https://registry.npmjs.org/@inquirer%2finput cache-miss
959 http cache https://registry.npmjs.org/@inquirer%2fprompts 11ms (cache hit)
960 silly packumentCache full:https://registry.npmjs.org/@inquirer%2fprompts set size:331361 disposed:false
961 silly fetch manifest @inquirer/editor@^4.2.23
962 silly packumentCache full:https://registry.npmjs.org/@inquirer%2feditor cache-miss
963 http cache https://registry.npmjs.org/yargs-parser 17ms (cache hit)
964 silly packumentCache full:https://registry.npmjs.org/yargs-parser set size:238630 disposed:false
965 silly fetch manifest @inquirer/expand@^4.0.23
966 silly packumentCache full:https://registry.npmjs.org/@inquirer%2fexpand cache-miss
967 http fetch GET 200 https://registry.npmjs.org/ajv-formats 42ms (cache miss)
968 silly packumentCache full:https://registry.npmjs.org/ajv-formats set size:undefined disposed:false
969 silly fetch manifest @inquirer/number@^3.0.23
970 silly packumentCache full:https://registry.npmjs.org/@inquirer%2fnumber cache-miss
971 http fetch GET 200 https://registry.npmjs.org/ansi-colors 42ms (cache miss)
972 silly packumentCache full:https://registry.npmjs.org/ansi-colors set size:undefined disposed:false
973 silly fetch manifest @inquirer/search@^3.2.2
974 silly packumentCache full:https://registry.npmjs.org/@inquirer%2fsearch cache-miss
975 http fetch GET 200 https://registry.npmjs.org/magic-string 44ms (cache miss)
976 silly packumentCache full:https://registry.npmjs.org/magic-string set size:undefined disposed:false
977 silly fetch manifest @inquirer/select@^4.4.2
978 silly packumentCache full:https://registry.npmjs.org/@inquirer%2fselect cache-miss
979 http fetch GET 200 https://registry.npmjs.org/symbol-observable 37ms (cache miss)
980 silly packumentCache full:https://registry.npmjs.org/symbol-observable set size:undefined disposed:false
981 silly fetch manifest @inquirer/confirm@^5.1.21
982 silly packumentCache full:https://registry.npmjs.org/@inquirer%2fconfirm cache-miss
983 http fetch GET 200 https://registry.npmjs.org/@inquirer%2feditor 46ms (cache miss)
984 silly packumentCache full:https://registry.npmjs.org/@inquirer%2feditor set size:undefined disposed:false
985 silly fetch manifest @inquirer/rawlist@^4.1.11
986 silly packumentCache full:https://registry.npmjs.org/@inquirer%2frawlist cache-miss
987 http fetch GET 200 https://registry.npmjs.org/@inquirer%2finput 53ms (cache miss)
988 silly packumentCache full:https://registry.npmjs.org/@inquirer%2finput set size:undefined disposed:false
989 silly fetch manifest @inquirer/checkbox@^4.3.2
990 silly packumentCache full:https://registry.npmjs.org/@inquirer%2fcheckbox cache-miss
991 http fetch GET 200 https://registry.npmjs.org/@inquirer%2fnumber 43ms (cache miss)
992 silly packumentCache full:https://registry.npmjs.org/@inquirer%2fnumber set size:undefined disposed:false
993 silly fetch manifest @inquirer/password@^4.0.23
994 silly packumentCache full:https://registry.npmjs.org/@inquirer%2fpassword cache-miss
995 http fetch GET 200 https://registry.npmjs.org/@inquirer%2fsearch 46ms (cache miss)
996 silly packumentCache full:https://registry.npmjs.org/@inquirer%2fsearch set size:undefined disposed:false
997 silly fetch manifest readdirp@^4.0.1
998 silly packumentCache full:https://registry.npmjs.org/readdirp cache-miss
999 http fetch GET 200 https://registry.npmjs.org/@inquirer%2fselect 46ms (cache miss)
1000 silly packumentCache full:https://registry.npmjs.org/@inquirer%2fselect set size:undefined disposed:false
1001 silly fetch manifest string-width@^4.2.0
1002 silly packumentCache full:https://registry.npmjs.org/string-width cache-miss
1003 http fetch GET 200 https://registry.npmjs.org/@inquirer%2fconfirm 44ms (cache miss)
1004 silly packumentCache full:https://registry.npmjs.org/@inquirer%2fconfirm set size:undefined disposed:false
1005 silly fetch manifest @colors/colors@1.5.0
1006 silly packumentCache full:https://registry.npmjs.org/@colors%2fcolors cache-miss
1007 http fetch GET 200 https://registry.npmjs.org/@inquirer%2frawlist 48ms (cache miss)
1008 silly packumentCache full:https://registry.npmjs.org/@inquirer%2frawlist set size:undefined disposed:false
1009 silly fetch manifest @babel/code-frame@^7.16.7
1010 silly packumentCache full:https://registry.npmjs.org/@babel%2fcode-frame cache-miss
1011 http fetch GET 200 https://registry.npmjs.org/@inquirer%2fcheckbox 50ms (cache miss)
1012 silly packumentCache full:https://registry.npmjs.org/@inquirer%2fcheckbox set size:undefined disposed:false
1013 silly fetch manifest chalk@^4.1.2
1014 silly packumentCache full:https://registry.npmjs.org/chalk cache-hit
1015 silly fetch manifest cosmiconfig@^8.2.0
1016 silly packumentCache full:https://registry.npmjs.org/cosmiconfig cache-miss
1017 http fetch GET 200 https://registry.npmjs.org/readdirp 42ms (cache miss)
1018 silly packumentCache full:https://registry.npmjs.org/readdirp set size:undefined disposed:false
1019 silly fetch manifest deepmerge@^4.2.2
1020 silly packumentCache full:https://registry.npmjs.org/deepmerge cache-miss
1021 http fetch GET 200 https://registry.npmjs.org/string-width 40ms (cache miss)
1022 silly packumentCache full:https://registry.npmjs.org/string-width set size:undefined disposed:false
1023 silly fetch manifest fs-extra@^10.0.0
1024 silly packumentCache full:https://registry.npmjs.org/fs-extra cache-miss
1025 http fetch GET 200 https://registry.npmjs.org/@inquirer%2fpassword 50ms (cache miss)
1026 silly packumentCache full:https://registry.npmjs.org/@inquirer%2fpassword set size:undefined disposed:false
1027 silly fetch manifest memfs@^3.4.1
1028 silly packumentCache full:https://registry.npmjs.org/memfs cache-miss
1029 http fetch GET 200 https://registry.npmjs.org/@colors%2fcolors 39ms (cache miss)
1030 silly packumentCache full:https://registry.npmjs.org/@colors%2fcolors set size:undefined disposed:false
1031 silly fetch manifest node-abort-controller@^3.0.1
1032 silly packumentCache full:https://registry.npmjs.org/node-abort-controller cache-miss
1033 http fetch GET 200 https://registry.npmjs.org/@babel%2fcode-frame 45ms (cache miss)
1034 silly packumentCache full:https://registry.npmjs.org/@babel%2fcode-frame set size:undefined disposed:false
1035 silly fetch manifest schema-utils@^3.1.1
1036 silly packumentCache full:https://registry.npmjs.org/schema-utils cache-miss
1037 http fetch GET 200 https://registry.npmjs.org/cosmiconfig 42ms (cache miss)
1038 silly packumentCache full:https://registry.npmjs.org/cosmiconfig set size:undefined disposed:false
1039 silly fetch manifest semver@^7.3.5
1040 silly packumentCache full:https://registry.npmjs.org/semver cache-miss
1041 http cache https://registry.npmjs.org/schema-utils 5ms (cache hit)
1042 silly packumentCache full:https://registry.npmjs.org/schema-utils set size:166563 disposed:false
1043 silly fetch manifest tapable@^2.2.1
1044 silly packumentCache full:https://registry.npmjs.org/tapable cache-miss
1045 http cache https://registry.npmjs.org/semver 5ms (cache hit)
1046 silly packumentCache full:https://registry.npmjs.org/semver set size:246069 disposed:false
1047 silly fetch manifest minimatch@^10.2.2
1048 silly packumentCache full:https://registry.npmjs.org/minimatch cache-miss
1049 http fetch GET 200 https://registry.npmjs.org/deepmerge 42ms (cache miss)
1050 silly packumentCache full:https://registry.npmjs.org/deepmerge set size:undefined disposed:false
1051 silly fetch manifest minipass@^7.1.3
1052 silly packumentCache full:https://registry.npmjs.org/minipass cache-miss
1053 http fetch GET 200 https://registry.npmjs.org/fs-extra 44ms (cache miss)
1054 silly packumentCache full:https://registry.npmjs.org/fs-extra set size:undefined disposed:false
1055 silly fetch manifest path-scurry@^2.0.2
1056 silly packumentCache full:https://registry.npmjs.org/path-scurry cache-miss
1057 http fetch GET 200 https://registry.npmjs.org/@inquirer%2fexpand 153ms (cache miss)
1058 silly packumentCache full:https://registry.npmjs.org/@inquirer%2fexpand set size:undefined disposed:false
1059 silly fetch manifest lodash@^4.17.21
1060 silly packumentCache full:https://registry.npmjs.org/lodash cache-miss
1061 http cache https://registry.npmjs.org/tapable 8ms (cache hit)
1062 silly packumentCache full:https://registry.npmjs.org/tapable set size:141233 disposed:false
1063 silly fetch manifest bl@^4.1.0
1064 silly packumentCache full:https://registry.npmjs.org/bl cache-miss
1065 http fetch GET 200 https://registry.npmjs.org/node-abort-controller 42ms (cache miss)
1066 silly packumentCache full:https://registry.npmjs.org/node-abort-controller set size:undefined disposed:false
1067 silly fetch manifest wcwidth@^1.0.1
1068 silly packumentCache full:https://registry.npmjs.org/wcwidth cache-miss
1069 http cache https://registry.npmjs.org/minimatch 8ms (cache hit)
1070 silly packumentCache full:https://registry.npmjs.org/minimatch set size:375282 disposed:false
1071 silly fetch manifest cli-cursor@^3.1.0
1072 silly packumentCache full:https://registry.npmjs.org/cli-cursor cache-miss
1073 http fetch GET 200 https://registry.npmjs.org/memfs 50ms (cache miss)
1074 silly packumentCache full:https://registry.npmjs.org/memfs set size:undefined disposed:false
1075 silly fetch manifest strip-ansi@^6.0.0
1076 silly packumentCache full:https://registry.npmjs.org/strip-ansi cache-miss
1077 http fetch GET 200 https://registry.npmjs.org/path-scurry 38ms (cache miss)
1078 silly packumentCache full:https://registry.npmjs.org/path-scurry set size:undefined disposed:false
1079 silly fetch manifest log-symbols@^4.1.0
1080 silly packumentCache full:https://registry.npmjs.org/log-symbols cache-miss
1081 http fetch GET 200 https://registry.npmjs.org/cli-cursor 33ms (cache miss)
1082 silly packumentCache full:https://registry.npmjs.org/cli-cursor set size:undefined disposed:false
1083 silly fetch manifest cli-spinners@^2.5.0
1084 silly packumentCache full:https://registry.npmjs.org/cli-spinners cache-miss
1085 http fetch GET 200 https://registry.npmjs.org/minipass 45ms (cache miss)
1086 silly packumentCache full:https://registry.npmjs.org/minipass set size:undefined disposed:false
1087 silly fetch manifest is-interactive@^1.0.0
1088 silly packumentCache full:https://registry.npmjs.org/is-interactive cache-miss
1089 http fetch GET 200 https://registry.npmjs.org/lodash 46ms (cache miss)
1090 silly packumentCache full:https://registry.npmjs.org/lodash set size:undefined disposed:false
1091 silly fetch manifest is-unicode-supported@^0.1.0
1092 silly packumentCache full:https://registry.npmjs.org/is-unicode-supported cache-miss
1093 http fetch GET 200 https://registry.npmjs.org/bl 44ms (cache miss)
1094 silly packumentCache full:https://registry.npmjs.org/bl set size:undefined disposed:false
1095 silly fetch manifest enhanced-resolve@^5.7.0
1096 silly packumentCache full:https://registry.npmjs.org/enhanced-resolve cache-miss
1097 http fetch GET 200 https://registry.npmjs.org/wcwidth 46ms (cache miss)
1098 silly packumentCache full:https://registry.npmjs.org/wcwidth set size:undefined disposed:false
1099 silly fetch manifest watchpack@^2.5.1
1100 silly packumentCache full:https://registry.npmjs.org/watchpack cache-miss
1101 http fetch GET 200 https://registry.npmjs.org/strip-ansi 38ms (cache miss)
1102 silly packumentCache full:https://registry.npmjs.org/strip-ansi set size:undefined disposed:false
1103 silly fetch manifest loader-runner@^4.3.1
1104 silly packumentCache full:https://registry.npmjs.org/loader-runner cache-miss
1105 http cache https://registry.npmjs.org/watchpack 2ms (cache hit)
1106 silly packumentCache full:https://registry.npmjs.org/watchpack set size:148533 disposed:false
1107 silly fetch manifest glob-to-regexp@^0.4.1
1108 silly packumentCache full:https://registry.npmjs.org/glob-to-regexp cache-miss
1109 http cache https://registry.npmjs.org/enhanced-resolve 6ms (cache hit)
1110 silly packumentCache full:https://registry.npmjs.org/enhanced-resolve set size:468684 disposed:false
1111 silly fetch manifest es-module-lexer@^2.0.0
1112 silly packumentCache full:https://registry.npmjs.org/es-module-lexer cache-miss
1113 http cache https://registry.npmjs.org/loader-runner 5ms (cache hit)
1114 silly packumentCache full:https://registry.npmjs.org/loader-runner set size:41628 disposed:false
1115 silly fetch manifest webpack-sources@^3.3.4
1116 silly packumentCache full:https://registry.npmjs.org/webpack-sources cache-miss
1117 http cache https://registry.npmjs.org/es-module-lexer 2ms (cache hit)
1118 silly packumentCache full:https://registry.npmjs.org/es-module-lexer set size:212402 disposed:false
1119 silly fetch manifest enhanced-resolve@^5.20.0
1120 silly packumentCache full:https://registry.npmjs.org/enhanced-resolve cache-hit
1121 silly fetch manifest @types/eslint-scope@^3.7.7
1122 silly packumentCache full:https://registry.npmjs.org/@types%2feslint-scope cache-miss
1123 http cache https://registry.npmjs.org/webpack-sources 2ms (cache hit)
1124 silly packumentCache full:https://registry.npmjs.org/webpack-sources set size:184158 disposed:false
1125 silly fetch manifest terser-webpack-plugin@^5.3.17
1126 silly packumentCache full:https://registry.npmjs.org/terser-webpack-plugin cache-miss
1127 http fetch GET 200 https://registry.npmjs.org/log-symbols 34ms (cache miss)
1128 silly packumentCache full:https://registry.npmjs.org/log-symbols set size:undefined disposed:false
1129 http fetch GET 200 https://registry.npmjs.org/is-interactive 33ms (cache miss)
1130 silly packumentCache full:https://registry.npmjs.org/is-interactive set size:undefined disposed:false
1131 http fetch GET 200 https://registry.npmjs.org/cli-spinners 36ms (cache miss)
1132 silly packumentCache full:https://registry.npmjs.org/cli-spinners set size:undefined disposed:false
1133 http fetch GET 200 https://registry.npmjs.org/is-unicode-supported 35ms (cache miss)
1134 silly packumentCache full:https://registry.npmjs.org/is-unicode-supported set size:undefined disposed:false
1135 http fetch GET 200 https://registry.npmjs.org/glob-to-regexp 42ms (cache miss)
1136 silly packumentCache full:https://registry.npmjs.org/glob-to-regexp set size:undefined disposed:false
1137 http fetch GET 200 https://registry.npmjs.org/terser-webpack-plugin 46ms (cache miss)
1138 silly packumentCache full:https://registry.npmjs.org/terser-webpack-plugin set size:undefined disposed:false
1139 http fetch GET 200 https://registry.npmjs.org/@types%2feslint-scope 222ms (cache miss)
1140 silly packumentCache full:https://registry.npmjs.org/@types%2feslint-scope set size:undefined disposed:false
1141 silly placeDep node_modules/@angular-devkit/core ajv@8.18.0 OK for: @angular-devkit/core@19.2.27 want: 8.18.0
1142 silly placeDep ROOT ajv-formats@3.0.1 OK for: @angular-devkit/core@19.2.27 want: 3.0.1
1143 silly placeDep ROOT jsonc-parser@3.3.1 OK for: @angular-devkit/core@19.2.27 want: 3.3.1
1144 silly placeDep ROOT picomatch@4.0.4 OK for: @angular-devkit/core@19.2.27 want: 4.0.4
1145 silly placeDep node_modules/@angular-devkit/core rxjs@7.8.1 OK for: @angular-devkit/core@19.2.27 want: 7.8.1
1146 silly placeDep ROOT source-map@0.7.4 OK for: @angular-devkit/core@19.2.27 want: 0.7.4
1147 silly fetch manifest fast-uri@^3.0.1
1148 silly packumentCache full:https://registry.npmjs.org/fast-uri cache-miss
1149 silly fetch manifest require-from-string@^2.0.2
1150 silly packumentCache full:https://registry.npmjs.org/require-from-string cache-miss
1151 silly fetch manifest json-schema-traverse@^1.0.0
1152 silly packumentCache full:https://registry.npmjs.org/json-schema-traverse cache-miss
1153 silly fetch manifest ajv@^8.0.0
1154 silly packumentCache full:https://registry.npmjs.org/ajv cache-miss
1155 http cache https://registry.npmjs.org/ajv 9ms (cache hit)
1156 silly packumentCache full:https://registry.npmjs.org/ajv set size:1142658 disposed:false
1157 http cache https://registry.npmjs.org/json-schema-traverse 13ms (cache hit)
1158 silly packumentCache full:https://registry.npmjs.org/json-schema-traverse set size:23537 disposed:false
1159 http fetch GET 200 https://registry.npmjs.org/fast-uri 39ms (cache miss)
1160 silly packumentCache full:https://registry.npmjs.org/fast-uri set size:undefined disposed:false
1161 http fetch GET 200 https://registry.npmjs.org/require-from-string 39ms (cache miss)
1162 silly packumentCache full:https://registry.npmjs.org/require-from-string set size:undefined disposed:false
1163 silly placeDep ROOT magic-string@0.30.17 OK for: @angular-devkit/schematics@19.2.27 want: 0.30.17
1164 silly placeDep node_modules/@angular-devkit/schematics rxjs@7.8.1 OK for: @angular-devkit/schematics@19.2.27 want: 7.8.1
1165 silly fetch manifest @jridgewell/sourcemap-codec@^1.5.0
1166 silly packumentCache full:https://registry.npmjs.org/@jridgewell%2fsourcemap-codec cache-miss
1167 http fetch GET 200 https://registry.npmjs.org/@jridgewell%2fsourcemap-codec 45ms (cache miss)
1168 silly packumentCache full:https://registry.npmjs.org/@jridgewell%2fsourcemap-codec set size:undefined disposed:false
1169 silly placeDep node_modules/@angular-devkit/schematics-cli @inquirer/prompts@7.3.2 OK for: @angular-devkit/schematics-cli@19.2.27 want: 7.3.2
1170 silly placeDep ROOT ansi-colors@4.1.3 OK for: @angular-devkit/schematics-cli@19.2.27 want: 4.1.3
1171 silly placeDep ROOT symbol-observable@4.0.0 OK for: @angular-devkit/schematics-cli@19.2.27 want: 4.0.0
1172 silly placeDep ROOT yargs-parser@21.1.1 OK for: @angular-devkit/schematics-cli@19.2.27 want: 21.1.1
1173 silly fetch manifest @inquirer/input@^4.1.6
1174 silly packumentCache full:https://registry.npmjs.org/@inquirer%2finput cache-miss
1175 silly fetch manifest @inquirer/editor@^4.2.7
1176 silly packumentCache full:https://registry.npmjs.org/@inquirer%2feditor cache-miss
1177 silly fetch manifest @inquirer/expand@^4.0.9
1178 silly packumentCache full:https://registry.npmjs.org/@inquirer%2fexpand cache-miss
1179 silly fetch manifest @inquirer/number@^3.0.9
1180 silly packumentCache full:https://registry.npmjs.org/@inquirer%2fnumber cache-miss
1181 silly fetch manifest @inquirer/search@^3.0.9
1182 silly packumentCache full:https://registry.npmjs.org/@inquirer%2fsearch cache-miss
1183 silly fetch manifest @inquirer/select@^4.0.9
1184 silly packumentCache full:https://registry.npmjs.org/@inquirer%2fselect cache-miss
1185 silly fetch manifest @inquirer/confirm@^5.1.6
1186 silly packumentCache full:https://registry.npmjs.org/@inquirer%2fconfirm cache-miss
1187 http cache https://registry.npmjs.org/@inquirer%2feditor 8ms (cache hit)
1188 silly packumentCache full:https://registry.npmjs.org/@inquirer%2feditor set size:322894 disposed:false
1189 silly fetch manifest @inquirer/rawlist@^4.0.9
1190 silly packumentCache full:https://registry.npmjs.org/@inquirer%2frawlist cache-miss
1191 http cache https://registry.npmjs.org/@inquirer%2fexpand 12ms (cache hit)
1192 silly packumentCache full:https://registry.npmjs.org/@inquirer%2fexpand set size:322112 disposed:false
1193 silly fetch manifest @inquirer/checkbox@^4.1.2
1194 silly packumentCache full:https://registry.npmjs.org/@inquirer%2fcheckbox cache-miss
1195 http cache https://registry.npmjs.org/@inquirer%2fselect 13ms (cache hit)
1196 silly packumentCache full:https://registry.npmjs.org/@inquirer%2fselect set size:335462 disposed:false
1197 silly fetch manifest @inquirer/password@^4.0.9
1198 silly packumentCache full:https://registry.npmjs.org/@inquirer%2fpassword cache-miss
1199 http cache https://registry.npmjs.org/@inquirer%2fsearch 17ms (cache hit)
1200 silly packumentCache full:https://registry.npmjs.org/@inquirer%2fsearch set size:142958 disposed:false
1201 http cache https://registry.npmjs.org/@inquirer%2finput 21ms (cache hit)
1202 silly packumentCache full:https://registry.npmjs.org/@inquirer%2finput set size:319406 disposed:false
1203 http cache https://registry.npmjs.org/@inquirer%2fconfirm 20ms (cache hit)
1204 silly packumentCache full:https://registry.npmjs.org/@inquirer%2fconfirm set size:320882 disposed:false
1205 http cache https://registry.npmjs.org/@inquirer%2fnumber 22ms (cache hit)
1206 silly packumentCache full:https://registry.npmjs.org/@inquirer%2fnumber set size:142567 disposed:false
1207 http cache https://registry.npmjs.org/@inquirer%2fpassword 8ms (cache hit)
1208 silly packumentCache full:https://registry.npmjs.org/@inquirer%2fpassword set size:318894 disposed:false
1209 http cache https://registry.npmjs.org/@inquirer%2fcheckbox 12ms (cache hit)
1210 silly packumentCache full:https://registry.npmjs.org/@inquirer%2fcheckbox set size:346573 disposed:false
1211 http cache https://registry.npmjs.org/@inquirer%2frawlist 18ms (cache hit)
1212 silly packumentCache full:https://registry.npmjs.org/@inquirer%2frawlist set size:288948 disposed:false
1213 silly placeDep ROOT @inquirer/checkbox@4.3.2 OK for: @inquirer/prompts@7.10.1 want: ^4.3.2
1214 silly placeDep ROOT @inquirer/confirm@5.1.21 OK for: @inquirer/prompts@7.10.1 want: ^5.1.21
1215 silly placeDep ROOT @inquirer/editor@4.2.23 OK for: @inquirer/prompts@7.10.1 want: ^4.2.23
1216 silly placeDep ROOT @inquirer/expand@4.0.23 OK for: @inquirer/prompts@7.10.1 want: ^4.0.23
1217 silly placeDep ROOT @inquirer/input@4.3.1 OK for: @inquirer/prompts@7.10.1 want: ^4.3.1
1218 silly placeDep ROOT @inquirer/number@3.0.23 OK for: @inquirer/prompts@7.10.1 want: ^3.0.23
1219 silly placeDep ROOT @inquirer/password@4.0.23 OK for: @inquirer/prompts@7.10.1 want: ^4.0.23
1220 silly placeDep ROOT @inquirer/rawlist@4.1.11 OK for: @inquirer/prompts@7.10.1 want: ^4.1.11
1221 silly placeDep ROOT @inquirer/search@3.2.2 OK for: @inquirer/prompts@7.10.1 want: ^3.2.2
1222 silly placeDep ROOT @inquirer/select@4.4.2 OK for: @inquirer/prompts@7.10.1 want: ^4.4.2
1223 silly fetch manifest @inquirer/ansi@^1.0.2
1224 silly packumentCache full:https://registry.npmjs.org/@inquirer%2fansi cache-miss
1225 silly fetch manifest @inquirer/core@^10.3.2
1226 silly packumentCache full:https://registry.npmjs.org/@inquirer%2fcore cache-miss
1227 silly fetch manifest @inquirer/type@^3.0.10
1228 silly packumentCache full:https://registry.npmjs.org/@inquirer%2ftype cache-miss
1229 silly fetch manifest yoctocolors-cjs@^2.1.3
1230 silly packumentCache full:https://registry.npmjs.org/yoctocolors-cjs cache-miss
1231 silly fetch manifest @inquirer/figures@^1.0.15
1232 silly packumentCache full:https://registry.npmjs.org/@inquirer%2ffigures cache-miss
1233 silly fetch manifest @inquirer/core@^10.3.2
1234 silly packumentCache full:https://registry.npmjs.org/@inquirer%2fcore cache-miss
1235 silly fetch manifest @inquirer/type@^3.0.10
1236 silly packumentCache full:https://registry.npmjs.org/@inquirer%2ftype cache-miss
1237 http fetch GET 200 https://registry.npmjs.org/yoctocolors-cjs 39ms (cache miss)
1238 silly packumentCache full:https://registry.npmjs.org/yoctocolors-cjs set size:undefined disposed:false
1239 silly fetch manifest @inquirer/core@^10.3.2
1240 silly packumentCache full:https://registry.npmjs.org/@inquirer%2fcore cache-miss
1241 http fetch GET 200 https://registry.npmjs.org/@inquirer%2fansi 45ms (cache miss)
1242 silly packumentCache full:https://registry.npmjs.org/@inquirer%2fansi set size:undefined disposed:false
1243 silly fetch manifest @inquirer/type@^3.0.10
1244 silly packumentCache full:https://registry.npmjs.org/@inquirer%2ftype cache-miss
1245 http fetch GET 200 https://registry.npmjs.org/@inquirer%2ftype 52ms (cache miss)
1246 silly packumentCache full:https://registry.npmjs.org/@inquirer%2ftype set size:undefined disposed:false
1247 silly fetch manifest @inquirer/external-editor@^1.0.3
1248 silly packumentCache full:https://registry.npmjs.org/@inquirer%2fexternal-editor cache-miss
1249 http fetch GET 200 https://registry.npmjs.org/@inquirer%2ftype 53ms (cache miss)
1250 silly packumentCache full:https://registry.npmjs.org/@inquirer%2ftype set size:undefined disposed:false
1251 silly fetch manifest @inquirer/core@^10.3.2
1252 silly packumentCache full:https://registry.npmjs.org/@inquirer%2fcore cache-miss
1253 http fetch GET 200 https://registry.npmjs.org/@inquirer%2fcore 56ms (cache miss)
1254 silly packumentCache full:https://registry.npmjs.org/@inquirer%2fcore set size:undefined disposed:false
1255 silly fetch manifest @inquirer/figures@^1.0.15
1256 silly packumentCache full:https://registry.npmjs.org/@inquirer%2ffigures cache-miss
1257 http fetch GET 200 https://registry.npmjs.org/@inquirer%2fcore 58ms (cache miss)
1258 silly packumentCache full:https://registry.npmjs.org/@inquirer%2fcore set size:undefined disposed:false
1259 silly fetch manifest @inquirer/figures@^1.0.15
1260 silly packumentCache full:https://registry.npmjs.org/@inquirer%2ffigures cache-miss
1261 http fetch GET 200 https://registry.npmjs.org/@inquirer%2fcore 45ms (cache miss)
1262 silly packumentCache full:https://registry.npmjs.org/@inquirer%2fcore set size:undefined disposed:false
1263 http fetch GET 200 https://registry.npmjs.org/@inquirer%2ftype 46ms (cache miss)
1264 silly packumentCache full:https://registry.npmjs.org/@inquirer%2ftype set size:undefined disposed:false
1265 http fetch GET 200 https://registry.npmjs.org/@inquirer%2fexternal-editor 43ms (cache miss)
1266 silly packumentCache full:https://registry.npmjs.org/@inquirer%2fexternal-editor set size:undefined disposed:false
1267 http fetch GET 200 https://registry.npmjs.org/@inquirer%2fcore 52ms (cache miss)
1268 silly packumentCache full:https://registry.npmjs.org/@inquirer%2fcore set size:undefined disposed:false
1269 http fetch GET 200 https://registry.npmjs.org/@inquirer%2ffigures 350ms (cache miss)
1270 silly packumentCache full:https://registry.npmjs.org/@inquirer%2ffigures set size:undefined disposed:false
1271 http fetch GET 200 https://registry.npmjs.org/@inquirer%2ffigures 292ms (cache miss)
1272 silly packumentCache full:https://registry.npmjs.org/@inquirer%2ffigures set size:undefined disposed:false
1273 http fetch GET 200 https://registry.npmjs.org/@inquirer%2ffigures 294ms (cache miss)
1274 silly packumentCache full:https://registry.npmjs.org/@inquirer%2ffigures set size:undefined disposed:false
1275 silly placeDep ROOT @inquirer/ansi@1.0.2 OK for: @inquirer/checkbox@4.3.2 want: ^1.0.2
1276 silly placeDep ROOT @inquirer/core@10.3.2 OK for: @inquirer/checkbox@4.3.2 want: ^10.3.2
1277 silly placeDep ROOT @inquirer/figures@1.0.15 OK for: @inquirer/checkbox@4.3.2 want: ^1.0.15
1278 silly placeDep ROOT @inquirer/type@3.0.10 OK for: @inquirer/checkbox@4.3.2 want: ^3.0.10
1279 silly placeDep ROOT yoctocolors-cjs@2.1.3 OK for: @inquirer/checkbox@4.3.2 want: ^2.1.3
1280 silly fetch manifest cli-width@^4.1.0
1281 silly packumentCache full:https://registry.npmjs.org/cli-width cache-miss
1282 silly fetch manifest wrap-ansi@^6.2.0
1283 silly packumentCache full:https://registry.npmjs.org/wrap-ansi cache-miss
1284 silly fetch manifest mute-stream@^2.0.0
1285 silly packumentCache full:https://registry.npmjs.org/mute-stream cache-miss
1286 silly fetch manifest signal-exit@^4.1.0
1287 silly packumentCache full:https://registry.npmjs.org/signal-exit cache-miss
1288 http fetch GET 200 https://registry.npmjs.org/cli-width 40ms (cache miss)
1289 silly packumentCache full:https://registry.npmjs.org/cli-width set size:undefined disposed:false
1290 http fetch GET 200 https://registry.npmjs.org/mute-stream 41ms (cache miss)
1291 silly packumentCache full:https://registry.npmjs.org/mute-stream set size:undefined disposed:false
1292 http fetch GET 200 https://registry.npmjs.org/signal-exit 42ms (cache miss)
1293 silly packumentCache full:https://registry.npmjs.org/signal-exit set size:undefined disposed:false
1294 http fetch GET 200 https://registry.npmjs.org/wrap-ansi 42ms (cache miss)
1295 silly packumentCache full:https://registry.npmjs.org/wrap-ansi set size:undefined disposed:false
1296 silly placeDep ROOT cli-width@4.1.0 OK for: @inquirer/core@10.3.2 want: ^4.1.0
1297 silly placeDep ROOT mute-stream@2.0.0 OK for: @inquirer/core@10.3.2 want: ^2.0.0
1298 silly placeDep ROOT signal-exit@4.1.0 OK for: @inquirer/core@10.3.2 want: ^4.1.0
1299 silly placeDep ROOT wrap-ansi@6.2.0 OK for: @inquirer/core@10.3.2 want: ^6.2.0
1300 silly fetch manifest ansi-styles@^4.0.0
1301 silly packumentCache full:https://registry.npmjs.org/ansi-styles cache-miss
1302 silly fetch manifest string-width@^4.1.0
1303 silly packumentCache full:https://registry.npmjs.org/string-width cache-miss
1304 http cache https://registry.npmjs.org/string-width 2ms (cache hit)
1305 silly packumentCache full:https://registry.npmjs.org/string-width set size:72458 disposed:false
1306 http fetch GET 200 https://registry.npmjs.org/ansi-styles 42ms (cache miss)
1307 silly packumentCache full:https://registry.npmjs.org/ansi-styles set size:undefined disposed:false
1308 silly placeDep ROOT @inquirer/external-editor@1.0.3 OK for: @inquirer/editor@4.2.23 want: ^1.0.3
1309 silly fetch manifest chardet@^2.1.1
1310 silly packumentCache full:https://registry.npmjs.org/chardet cache-miss
1311 silly fetch manifest iconv-lite@^0.7.0
1312 silly packumentCache full:https://registry.npmjs.org/iconv-lite cache-miss
1313 http fetch GET 200 https://registry.npmjs.org/iconv-lite 75ms (cache miss)
1314 silly packumentCache full:https://registry.npmjs.org/iconv-lite set size:undefined disposed:false
1315 http fetch GET 200 https://registry.npmjs.org/chardet 78ms (cache miss)
1316 silly packumentCache full:https://registry.npmjs.org/chardet set size:undefined disposed:false
1317 silly placeDep ROOT chardet@2.2.0 OK for: @inquirer/external-editor@1.0.3 want: ^2.1.1
1318 silly placeDep ROOT iconv-lite@0.7.3 OK for: @inquirer/external-editor@1.0.3 want: ^0.7.0
1319 silly fetch manifest safer-buffer@>= 2.1.2 < 3.0.0
1320 silly packumentCache full:https://registry.npmjs.org/safer-buffer cache-miss
1321 http fetch GET 200 https://registry.npmjs.org/safer-buffer 43ms (cache miss)
1322 silly packumentCache full:https://registry.npmjs.org/safer-buffer set size:undefined disposed:false
1323 silly placeDep ROOT file-type@21.3.4 OK for: @nestjs/common@11.1.28 want: 21.3.4
1324 silly placeDep ROOT iterare@1.2.1 OK for: @nestjs/common@11.1.28 want: 1.2.1
1325 silly placeDep ROOT load-esm@1.0.3 OK for: @nestjs/common@11.1.28 want: 1.0.3
1326 silly placeDep ROOT tslib@2.8.1 OK for: @nestjs/common@11.1.28 want: 2.8.1
1327 silly placeDep ROOT uid@2.0.2 OK for: @nestjs/common@11.1.28 want: 2.0.2
1328 silly fetch manifest strtok3@^10.3.4
1329 silly packumentCache full:https://registry.npmjs.org/strtok3 cache-miss
1330 silly fetch manifest token-types@^6.1.1
1331 silly packumentCache full:https://registry.npmjs.org/token-types cache-miss
1332 silly fetch manifest uint8array-extras@^1.4.0
1333 silly packumentCache full:https://registry.npmjs.org/uint8array-extras cache-miss
1334 silly fetch manifest @tokenizer/inflate@^0.4.1
1335 silly packumentCache full:https://registry.npmjs.org/@tokenizer%2finflate cache-miss
1336 silly fetch manifest @lukeed/csprng@^1.0.0
1337 silly packumentCache full:https://registry.npmjs.org/@lukeed%2fcsprng cache-miss
1338 http fetch GET 200 https://registry.npmjs.org/uint8array-extras 39ms (cache miss)
1339 silly packumentCache full:https://registry.npmjs.org/uint8array-extras set size:undefined disposed:false
1340 http fetch GET 200 https://registry.npmjs.org/@tokenizer%2finflate 48ms (cache miss)
1341 silly packumentCache full:https://registry.npmjs.org/@tokenizer%2finflate set size:undefined disposed:false
1342 http fetch GET 200 https://registry.npmjs.org/token-types 48ms (cache miss)
1343 silly packumentCache full:https://registry.npmjs.org/token-types set size:undefined disposed:false
1344 http fetch GET 200 https://registry.npmjs.org/@lukeed%2fcsprng 53ms (cache miss)
1345 silly packumentCache full:https://registry.npmjs.org/@lukeed%2fcsprng set size:undefined disposed:false
1346 http fetch GET 200 https://registry.npmjs.org/strtok3 57ms (cache miss)
1347 silly packumentCache full:https://registry.npmjs.org/strtok3 set size:undefined disposed:false
1348 silly placeDep ROOT fast-safe-stringify@2.1.1 OK for: @nestjs/core@11.1.28 want: 2.1.1
1349 silly placeDep ROOT path-to-regexp@8.4.2 OK for: @nestjs/core@11.1.28 want: 8.4.2
1350 silly placeDep ROOT cors@2.8.6 OK for: @nestjs/platform-express@11.1.28 want: 2.8.6
1351 silly placeDep ROOT express@5.2.1 OK for: @nestjs/platform-express@11.1.28 want: 5.2.1
1352 silly placeDep ROOT multer@2.2.0 OK for: @nestjs/platform-express@11.1.28 want: 2.2.0
1353 silly fetch manifest object-assign@^4
1354 silly packumentCache full:https://registry.npmjs.org/object-assign cache-miss
1355 silly fetch manifest vary@^1
1356 silly packumentCache full:https://registry.npmjs.org/vary cache-miss
1357 silly fetch manifest qs@^6.14.0
1358 silly packumentCache full:https://registry.npmjs.org/qs cache-miss
1359 silly fetch manifest depd@^2.0.0
1360 silly packumentCache full:https://registry.npmjs.org/depd cache-miss
1361 silly fetch manifest etag@^1.8.1
1362 silly packumentCache full:https://registry.npmjs.org/etag cache-miss
1363 silly fetch manifest once@^1.4.0
1364 silly packumentCache full:https://registry.npmjs.org/once cache-miss
1365 silly fetch manifest send@^1.1.0
1366 silly packumentCache full:https://registry.npmjs.org/send cache-miss
1367 http fetch GET 200 https://registry.npmjs.org/once 43ms (cache miss)
1368 silly packumentCache full:https://registry.npmjs.org/once set size:undefined disposed:false
1369 silly fetch manifest vary@^1.1.2
1370 silly packumentCache full:https://registry.npmjs.org/vary cache-miss
1371 http fetch GET 200 https://registry.npmjs.org/etag 44ms (cache miss)
1372 silly packumentCache full:https://registry.npmjs.org/etag set size:undefined disposed:false
1373 silly fetch manifest fresh@^2.0.0
1374 silly packumentCache full:https://registry.npmjs.org/fresh cache-miss
1375 http fetch GET 200 https://registry.npmjs.org/vary 46ms (cache miss)
1376 silly packumentCache full:https://registry.npmjs.org/vary set size:undefined disposed:false
1377 silly fetch manifest cookie@^0.7.1
1378 silly packumentCache full:https://registry.npmjs.org/cookie cache-miss
1379 http fetch GET 200 https://registry.npmjs.org/object-assign 46ms (cache miss)
1380 silly packumentCache full:https://registry.npmjs.org/object-assign set size:undefined disposed:false
1381 silly fetch manifest router@^2.2.0
1382 silly packumentCache full:https://registry.npmjs.org/router cache-miss
1383 http fetch GET 200 https://registry.npmjs.org/depd 48ms (cache miss)
1384 silly packumentCache full:https://registry.npmjs.org/depd set size:undefined disposed:false
1385 silly fetch manifest accepts@^2.0.0
1386 silly packumentCache full:https://registry.npmjs.org/accepts cache-miss
1387 http fetch GET 200 https://registry.npmjs.org/send 50ms (cache miss)
1388 silly packumentCache full:https://registry.npmjs.org/send set size:undefined disposed:false
1389 silly fetch manifest type-is@^2.0.1
1390 silly packumentCache full:https://registry.npmjs.org/type-is cache-miss
1391 http fetch GET 200 https://registry.npmjs.org/qs 52ms (cache miss)
1392 silly packumentCache full:https://registry.npmjs.org/qs set size:undefined disposed:false
1393 silly fetch manifest parseurl@^1.3.3
1394 silly packumentCache full:https://registry.npmjs.org/parseurl cache-miss
1395 http fetch GET 200 https://registry.npmjs.org/vary 37ms (cache miss)
1396 silly packumentCache full:https://registry.npmjs.org/vary set size:undefined disposed:false
1397 silly fetch manifest statuses@^2.0.1
1398 silly packumentCache full:https://registry.npmjs.org/statuses cache-miss
1399 http fetch GET 200 https://registry.npmjs.org/fresh 39ms (cache miss)
1400 silly packumentCache full:https://registry.npmjs.org/fresh set size:undefined disposed:false
1401 silly fetch manifest encodeurl@^2.0.0
1402 silly packumentCache full:https://registry.npmjs.org/encodeurl cache-miss
1403 http fetch GET 200 https://registry.npmjs.org/cookie 40ms (cache miss)
1404 silly packumentCache full:https://registry.npmjs.org/cookie set size:undefined disposed:false
1405 silly fetch manifest mime-types@^3.0.0
1406 silly packumentCache full:https://registry.npmjs.org/mime-types cache-miss
1407 http fetch GET 200 https://registry.npmjs.org/router 40ms (cache miss)
1408 silly packumentCache full:https://registry.npmjs.org/router set size:undefined disposed:false
1409 silly fetch manifest proxy-addr@^2.0.7
1410 silly packumentCache full:https://registry.npmjs.org/proxy-addr cache-miss
1411 http fetch GET 200 https://registry.npmjs.org/accepts 40ms (cache miss)
1412 silly packumentCache full:https://registry.npmjs.org/accepts set size:undefined disposed:false
1413 silly fetch manifest body-parser@^2.2.1
1414 silly packumentCache full:https://registry.npmjs.org/body-parser cache-miss
1415 http fetch GET 200 https://registry.npmjs.org/type-is 41ms (cache miss)
1416 silly packumentCache full:https://registry.npmjs.org/type-is set size:undefined disposed:false
1417 silly fetch manifest escape-html@^1.0.3
1418 silly packumentCache full:https://registry.npmjs.org/escape-html cache-miss
1419 http fetch GET 200 https://registry.npmjs.org/parseurl 40ms (cache miss)
1420 silly packumentCache full:https://registry.npmjs.org/parseurl set size:undefined disposed:false
1421 silly fetch manifest http-errors@^2.0.0
1422 silly packumentCache full:https://registry.npmjs.org/http-errors cache-miss
1423 http fetch GET 200 https://registry.npmjs.org/encodeurl 34ms (cache miss)
1424 silly packumentCache full:https://registry.npmjs.org/encodeurl set size:undefined disposed:false
1425 silly fetch manifest on-finished@^2.4.1
1426 silly packumentCache full:https://registry.npmjs.org/on-finished cache-miss
1427 http fetch GET 200 https://registry.npmjs.org/statuses 36ms (cache miss)
1428 silly packumentCache full:https://registry.npmjs.org/statuses set size:undefined disposed:false
1429 silly fetch manifest content-type@^1.0.5
1430 silly packumentCache full:https://registry.npmjs.org/content-type cache-miss
1431 http fetch GET 200 https://registry.npmjs.org/mime-types 38ms (cache miss)
1432 silly packumentCache full:https://registry.npmjs.org/mime-types set size:undefined disposed:false
1433 silly fetch manifest finalhandler@^2.1.0
1434 silly packumentCache full:https://registry.npmjs.org/finalhandler cache-miss
1435 http fetch GET 200 https://registry.npmjs.org/proxy-addr 37ms (cache miss)
1436 silly packumentCache full:https://registry.npmjs.org/proxy-addr set size:undefined disposed:false
1437 silly fetch manifest range-parser@^1.2.1
1438 silly packumentCache full:https://registry.npmjs.org/range-parser cache-miss
1439 http fetch GET 200 https://registry.npmjs.org/body-parser 39ms (cache miss)
1440 silly packumentCache full:https://registry.npmjs.org/body-parser set size:undefined disposed:false
1441 silly fetch manifest serve-static@^2.2.0
1442 silly packumentCache full:https://registry.npmjs.org/serve-static cache-miss
1443 http fetch GET 200 https://registry.npmjs.org/escape-html 38ms (cache miss)
1444 silly packumentCache full:https://registry.npmjs.org/escape-html set size:undefined disposed:false
1445 silly fetch manifest cookie-signature@^1.2.1
1446 silly packumentCache full:https://registry.npmjs.org/cookie-signature cache-miss
1447 http fetch GET 200 https://registry.npmjs.org/http-errors 37ms (cache miss)
1448 silly packumentCache full:https://registry.npmjs.org/http-errors set size:undefined disposed:false
1449 silly fetch manifest merge-descriptors@^2.0.0
1450 silly packumentCache full:https://registry.npmjs.org/merge-descriptors cache-miss
1451 http cache https://registry.npmjs.org/cookie-signature 2ms (cache hit)
1452 silly packumentCache full:https://registry.npmjs.org/cookie-signature set size:21777 disposed:false
1453 silly fetch manifest content-disposition@^1.0.0
1454 silly packumentCache full:https://registry.npmjs.org/content-disposition cache-miss
1455 http fetch GET 200 https://registry.npmjs.org/content-type 34ms (cache miss)
1456 silly packumentCache full:https://registry.npmjs.org/content-type set size:undefined disposed:false
1457 silly fetch manifest append-field@^1.0.0
1458 silly packumentCache full:https://registry.npmjs.org/append-field cache-miss
1459 http fetch GET 200 https://registry.npmjs.org/on-finished 35ms (cache miss)
1460 silly packumentCache full:https://registry.npmjs.org/on-finished set size:undefined disposed:false
1461 silly fetch manifest busboy@^1.6.0
1462 silly packumentCache full:https://registry.npmjs.org/busboy cache-miss
1463 http fetch GET 200 https://registry.npmjs.org/finalhandler 36ms (cache miss)
1464 silly packumentCache full:https://registry.npmjs.org/finalhandler set size:undefined disposed:false
1465 silly fetch manifest concat-stream@^2.0.0
1466 silly packumentCache full:https://registry.npmjs.org/concat-stream cache-miss
1467 http fetch GET 200 https://registry.npmjs.org/range-parser 36ms (cache miss)
1468 silly packumentCache full:https://registry.npmjs.org/range-parser set size:undefined disposed:false
1469 silly fetch manifest type-is@^1.6.18
1470 silly packumentCache full:https://registry.npmjs.org/type-is cache-miss
1471 http cache https://registry.npmjs.org/type-is 1ms (cache hit)
1472 silly packumentCache full:https://registry.npmjs.org/type-is set size:88614 disposed:false
1473 http fetch GET 200 https://registry.npmjs.org/merge-descriptors 35ms (cache miss)
1474 silly packumentCache full:https://registry.npmjs.org/merge-descriptors set size:undefined disposed:false
1475 http fetch GET 200 https://registry.npmjs.org/serve-static 39ms (cache miss)
1476 silly packumentCache full:https://registry.npmjs.org/serve-static set size:undefined disposed:false
1477 http fetch GET 200 https://registry.npmjs.org/content-disposition 36ms (cache miss)
1478 silly packumentCache full:https://registry.npmjs.org/content-disposition set size:undefined disposed:false
1479 http fetch GET 200 https://registry.npmjs.org/append-field 33ms (cache miss)
1480 silly packumentCache full:https://registry.npmjs.org/append-field set size:undefined disposed:false
1481 http fetch GET 200 https://registry.npmjs.org/busboy 39ms (cache miss)
1482 silly packumentCache full:https://registry.npmjs.org/busboy set size:undefined disposed:false
1483 http fetch GET 200 https://registry.npmjs.org/concat-stream 35ms (cache miss)
1484 silly packumentCache full:https://registry.npmjs.org/concat-stream set size:undefined disposed:false
1485 silly fetch manifest chokidar@^4.0.0
1486 silly packumentCache full:https://registry.npmjs.org/chokidar cache-hit
1487 silly placeDep node_modules/@nestjs/schematics @angular-devkit/core@19.2.24 OK for: @nestjs/schematics@11.1.0 want: 19.2.24
1488 silly placeDep node_modules/@nestjs/schematics @angular-devkit/schematics@19.2.24 OK for: @nestjs/schematics@11.1.0 want: 19.2.24
1489 silly placeDep ROOT comment-json@5.0.0 OK for: @nestjs/schematics@11.1.0 want: 5.0.0
1490 silly placeDep ROOT pluralize@8.0.0 OK for: @nestjs/schematics@11.1.0 want: 8.0.0
1491 silly fetch manifest array-timsort@^1.0.3
1492 silly packumentCache full:https://registry.npmjs.org/array-timsort cache-miss
1493 silly fetch manifest esprima@^4.0.1
1494 silly packumentCache full:https://registry.npmjs.org/esprima cache-miss
1495 http fetch GET 200 https://registry.npmjs.org/array-timsort 37ms (cache miss)
1496 silly packumentCache full:https://registry.npmjs.org/array-timsort set size:undefined disposed:false
1497 http fetch GET 200 https://registry.npmjs.org/esprima 41ms (cache miss)
1498 silly packumentCache full:https://registry.npmjs.org/esprima set size:undefined disposed:false
1499 silly placeDep ROOT @types/body-parser@1.19.6 OK for: @types/express@5.0.6 want: *
1500 silly placeDep ROOT @types/express-serve-static-core@5.1.2 OK for: @types/express@5.0.6 want: ^5.0.0
1501 silly placeDep ROOT @types/serve-static@2.2.0 OK for: @types/express@5.0.6 want: ^2
1502 silly fetch manifest @types/connect@*
1503 silly packumentCache full:https://registry.npmjs.org/@types%2fconnect cache-miss
1504 silly fetch manifest @types/qs@*
1505 silly packumentCache full:https://registry.npmjs.org/@types%2fqs cache-miss
1506 silly fetch manifest @types/send@*
1507 silly packumentCache full:https://registry.npmjs.org/@types%2fsend cache-miss
1508 silly fetch manifest @types/range-parser@*
1509 silly packumentCache full:https://registry.npmjs.org/@types%2frange-parser cache-miss
1510 silly fetch manifest @types/http-errors@*
1511 silly packumentCache full:https://registry.npmjs.org/@types%2fhttp-errors cache-miss
1512 http fetch GET 200 https://registry.npmjs.org/@types%2frange-parser 38ms (cache miss)
1513 silly packumentCache full:https://registry.npmjs.org/@types%2frange-parser set size:undefined disposed:false
1514 http fetch GET 200 https://registry.npmjs.org/@types%2fconnect 38ms (cache miss)
1515 silly packumentCache full:https://registry.npmjs.org/@types%2fconnect set size:undefined disposed:false
1516 http fetch GET 200 https://registry.npmjs.org/@types%2fsend 41ms (cache miss)
1517 silly packumentCache full:https://registry.npmjs.org/@types%2fsend set size:undefined disposed:false
1518 http fetch GET 200 https://registry.npmjs.org/@types%2fhttp-errors 40ms (cache miss)
1519 silly packumentCache full:https://registry.npmjs.org/@types%2fhttp-errors set size:undefined disposed:false
1520 http fetch GET 200 https://registry.npmjs.org/@types%2fqs 42ms (cache miss)
1521 silly packumentCache full:https://registry.npmjs.org/@types%2fqs set size:undefined disposed:false
1522 silly placeDep ROOT @types/connect@3.4.38 OK for: @types/body-parser@1.19.6 want: *
1523 silly placeDep ROOT @types/qs@6.15.1 OK for: @types/express-serve-static-core@5.1.2 want: *
1524 silly placeDep ROOT @types/range-parser@1.2.7 OK for: @types/express-serve-static-core@5.1.2 want: *
1525 silly placeDep ROOT @types/send@1.2.1 OK for: @types/express-serve-static-core@5.1.2 want: *
1526 silly placeDep ROOT expect@30.4.1 OK for: @types/jest@30.0.0 want: ^30.0.0
1527 silly placeDep ROOT pretty-format@30.4.1 OK for: @types/jest@30.0.0 want: ^30.0.0
1528 silly fetch manifest @jest/expect-utils@30.4.1
1529 silly packumentCache full:https://registry.npmjs.org/@jest%2fexpect-utils cache-miss
1530 silly fetch manifest @jest/get-type@30.1.0
1531 silly packumentCache full:https://registry.npmjs.org/@jest%2fget-type cache-miss
1532 silly fetch manifest jest-matcher-utils@30.4.1
1533 silly packumentCache full:https://registry.npmjs.org/jest-matcher-utils cache-miss
1534 silly fetch manifest jest-message-util@30.4.1
1535 silly packumentCache full:https://registry.npmjs.org/jest-message-util cache-miss
1536 silly fetch manifest jest-mock@30.4.1
1537 silly packumentCache full:https://registry.npmjs.org/jest-mock cache-miss
1538 silly fetch manifest jest-util@30.4.1
1539 silly packumentCache full:https://registry.npmjs.org/jest-util cache-miss
1540 silly fetch manifest @jest/schemas@30.4.1
1541 silly packumentCache full:https://registry.npmjs.org/@jest%2fschemas cache-miss
1542 http cache https://registry.npmjs.org/jest-util 3ms (cache hit)
1543 silly packumentCache full:https://registry.npmjs.org/jest-util set size:587891 disposed:false
1544 silly fetch manifest ansi-styles@^5.2.0
1545 silly packumentCache full:https://registry.npmjs.org/ansi-styles cache-miss
1546 http cache https://registry.npmjs.org/ansi-styles 1ms (cache hit)
1547 silly packumentCache full:https://registry.npmjs.org/ansi-styles set size:63233 disposed:false
1548 silly fetch manifest react-is-18@npm:react-is@^18.3.1
1549 silly packumentCache full:https://registry.npmjs.org/react-is cache-miss
1550 http fetch GET 200 https://registry.npmjs.org/@jest%2fexpect-utils 51ms (cache miss)
1551 silly packumentCache full:https://registry.npmjs.org/@jest%2fexpect-utils set size:undefined disposed:false
1552 silly fetch manifest react-is-19@npm:react-is@^19.2.5
1553 silly packumentCache full:https://registry.npmjs.org/react-is cache-miss
1554 http fetch GET 200 https://registry.npmjs.org/jest-matcher-utils 54ms (cache miss)
1555 silly packumentCache full:https://registry.npmjs.org/jest-matcher-utils set size:undefined disposed:false
1556 http fetch GET 200 https://registry.npmjs.org/jest-message-util 55ms (cache miss)
1557 silly packumentCache full:https://registry.npmjs.org/jest-message-util set size:undefined disposed:false
1558 http fetch GET 200 https://registry.npmjs.org/jest-mock 57ms (cache miss)
1559 silly packumentCache full:https://registry.npmjs.org/jest-mock set size:undefined disposed:false
1560 http fetch GET 200 https://registry.npmjs.org/@jest%2fschemas 142ms (cache miss)
1561 silly packumentCache full:https://registry.npmjs.org/@jest%2fschemas set size:undefined disposed:false
1562 http fetch GET 200 https://registry.npmjs.org/react-is 168ms (cache miss)
1563 silly packumentCache full:https://registry.npmjs.org/react-is set size:undefined disposed:false
1564 http fetch GET 200 https://registry.npmjs.org/react-is 157ms (cache miss)
1565 silly packumentCache full:https://registry.npmjs.org/react-is set size:undefined disposed:false
1566 http fetch GET 200 https://registry.npmjs.org/@jest%2fget-type 318ms (cache miss)
1567 silly packumentCache full:https://registry.npmjs.org/@jest%2fget-type set size:undefined disposed:false
1568 silly placeDep ROOT undici-types@7.18.2 OK for: @types/node@24.13.3 want: ~7.18.0
1569 silly placeDep ROOT @types/http-errors@2.0.5 OK for: @types/serve-static@2.2.0 want: *
1570 silly placeDep ROOT @types/methods@1.1.4 OK for: @types/supertest@7.2.1 want: ^1.1.4
1571 silly placeDep ROOT @types/superagent@8.1.11 OK for: @types/supertest@7.2.1 want: ^8.1.0
1572 silly fetch manifest form-data@^4.0.0
1573 silly packumentCache full:https://registry.npmjs.org/form-data cache-miss
1574 silly fetch manifest @types/cookiejar@^2.1.5
1575 silly packumentCache full:https://registry.npmjs.org/@types%2fcookiejar cache-miss
1576 http fetch GET 200 https://registry.npmjs.org/form-data 39ms (cache miss)
1577 silly packumentCache full:https://registry.npmjs.org/form-data set size:undefined disposed:false
1578 http fetch GET 200 https://registry.npmjs.org/@types%2fcookiejar 317ms (cache miss)
1579 silly packumentCache full:https://registry.npmjs.org/@types%2fcookiejar set size:undefined disposed:false
1580 silly placeDep ROOT @types/cookiejar@2.1.5 OK for: @types/superagent@8.1.11 want: ^2.1.5
1581 silly placeDep ROOT form-data@4.0.6 OK for: @types/superagent@8.1.11 want: ^4.0.0
1582 silly fetch manifest hasown@^2.0.4
1583 silly packumentCache full:https://registry.npmjs.org/hasown cache-miss
1584 silly fetch manifest asynckit@^0.4.0
1585 silly packumentCache full:https://registry.npmjs.org/asynckit cache-miss
1586 silly fetch manifest mime-types@^2.1.35
1587 silly packumentCache full:https://registry.npmjs.org/mime-types cache-miss
1588 silly fetch manifest combined-stream@^1.0.8
1589 silly packumentCache full:https://registry.npmjs.org/combined-stream cache-miss
1590 silly fetch manifest es-set-tostringtag@^2.1.0
1591 silly packumentCache full:https://registry.npmjs.org/es-set-tostringtag cache-miss
1592 http cache https://registry.npmjs.org/mime-types 7ms (cache hit)
1593 silly packumentCache full:https://registry.npmjs.org/mime-types set size:139110 disposed:false
1594 http fetch GET 200 https://registry.npmjs.org/hasown 40ms (cache miss)
1595 silly packumentCache full:https://registry.npmjs.org/hasown set size:undefined disposed:false
1596 http fetch GET 200 https://registry.npmjs.org/combined-stream 42ms (cache miss)
1597 silly packumentCache full:https://registry.npmjs.org/combined-stream set size:undefined disposed:false
1598 http fetch GET 200 https://registry.npmjs.org/asynckit 44ms (cache miss)
1599 silly packumentCache full:https://registry.npmjs.org/asynckit set size:undefined disposed:false
1600 http fetch GET 200 https://registry.npmjs.org/es-set-tostringtag 44ms (cache miss)
1601 silly packumentCache full:https://registry.npmjs.org/es-set-tostringtag set size:undefined disposed:false
1602 silly placeDep ROOT fast-deep-equal@3.1.3 OK for: ajv@6.15.0 want: ^3.1.1
1603 silly placeDep ROOT fast-json-stable-stringify@2.1.0 OK for: ajv@6.15.0 want: ^2.0.0
1604 silly placeDep ROOT json-schema-traverse@0.4.1 OK for: ajv@6.15.0 want: ^0.4.1
1605 silly placeDep ROOT uri-js@4.4.1 OK for: ajv@6.15.0 want: ^4.2.2
1606 silly fetch manifest punycode@^2.1.0
1607 silly packumentCache full:https://registry.npmjs.org/punycode cache-miss
1608 http fetch GET 200 https://registry.npmjs.org/punycode 37ms (cache miss)
1609 silly packumentCache full:https://registry.npmjs.org/punycode set size:undefined disposed:false
1610 silly placeDep node_modules/ajv-formats ajv@8.20.0 OK for: ajv-formats@3.0.1 want: ^8.0.0
1611 silly placeDep ROOT readdirp@4.1.2 OK for: chokidar@4.0.3 want: ^4.0.1
1612 silly placeDep ROOT @colors/colors@1.5.0 OK for: cli-table3@0.6.5 want: 1.5.0
1613 silly placeDep ROOT string-width@4.2.3 OK for: cli-table3@0.6.5 want: ^4.2.0
1614 silly fetch manifest strip-ansi@^6.0.1
1615 silly packumentCache full:https://registry.npmjs.org/strip-ansi cache-miss
1616 silly fetch manifest emoji-regex@^8.0.0
1617 silly packumentCache full:https://registry.npmjs.org/emoji-regex cache-miss
1618 silly fetch manifest is-fullwidth-code-point@^3.0.0
1619 silly packumentCache full:https://registry.npmjs.org/is-fullwidth-code-point cache-miss
1620 http cache https://registry.npmjs.org/strip-ansi 3ms (cache hit)
1621 silly packumentCache full:https://registry.npmjs.org/strip-ansi set size:44998 disposed:false
1622 http fetch GET 200 https://registry.npmjs.org/is-fullwidth-code-point 37ms (cache miss)
1623 silly packumentCache full:https://registry.npmjs.org/is-fullwidth-code-point set size:undefined disposed:false
1624 http fetch GET 200 https://registry.npmjs.org/emoji-regex 37ms (cache miss)
1625 silly packumentCache full:https://registry.npmjs.org/emoji-regex set size:undefined disposed:false
1626 silly placeDep ROOT array-timsort@1.0.3 OK for: comment-json@5.0.0 want: ^1.0.3
1627 silly placeDep ROOT esprima@4.0.1 OK for: comment-json@5.0.0 want: ^4.0.1
1628 silly placeDep ROOT object-assign@4.1.1 OK for: cors@2.8.6 want: ^4
1629 silly placeDep ROOT vary@1.1.2 OK for: cors@2.8.6 want: ^1
1630 silly placeDep ROOT ms@2.1.3 OK for: debug@4.4.3 want: ^2.1.3
1631 silly fetch manifest eslint@^6.0.0 || ^7.0.0 || >=8.0.0
1632 silly packumentCache full:https://registry.npmjs.org/eslint cache-miss
1633 http cache https://registry.npmjs.org/eslint 4ms (cache hit)
1634 silly packumentCache full:https://registry.npmjs.org/eslint set size:2033084 disposed:false
1635 silly placeDep ROOT @eslint-community/eslint-utils@4.9.1 OK for: eslint@9.39.5 want: ^4.8.0
1636 silly placeDep ROOT @eslint-community/regexpp@4.12.2 OK for: eslint@9.39.5 want: ^4.12.1
1637 silly placeDep ROOT @eslint/config-array@0.21.2 OK for: eslint@9.39.5 want: ^0.21.2
1638 silly placeDep ROOT @eslint/config-helpers@0.4.2 OK for: eslint@9.39.5 want: ^0.4.2
1639 silly placeDep ROOT @eslint/core@0.17.0 OK for: eslint@9.39.5 want: ^0.17.0
1640 silly placeDep ROOT @eslint/plugin-kit@0.4.1 OK for: eslint@9.39.5 want: ^0.4.1
1641 silly placeDep ROOT @humanfs/node@0.16.8 OK for: eslint@9.39.5 want: ^0.16.6
1642 silly placeDep ROOT @humanwhocodes/module-importer@1.0.1 OK for: eslint@9.39.5 want: ^1.0.1
1643 silly placeDep ROOT @humanwhocodes/retry@0.4.3 OK for: eslint@9.39.5 want: ^0.4.2
1644 silly placeDep ROOT @types/estree@1.0.9 OK for: eslint@9.39.5 want: ^1.0.6
1645 silly placeDep ROOT chalk@4.1.2 OK for: eslint@9.39.5 want: ^4.0.0
1646 silly placeDep ROOT cross-spawn@7.0.6 OK for: eslint@9.39.5 want: ^7.0.6
1647 silly placeDep ROOT escape-string-regexp@4.0.0 OK for: eslint@9.39.5 want: ^4.0.0
1648 silly placeDep ROOT eslint-scope@8.4.0 OK for: eslint@9.39.5 want: ^8.4.0
1649 silly placeDep ROOT eslint-visitor-keys@4.2.1 OK for: eslint@9.39.5 want: ^4.2.1
1650 silly placeDep ROOT esquery@1.7.0 OK for: eslint@9.39.5 want: ^1.5.0
1651 silly placeDep ROOT esutils@2.0.3 OK for: eslint@9.39.5 want: ^2.0.2
1652 silly placeDep ROOT file-entry-cache@8.0.0 OK for: eslint@9.39.5 want: ^8.0.0
1653 silly placeDep ROOT find-up@5.0.0 OK for: eslint@9.39.5 want: ^5.0.0
1654 silly placeDep ROOT glob-parent@6.0.2 OK for: eslint@9.39.5 want: ^6.0.2
1655 silly placeDep ROOT imurmurhash@0.1.4 OK for: eslint@9.39.5 want: ^0.1.4
1656 silly placeDep ROOT is-glob@4.0.3 OK for: eslint@9.39.5 want: ^4.0.0
1657 silly placeDep ROOT json-stable-stringify-without-jsonify@1.0.1 OK for: eslint@9.39.5 want: ^1.0.1
1658 silly placeDep ROOT lodash.merge@4.6.2 OK for: eslint@9.39.5 want: ^4.6.2
1659 silly placeDep ROOT natural-compare@1.4.0 OK for: eslint@9.39.5 want: ^1.4.0
1660 silly placeDep ROOT optionator@0.9.4 OK for: eslint@9.39.5 want: ^0.9.3
1661 silly fetch manifest eslint-visitor-keys@^3.4.3
1662 silly packumentCache full:https://registry.npmjs.org/eslint-visitor-keys cache-miss
1663 silly fetch manifest @eslint/object-schema@^2.1.7
1664 silly packumentCache full:https://registry.npmjs.org/@eslint%2fobject-schema cache-miss
1665 silly fetch manifest levn@^0.4.1
1666 silly packumentCache full:https://registry.npmjs.org/levn cache-miss
1667 silly fetch manifest @humanwhocodes/retry@^0.4.0
1668 silly packumentCache full:https://registry.npmjs.org/@humanwhocodes%2fretry cache-miss
1669 silly fetch manifest @humanfs/core@^0.19.2
1670 silly packumentCache full:https://registry.npmjs.org/@humanfs%2fcore cache-miss
1671 silly fetch manifest @humanfs/types@^0.15.0
1672 silly packumentCache full:https://registry.npmjs.org/@humanfs%2ftypes cache-miss
1673 silly fetch manifest ansi-styles@^4.1.0
1674 silly packumentCache full:https://registry.npmjs.org/ansi-styles cache-hit
1675 silly fetch manifest supports-color@^7.1.0
1676 silly packumentCache full:https://registry.npmjs.org/supports-color cache-miss
1677 http cache https://registry.npmjs.org/@humanwhocodes%2fretry 9ms (cache hit)
1678 silly packumentCache full:https://registry.npmjs.org/@humanwhocodes%2fretry set size:42348 disposed:false
1679 silly fetch manifest which@^2.0.1
1680 silly packumentCache full:https://registry.npmjs.org/which cache-miss
1681 http cache https://registry.npmjs.org/eslint-visitor-keys 11ms (cache hit)
1682 silly packumentCache full:https://registry.npmjs.org/eslint-visitor-keys set size:69949 disposed:false
1683 silly fetch manifest path-key@^3.1.0
1684 silly packumentCache full:https://registry.npmjs.org/path-key cache-miss
1685 http fetch GET 200 https://registry.npmjs.org/levn 42ms (cache miss)
1686 silly packumentCache full:https://registry.npmjs.org/levn set size:undefined disposed:false
1687 silly fetch manifest shebang-command@^2.0.0
1688 silly packumentCache full:https://registry.npmjs.org/shebang-command cache-miss
1689 http fetch GET 200 https://registry.npmjs.org/path-key 33ms (cache miss)
1690 silly packumentCache full:https://registry.npmjs.org/path-key set size:undefined disposed:false
1691 silly fetch manifest esrecurse@^4.3.0
1692 silly packumentCache full:https://registry.npmjs.org/esrecurse cache-miss
1693 http fetch GET 200 https://registry.npmjs.org/supports-color 45ms (cache miss)
1694 silly packumentCache full:https://registry.npmjs.org/supports-color set size:undefined disposed:false
1695 silly fetch manifest estraverse@^5.2.0
1696 silly packumentCache full:https://registry.npmjs.org/estraverse cache-miss
1697 http fetch GET 200 https://registry.npmjs.org/which 37ms (cache miss)
1698 silly packumentCache full:https://registry.npmjs.org/which set size:undefined disposed:false
1699 silly fetch manifest estraverse@^5.1.0
1700 silly packumentCache full:https://registry.npmjs.org/estraverse cache-miss
1701 http fetch GET 200 https://registry.npmjs.org/@humanfs%2ftypes 50ms (cache miss)
1702 silly packumentCache full:https://registry.npmjs.org/@humanfs%2ftypes set size:undefined disposed:false
1703 silly fetch manifest flat-cache@^4.0.0
1704 silly packumentCache full:https://registry.npmjs.org/flat-cache cache-miss
1705 http fetch GET 200 https://registry.npmjs.org/@eslint%2fobject-schema 52ms (cache miss)
1706 silly packumentCache full:https://registry.npmjs.org/@eslint%2fobject-schema set size:undefined disposed:false
1707 silly fetch manifest locate-path@^6.0.0
1708 silly packumentCache full:https://registry.npmjs.org/locate-path cache-miss
1709 http fetch GET 200 https://registry.npmjs.org/@humanfs%2fcore 53ms (cache miss)
1710 silly packumentCache full:https://registry.npmjs.org/@humanfs%2fcore set size:undefined disposed:false
1711 silly fetch manifest path-exists@^4.0.0
1712 silly packumentCache full:https://registry.npmjs.org/path-exists cache-miss
1713 http fetch GET 200 https://registry.npmjs.org/shebang-command 35ms (cache miss)
1714 silly packumentCache full:https://registry.npmjs.org/shebang-command set size:undefined disposed:false
1715 silly fetch manifest is-glob@^4.0.3
1716 silly packumentCache full:https://registry.npmjs.org/is-glob cache-miss
1717 http cache https://registry.npmjs.org/is-glob 1ms (cache hit)
1718 silly packumentCache full:https://registry.npmjs.org/is-glob set size:40530 disposed:false
1719 silly fetch manifest is-extglob@^2.1.1
1720 silly packumentCache full:https://registry.npmjs.org/is-extglob cache-miss
1721 http fetch GET 200 https://registry.npmjs.org/esrecurse 37ms (cache miss)
1722 silly packumentCache full:https://registry.npmjs.org/esrecurse set size:undefined disposed:false
1723 silly fetch manifest prelude-ls@^1.2.1
1724 silly packumentCache full:https://registry.npmjs.org/prelude-ls cache-miss
1725 http fetch GET 200 https://registry.npmjs.org/estraverse 36ms (cache miss)
1726 silly packumentCache full:https://registry.npmjs.org/estraverse set size:undefined disposed:false
1727 silly fetch manifest deep-is@^0.1.3
1728 silly packumentCache full:https://registry.npmjs.org/deep-is cache-miss
1729 http fetch GET 200 https://registry.npmjs.org/estraverse 35ms (cache miss)
1730 silly packumentCache full:https://registry.npmjs.org/estraverse set size:undefined disposed:false
1731 silly fetch manifest word-wrap@^1.2.5
1732 silly packumentCache full:https://registry.npmjs.org/word-wrap cache-miss
1733 http fetch GET 200 https://registry.npmjs.org/locate-path 35ms (cache miss)
1734 silly packumentCache full:https://registry.npmjs.org/locate-path set size:undefined disposed:false
1735 silly fetch manifest type-check@^0.4.0
1736 silly packumentCache full:https://registry.npmjs.org/type-check cache-miss
1737 http fetch GET 200 https://registry.npmjs.org/path-exists 32ms (cache miss)
1738 silly packumentCache full:https://registry.npmjs.org/path-exists set size:undefined disposed:false
1739 silly fetch manifest fast-levenshtein@^2.0.6
1740 silly packumentCache full:https://registry.npmjs.org/fast-levenshtein cache-miss
1741 http fetch GET 200 https://registry.npmjs.org/flat-cache 38ms (cache miss)
1742 silly packumentCache full:https://registry.npmjs.org/flat-cache set size:undefined disposed:false
1743 http fetch GET 200 https://registry.npmjs.org/is-extglob 35ms (cache miss)
1744 silly packumentCache full:https://registry.npmjs.org/is-extglob set size:undefined disposed:false
1745 http fetch GET 200 https://registry.npmjs.org/deep-is 34ms (cache miss)
1746 silly packumentCache full:https://registry.npmjs.org/deep-is set size:undefined disposed:false
1747 http fetch GET 200 https://registry.npmjs.org/prelude-ls 36ms (cache miss)
1748 silly packumentCache full:https://registry.npmjs.org/prelude-ls set size:undefined disposed:false
1749 http fetch GET 200 https://registry.npmjs.org/word-wrap 35ms (cache miss)
1750 silly packumentCache full:https://registry.npmjs.org/word-wrap set size:undefined disposed:false
1751 http fetch GET 200 https://registry.npmjs.org/type-check 33ms (cache miss)
1752 silly packumentCache full:https://registry.npmjs.org/type-check set size:undefined disposed:false
1753 http fetch GET 200 https://registry.npmjs.org/fast-levenshtein 191ms (cache miss)
1754 silly packumentCache full:https://registry.npmjs.org/fast-levenshtein set size:undefined disposed:false
1755 silly placeDep node_modules/@eslint-community/eslint-utils eslint-visitor-keys@3.4.3 OK for: @eslint-community/eslint-utils@4.9.1 want: ^3.4.3
1756 silly placeDep ROOT @eslint/object-schema@2.1.7 OK for: @eslint/config-array@0.21.2 want: ^2.1.7
1757 silly placeDep ROOT @types/json-schema@7.0.15 OK for: @eslint/core@0.17.0 want: ^7.0.15
1758 silly placeDep ROOT levn@0.4.1 OK for: @eslint/plugin-kit@0.4.1 want: ^0.4.1
1759 silly fetch manifest type-check@~0.4.0
1760 silly packumentCache full:https://registry.npmjs.org/type-check cache-miss
1761 http cache https://registry.npmjs.org/type-check 1ms (cache hit)
1762 silly packumentCache full:https://registry.npmjs.org/type-check set size:21221 disposed:false
1763 silly placeDep ROOT @humanfs/core@0.19.2 OK for: @humanfs/node@0.16.8 want: ^0.19.2
1764 silly placeDep ROOT @humanfs/types@0.15.0 OK for: @humanfs/node@0.16.8 want: ^0.15.0
1765 silly placeDep ROOT ansi-styles@4.3.0 OK for: chalk@4.1.2 want: ^4.1.0
1766 silly placeDep ROOT supports-color@7.2.0 OK for: chalk@4.1.2 want: ^7.1.0
1767 silly fetch manifest color-convert@^2.0.1
1768 silly packumentCache full:https://registry.npmjs.org/color-convert cache-miss
1769 silly fetch manifest has-flag@^4.0.0
1770 silly packumentCache full:https://registry.npmjs.org/has-flag cache-miss
1771 http fetch GET 200 https://registry.npmjs.org/has-flag 36ms (cache miss)
1772 silly packumentCache full:https://registry.npmjs.org/has-flag set size:undefined disposed:false
1773 http fetch GET 200 https://registry.npmjs.org/color-convert 41ms (cache miss)
1774 silly packumentCache full:https://registry.npmjs.org/color-convert set size:undefined disposed:false
1775 silly placeDep ROOT color-convert@2.0.1 OK for: ansi-styles@4.3.0 want: ^2.0.1
1776 silly fetch manifest color-name@~1.1.4
1777 silly packumentCache full:https://registry.npmjs.org/color-name cache-miss
1778 http fetch GET 200 https://registry.npmjs.org/color-name 35ms (cache miss)
1779 silly packumentCache full:https://registry.npmjs.org/color-name set size:undefined disposed:false
1780 silly placeDep ROOT color-name@1.1.4 OK for: color-convert@2.0.1 want: ~1.1.4
1781 silly placeDep ROOT path-key@3.1.1 OK for: cross-spawn@7.0.6 want: ^3.1.0
1782 silly placeDep ROOT shebang-command@2.0.0 OK for: cross-spawn@7.0.6 want: ^2.0.0
1783 silly placeDep ROOT which@2.0.2 OK for: cross-spawn@7.0.6 want: ^2.0.1
1784 silly fetch manifest shebang-regex@^3.0.0
1785 silly packumentCache full:https://registry.npmjs.org/shebang-regex cache-miss
1786 silly fetch manifest isexe@^2.0.0
1787 silly packumentCache full:https://registry.npmjs.org/isexe cache-miss
1788 http fetch GET 200 https://registry.npmjs.org/shebang-regex 37ms (cache miss)
1789 silly packumentCache full:https://registry.npmjs.org/shebang-regex set size:undefined disposed:false
1790 http fetch GET 200 https://registry.npmjs.org/isexe 38ms (cache miss)
1791 silly packumentCache full:https://registry.npmjs.org/isexe set size:undefined disposed:false
1792 silly placeDep ROOT prettier-linter-helpers@1.0.1 OK for: eslint-plugin-prettier@5.5.6 want: ^1.0.1
1793 silly placeDep ROOT synckit@0.11.13 OK for: eslint-plugin-prettier@5.5.6 want: ^0.11.13
1794 silly fetch manifest fast-diff@^1.1.2
1795 silly packumentCache full:https://registry.npmjs.org/fast-diff cache-miss
1796 silly fetch manifest @pkgr/core@^0.3.6
1797 silly packumentCache full:https://registry.npmjs.org/@pkgr%2fcore cache-miss
1798 http fetch GET 200 https://registry.npmjs.org/fast-diff 40ms (cache miss)
1799 silly packumentCache full:https://registry.npmjs.org/fast-diff set size:undefined disposed:false
1800 http fetch GET 200 https://registry.npmjs.org/@pkgr%2fcore 47ms (cache miss)
1801 silly packumentCache full:https://registry.npmjs.org/@pkgr%2fcore set size:undefined disposed:false
1802 silly placeDep ROOT esrecurse@4.3.0 OK for: eslint-scope@8.4.0 want: ^4.3.0
1803 silly placeDep ROOT estraverse@5.3.0 OK for: eslint-scope@8.4.0 want: ^5.2.0
1804 silly placeDep ROOT acorn@8.17.0 OK for: espree@10.4.0 want: ^8.15.0
1805 silly placeDep ROOT acorn-jsx@5.3.2 OK for: espree@10.4.0 want: ^5.3.2
1806 silly placeDep ROOT @jest/expect-utils@30.4.1 OK for: expect@30.4.1 want: 30.4.1
1807 silly placeDep ROOT @jest/get-type@30.1.0 OK for: expect@30.4.1 want: 30.1.0
1808 silly placeDep ROOT jest-matcher-utils@30.4.1 OK for: expect@30.4.1 want: 30.4.1
1809 silly placeDep ROOT jest-message-util@30.4.1 OK for: expect@30.4.1 want: 30.4.1
1810 silly placeDep ROOT jest-mock@30.4.1 OK for: expect@30.4.1 want: 30.4.1
1811 silly placeDep ROOT jest-util@30.4.1 OK for: expect@30.4.1 want: 30.4.1
1812 silly fetch manifest jest-diff@30.4.1
1813 silly packumentCache full:https://registry.npmjs.org/jest-diff cache-miss
1814 silly fetch manifest @babel/code-frame@^7.27.1
1815 silly packumentCache full:https://registry.npmjs.org/@babel%2fcode-frame cache-miss
1816 silly fetch manifest @types/stack-utils@^2.0.3
1817 silly packumentCache full:https://registry.npmjs.org/@types%2fstack-utils cache-miss
1818 silly fetch manifest slash@^3.0.0
1819 silly packumentCache full:https://registry.npmjs.org/slash cache-miss
1820 silly fetch manifest stack-utils@^2.0.6
1821 silly packumentCache full:https://registry.npmjs.org/stack-utils cache-miss
1822 silly fetch manifest ci-info@^4.2.0
1823 silly packumentCache full:https://registry.npmjs.org/ci-info cache-miss
1824 http cache https://registry.npmjs.org/@babel%2fcode-frame 5ms (cache hit)
1825 silly packumentCache full:https://registry.npmjs.org/@babel%2fcode-frame set size:206617 disposed:false
1826 http fetch GET 200 https://registry.npmjs.org/slash 40ms (cache miss)
1827 silly packumentCache full:https://registry.npmjs.org/slash set size:undefined disposed:false
1828 http fetch GET 200 https://registry.npmjs.org/@types%2fstack-utils 42ms (cache miss)
1829 silly packumentCache full:https://registry.npmjs.org/@types%2fstack-utils set size:undefined disposed:false
1830 http fetch GET 200 https://registry.npmjs.org/stack-utils 41ms (cache miss)
1831 silly packumentCache full:https://registry.npmjs.org/stack-utils set size:undefined disposed:false
1832 http fetch GET 200 https://registry.npmjs.org/jest-diff 57ms (cache miss)
1833 silly packumentCache full:https://registry.npmjs.org/jest-diff set size:undefined disposed:false
1834 http fetch GET 200 https://registry.npmjs.org/ci-info 188ms (cache miss)
1835 silly packumentCache full:https://registry.npmjs.org/ci-info set size:undefined disposed:false
1836 silly placeDep ROOT accepts@2.0.0 OK for: express@5.2.1 want: ^2.0.0
1837 silly placeDep ROOT body-parser@2.3.0 OK for: express@5.2.1 want: ^2.2.1
1838 silly placeDep ROOT content-disposition@1.1.0 OK for: express@5.2.1 want: ^1.0.0
1839 silly placeDep ROOT content-type@1.0.5 OK for: express@5.2.1 want: ^1.0.5
1840 silly placeDep ROOT cookie@0.7.2 OK for: express@5.2.1 want: ^0.7.1
1841 silly placeDep ROOT cookie-signature@1.2.2 OK for: express@5.2.1 want: ^1.2.1
1842 silly placeDep ROOT depd@2.0.0 OK for: express@5.2.1 want: ^2.0.0
1843 silly placeDep ROOT encodeurl@2.0.0 OK for: express@5.2.1 want: ^2.0.0
1844 silly placeDep ROOT escape-html@1.0.3 OK for: express@5.2.1 want: ^1.0.3
1845 silly placeDep ROOT etag@1.8.1 OK for: express@5.2.1 want: ^1.8.1
1846 silly placeDep ROOT finalhandler@2.1.1 OK for: express@5.2.1 want: ^2.1.0
1847 silly placeDep ROOT fresh@2.0.0 OK for: express@5.2.1 want: ^2.0.0
1848 silly placeDep ROOT http-errors@2.0.1 OK for: express@5.2.1 want: ^2.0.0
1849 silly placeDep ROOT merge-descriptors@2.0.0 OK for: express@5.2.1 want: ^2.0.0
1850 silly placeDep ROOT mime-types@3.0.2 OK for: express@5.2.1 want: ^3.0.0
1851 silly placeDep ROOT on-finished@2.4.1 OK for: express@5.2.1 want: ^2.4.1
1852 silly placeDep ROOT once@1.4.0 OK for: express@5.2.1 want: ^1.4.0
1853 silly placeDep ROOT parseurl@1.3.3 OK for: express@5.2.1 want: ^1.3.3
1854 silly placeDep ROOT proxy-addr@2.0.7 OK for: express@5.2.1 want: ^2.0.7
1855 silly placeDep ROOT qs@6.15.3 OK for: express@5.2.1 want: ^6.14.0
1856 silly placeDep ROOT range-parser@1.3.0 OK for: express@5.2.1 want: ^1.2.1
1857 silly placeDep ROOT router@2.2.0 OK for: express@5.2.1 want: ^2.2.0
1858 silly placeDep ROOT send@1.2.1 OK for: express@5.2.1 want: ^1.1.0
1859 silly placeDep ROOT serve-static@2.2.1 OK for: express@5.2.1 want: ^2.2.0
1860 silly placeDep ROOT statuses@2.0.2 OK for: express@5.2.1 want: ^2.0.1
1861 silly placeDep ROOT type-is@2.1.0 OK for: express@5.2.1 want: ^2.0.1
1862 silly fetch manifest negotiator@^1.0.0
1863 silly packumentCache full:https://registry.npmjs.org/negotiator cache-miss
1864 silly fetch manifest qs@^6.15.2
1865 silly packumentCache full:https://registry.npmjs.org/qs cache-miss
1866 silly fetch manifest bytes@^3.1.2
1867 silly packumentCache full:https://registry.npmjs.org/bytes cache-miss
1868 silly fetch manifest type-is@^2.1.0
1869 silly packumentCache full:https://registry.npmjs.org/type-is cache-hit
1870 silly fetch manifest raw-body@^3.0.2
1871 silly packumentCache full:https://registry.npmjs.org/raw-body cache-miss
1872 silly fetch manifest http-errors@^2.0.1
1873 silly packumentCache full:https://registry.npmjs.org/http-errors cache-miss
1874 silly fetch manifest content-type@^2.0.0
1875 silly packumentCache full:https://registry.npmjs.org/content-type cache-miss
1876 silly fetch manifest inherits@~2.0.4
1877 silly packumentCache full:https://registry.npmjs.org/inherits cache-miss
1878 http cache https://registry.npmjs.org/http-errors 4ms (cache hit)
1879 silly packumentCache full:https://registry.npmjs.org/http-errors set size:71987 disposed:false
1880 silly fetch manifest setprototypeof@~1.2.0
1881 silly packumentCache full:https://registry.npmjs.org/setprototypeof cache-miss
1882 http cache https://registry.npmjs.org/qs 5ms (cache hit)
1883 silly packumentCache full:https://registry.npmjs.org/qs set size:360318 disposed:false
1884 silly fetch manifest statuses@~2.0.2
1885 silly packumentCache full:https://registry.npmjs.org/statuses cache-miss
1886 http cache https://registry.npmjs.org/content-type 6ms (cache hit)
1887 silly packumentCache full:https://registry.npmjs.org/content-type set size:18994 disposed:false
1888 silly fetch manifest toidentifier@~1.0.1
1889 silly packumentCache full:https://registry.npmjs.org/toidentifier cache-miss
1890 http cache https://registry.npmjs.org/statuses 2ms (cache hit)
1891 silly packumentCache full:https://registry.npmjs.org/statuses set size:37117 disposed:false
1892 silly fetch manifest ee-first@1.1.1
1893 silly packumentCache full:https://registry.npmjs.org/ee-first cache-miss
1894 http fetch GET 200 https://registry.npmjs.org/inherits 35ms (cache miss)
1895 silly packumentCache full:https://registry.npmjs.org/inherits set size:undefined disposed:false
1896 silly fetch manifest wrappy@1
1897 silly packumentCache full:https://registry.npmjs.org/wrappy cache-miss
1898 http fetch GET 200 https://registry.npmjs.org/negotiator 37ms (cache miss)
1899 silly packumentCache full:https://registry.npmjs.org/negotiator set size:undefined disposed:false
1900 silly fetch manifest forwarded@0.2.0
1901 silly packumentCache full:https://registry.npmjs.org/forwarded cache-miss
1902 http fetch GET 200 https://registry.npmjs.org/bytes 38ms (cache miss)
1903 silly packumentCache full:https://registry.npmjs.org/bytes set size:undefined disposed:false
1904 silly fetch manifest ipaddr.js@1.9.1
1905 silly packumentCache full:https://registry.npmjs.org/ipaddr.js cache-miss
1906 http fetch GET 200 https://registry.npmjs.org/setprototypeof 37ms (cache miss)
1907 silly packumentCache full:https://registry.npmjs.org/setprototypeof set size:undefined disposed:false
1908 silly fetch manifest side-channel@^1.1.1
1909 silly packumentCache full:https://registry.npmjs.org/side-channel cache-miss
1910 http fetch GET 200 https://registry.npmjs.org/raw-body 42ms (cache miss)
1911 silly packumentCache full:https://registry.npmjs.org/raw-body set size:undefined disposed:false
1912 silly fetch manifest es-define-property@^1.0.1
1913 silly packumentCache full:https://registry.npmjs.org/es-define-property cache-miss
1914 http fetch GET 200 https://registry.npmjs.org/toidentifier 36ms (cache miss)
1915 silly packumentCache full:https://registry.npmjs.org/toidentifier set size:undefined disposed:false
1916 silly fetch manifest is-promise@^4.0.0
1917 silly packumentCache full:https://registry.npmjs.org/is-promise cache-miss
1918 http fetch GET 200 https://registry.npmjs.org/ee-first 36ms (cache miss)
1919 silly packumentCache full:https://registry.npmjs.org/ee-first set size:undefined disposed:false
1920 silly fetch manifest statuses@^2.0.2
1921 silly packumentCache full:https://registry.npmjs.org/statuses cache-hit
1922 silly fetch manifest media-typer@^1.1.0
1923 silly packumentCache full:https://registry.npmjs.org/media-typer cache-miss
1924 http fetch GET 200 https://registry.npmjs.org/forwarded 34ms (cache miss)
1925 silly packumentCache full:https://registry.npmjs.org/forwarded set size:undefined disposed:false
1926 http fetch GET 200 https://registry.npmjs.org/wrappy 42ms (cache miss)
1927 silly packumentCache full:https://registry.npmjs.org/wrappy set size:undefined disposed:false
1928 http fetch GET 200 https://registry.npmjs.org/side-channel 37ms (cache miss)
1929 silly packumentCache full:https://registry.npmjs.org/side-channel set size:undefined disposed:false
1930 http fetch GET 200 https://registry.npmjs.org/ipaddr.js 40ms (cache miss)
1931 silly packumentCache full:https://registry.npmjs.org/ipaddr.js set size:undefined disposed:false
1932 http fetch GET 200 https://registry.npmjs.org/es-define-property 37ms (cache miss)
1933 silly packumentCache full:https://registry.npmjs.org/es-define-property set size:undefined disposed:false
1934 http fetch GET 200 https://registry.npmjs.org/media-typer 35ms (cache miss)
1935 silly packumentCache full:https://registry.npmjs.org/media-typer set size:undefined disposed:false
1936 http fetch GET 200 https://registry.npmjs.org/is-promise 36ms (cache miss)
1937 silly packumentCache full:https://registry.npmjs.org/is-promise set size:undefined disposed:false
1938 silly placeDep ROOT negotiator@1.0.0 OK for: accepts@2.0.0 want: ^1.0.0
1939 silly placeDep ROOT bytes@3.1.2 OK for: body-parser@2.3.0 want: ^3.1.2
1940 silly placeDep node_modules/body-parser content-type@2.0.0 OK for: body-parser@2.3.0 want: ^2.0.0
1941 silly placeDep ROOT raw-body@3.0.2 OK for: body-parser@2.3.0 want: ^3.0.2
1942 silly fetch manifest unpipe@~1.0.0
1943 silly packumentCache full:https://registry.npmjs.org/unpipe cache-miss
1944 http fetch GET 200 https://registry.npmjs.org/unpipe 31ms (cache miss)
1945 silly packumentCache full:https://registry.npmjs.org/unpipe set size:undefined disposed:false
1946 silly placeDep ROOT flat-cache@4.0.1 OK for: file-entry-cache@8.0.0 want: ^4.0.0
1947 silly fetch manifest keyv@^4.5.4
1948 silly packumentCache full:https://registry.npmjs.org/keyv cache-miss
1949 silly fetch manifest flatted@^3.2.9
1950 silly packumentCache full:https://registry.npmjs.org/flatted cache-miss
1951 http fetch GET 200 https://registry.npmjs.org/flatted 39ms (cache miss)
1952 silly packumentCache full:https://registry.npmjs.org/flatted set size:undefined disposed:false
1953 http fetch GET 200 https://registry.npmjs.org/keyv 40ms (cache miss)
1954 silly packumentCache full:https://registry.npmjs.org/keyv set size:undefined disposed:false
1955 silly placeDep ROOT @tokenizer/inflate@0.4.1 OK for: file-type@21.3.4 want: ^0.4.1
1956 silly placeDep ROOT strtok3@10.3.5 OK for: file-type@21.3.4 want: ^10.3.4
1957 silly placeDep ROOT token-types@6.1.2 OK for: file-type@21.3.4 want: ^6.1.1
1958 silly placeDep ROOT uint8array-extras@1.5.0 OK for: file-type@21.3.4 want: ^1.4.0
1959 silly fetch manifest @tokenizer/token@^0.3.0
1960 silly packumentCache full:https://registry.npmjs.org/@tokenizer%2ftoken cache-miss
1961 silly fetch manifest @borewit/text-codec@^0.2.1
1962 silly packumentCache full:https://registry.npmjs.org/@borewit%2ftext-codec cache-miss
1963 silly fetch manifest @tokenizer/token@^0.3.0
1964 silly packumentCache full:https://registry.npmjs.org/@tokenizer%2ftoken cache-miss
1965 silly fetch manifest ieee754@^1.2.1
1966 silly packumentCache full:https://registry.npmjs.org/ieee754 cache-miss
1967 http fetch GET 200 https://registry.npmjs.org/ieee754 37ms (cache miss)
1968 silly packumentCache full:https://registry.npmjs.org/ieee754 set size:undefined disposed:false
1969 http fetch GET 200 https://registry.npmjs.org/@borewit%2ftext-codec 49ms (cache miss)
1970 silly packumentCache full:https://registry.npmjs.org/@borewit%2ftext-codec set size:undefined disposed:false
1971 http fetch GET 200 https://registry.npmjs.org/@tokenizer%2ftoken 50ms (cache miss)
1972 silly packumentCache full:https://registry.npmjs.org/@tokenizer%2ftoken set size:undefined disposed:false
1973 http fetch GET 200 https://registry.npmjs.org/@tokenizer%2ftoken 51ms (cache miss)
1974 silly packumentCache full:https://registry.npmjs.org/@tokenizer%2ftoken set size:undefined disposed:false
1975 silly placeDep ROOT locate-path@6.0.0 OK for: find-up@5.0.0 want: ^6.0.0
1976 silly placeDep ROOT path-exists@4.0.0 OK for: find-up@5.0.0 want: ^4.0.0
1977 silly fetch manifest p-locate@^5.0.0
1978 silly packumentCache full:https://registry.npmjs.org/p-locate cache-miss
1979 http fetch GET 200 https://registry.npmjs.org/p-locate 35ms (cache miss)
1980 silly packumentCache full:https://registry.npmjs.org/p-locate set size:undefined disposed:false
1981 silly placeDep ROOT flatted@3.4.2 OK for: flat-cache@4.0.1 want: ^3.2.9
1982 silly placeDep ROOT keyv@4.5.4 OK for: flat-cache@4.0.1 want: ^4.5.4
1983 silly fetch manifest json-buffer@3.0.1
1984 silly packumentCache full:https://registry.npmjs.org/json-buffer cache-miss
1985 http fetch GET 200 https://registry.npmjs.org/json-buffer 35ms (cache miss)
1986 silly packumentCache full:https://registry.npmjs.org/json-buffer set size:undefined disposed:false
1987 silly fetch manifest typescript@>3.6.0
1988 silly packumentCache full:https://registry.npmjs.org/typescript cache-miss
1989 http cache https://registry.npmjs.org/typescript 16ms (cache hit)
1990 silly packumentCache full:https://registry.npmjs.org/typescript set size:15443961 disposed:false
1991 silly placeDep ROOT @babel/code-frame@7.29.7 OK for: fork-ts-checker-webpack-plugin@9.1.0 want: ^7.16.7
1992 silly placeDep ROOT cosmiconfig@8.3.6 OK for: fork-ts-checker-webpack-plugin@9.1.0 want: ^8.2.0
1993 silly placeDep ROOT deepmerge@4.3.1 OK for: fork-ts-checker-webpack-plugin@9.1.0 want: ^4.2.2
1994 silly placeDep ROOT fs-extra@10.1.0 OK for: fork-ts-checker-webpack-plugin@9.1.0 want: ^10.0.0
1995 silly placeDep ROOT memfs@3.5.3 OK for: fork-ts-checker-webpack-plugin@9.1.0 want: ^3.4.1
1996 silly placeDep ROOT node-abort-controller@3.1.1 OK for: fork-ts-checker-webpack-plugin@9.1.0 want: ^3.0.1
1997 silly placeDep ROOT schema-utils@3.3.0 OK for: fork-ts-checker-webpack-plugin@9.1.0 want: ^3.1.1
1998 silly placeDep ROOT semver@7.8.5 OK for: fork-ts-checker-webpack-plugin@9.1.0 want: ^7.3.5
1999 silly placeDep ROOT tapable@2.3.3 OK for: fork-ts-checker-webpack-plugin@9.1.0 want: ^2.2.1
2000 silly fetch manifest js-tokens@^4.0.0
2001 silly packumentCache full:https://registry.npmjs.org/js-tokens cache-miss
2002 silly fetch manifest picocolors@^1.1.1
2003 silly packumentCache full:https://registry.npmjs.org/picocolors cache-miss
2004 silly fetch manifest @babel/helper-validator-identifier@^7.29.7
2005 silly packumentCache full:https://registry.npmjs.org/@babel%2fhelper-validator-identifier cache-miss
2006 silly fetch manifest path-type@^4.0.0
2007 silly packumentCache full:https://registry.npmjs.org/path-type cache-miss
2008 silly fetch manifest parse-json@^5.2.0
2009 silly packumentCache full:https://registry.npmjs.org/parse-json cache-miss
2010 silly fetch manifest jsonfile@^6.0.1
2011 silly packumentCache full:https://registry.npmjs.org/jsonfile cache-miss
2012 silly fetch manifest graceful-fs@^4.2.0
2013 silly packumentCache full:https://registry.npmjs.org/graceful-fs cache-miss
2014 http cache https://registry.npmjs.org/graceful-fs 3ms (cache hit)
2015 silly packumentCache full:https://registry.npmjs.org/graceful-fs set size:124285 disposed:false
2016 silly fetch manifest universalify@^2.0.0
2017 silly packumentCache full:https://registry.npmjs.org/universalify cache-miss
2018 http fetch GET 200 https://registry.npmjs.org/picocolors 35ms (cache miss)
2019 silly packumentCache full:https://registry.npmjs.org/picocolors set size:undefined disposed:false
2020 silly fetch manifest fs-monkey@^1.0.4
2021 silly packumentCache full:https://registry.npmjs.org/fs-monkey cache-miss
2022 http fetch GET 200 https://registry.npmjs.org/parse-json 37ms (cache miss)
2023 silly packumentCache full:https://registry.npmjs.org/parse-json set size:undefined disposed:false
2024 silly fetch manifest ajv-keywords@^3.5.2
2025 silly packumentCache full:https://registry.npmjs.org/ajv-keywords cache-miss
2026 http fetch GET 200 https://registry.npmjs.org/js-tokens 39ms (cache miss)
2027 silly packumentCache full:https://registry.npmjs.org/js-tokens set size:undefined disposed:false
2028 http fetch GET 200 https://registry.npmjs.org/path-type 39ms (cache miss)
2029 silly packumentCache full:https://registry.npmjs.org/path-type set size:undefined disposed:false
2030 http fetch GET 200 https://registry.npmjs.org/jsonfile 39ms (cache miss)
2031 silly packumentCache full:https://registry.npmjs.org/jsonfile set size:undefined disposed:false
2032 http fetch GET 200 https://registry.npmjs.org/@babel%2fhelper-validator-identifier 41ms (cache miss)
2033 silly packumentCache full:https://registry.npmjs.org/@babel%2fhelper-validator-identifier set size:undefined disposed:false
2034 http fetch GET 200 https://registry.npmjs.org/fs-monkey 36ms (cache miss)
2035 silly packumentCache full:https://registry.npmjs.org/fs-monkey set size:undefined disposed:false
2036 http fetch GET 200 https://registry.npmjs.org/ajv-keywords 37ms (cache miss)
2037 silly packumentCache full:https://registry.npmjs.org/ajv-keywords set size:undefined disposed:false
2038 http fetch GET 200 https://registry.npmjs.org/universalify 171ms (cache miss)
2039 silly packumentCache full:https://registry.npmjs.org/universalify set size:undefined disposed:false
2040 silly placeDep ROOT @babel/helper-validator-identifier@7.29.7 OK for: @babel/code-frame@7.29.7 want: ^7.29.7
2041 silly placeDep ROOT js-tokens@4.0.0 OK for: @babel/code-frame@7.29.7 want: ^4.0.0
2042 silly placeDep ROOT picocolors@1.1.1 OK for: @babel/code-frame@7.29.7 want: ^1.1.1
2043 silly placeDep ROOT parse-json@5.2.0 OK for: cosmiconfig@8.3.6 want: ^5.2.0
2044 silly placeDep ROOT path-type@4.0.0 OK for: cosmiconfig@8.3.6 want: ^4.0.0
2045 silly fetch manifest error-ex@^1.3.1
2046 silly packumentCache full:https://registry.npmjs.org/error-ex cache-miss
2047 silly fetch manifest lines-and-columns@^1.1.6
2048 silly packumentCache full:https://registry.npmjs.org/lines-and-columns cache-miss
2049 silly fetch manifest json-parse-even-better-errors@^2.3.0
2050 silly packumentCache full:https://registry.npmjs.org/json-parse-even-better-errors cache-miss
2051 http fetch GET 200 https://registry.npmjs.org/json-parse-even-better-errors 39ms (cache miss)
2052 silly packumentCache full:https://registry.npmjs.org/json-parse-even-better-errors set size:undefined disposed:false
2053 http fetch GET 200 https://registry.npmjs.org/error-ex 40ms (cache miss)
2054 silly packumentCache full:https://registry.npmjs.org/error-ex set size:undefined disposed:false
2055 http fetch GET 200 https://registry.npmjs.org/lines-and-columns 40ms (cache miss)
2056 silly packumentCache full:https://registry.npmjs.org/lines-and-columns set size:undefined disposed:false
2057 silly placeDep ROOT asynckit@0.4.0 OK for: form-data@4.0.6 want: ^0.4.0
2058 silly placeDep ROOT combined-stream@1.0.8 OK for: form-data@4.0.6 want: ^1.0.8
2059 silly placeDep ROOT es-set-tostringtag@2.1.0 OK for: form-data@4.0.6 want: ^2.1.0
2060 silly placeDep ROOT hasown@2.0.4 OK for: form-data@4.0.6 want: ^2.0.4
2061 silly placeDep node_modules/form-data mime-types@2.1.35 OK for: form-data@4.0.6 want: ^2.1.35
2062 silly fetch manifest delayed-stream@~1.0.0
2063 silly packumentCache full:https://registry.npmjs.org/delayed-stream cache-miss
2064 silly fetch manifest es-errors@^1.3.0
2065 silly packumentCache full:https://registry.npmjs.org/es-errors cache-miss
2066 silly fetch manifest get-intrinsic@^1.2.6
2067 silly packumentCache full:https://registry.npmjs.org/get-intrinsic cache-miss
2068 silly fetch manifest has-tostringtag@^1.0.2
2069 silly packumentCache full:https://registry.npmjs.org/has-tostringtag cache-miss
2070 silly fetch manifest hasown@^2.0.2
2071 silly packumentCache full:https://registry.npmjs.org/hasown cache-miss
2072 silly fetch manifest function-bind@^1.1.2
2073 silly packumentCache full:https://registry.npmjs.org/function-bind cache-miss
2074 silly fetch manifest mime-db@1.52.0
2075 silly packumentCache full:https://registry.npmjs.org/mime-db cache-miss
2076 http cache https://registry.npmjs.org/hasown 2ms (cache hit)
2077 silly packumentCache full:https://registry.npmjs.org/hasown set size:18361 disposed:false
2078 http cache https://registry.npmjs.org/mime-db 3ms (cache hit)
2079 silly packumentCache full:https://registry.npmjs.org/mime-db set size:164953 disposed:false
2080 http fetch GET 200 https://registry.npmjs.org/function-bind 37ms (cache miss)
2081 silly packumentCache full:https://registry.npmjs.org/function-bind set size:undefined disposed:false
2082 http fetch GET 200 https://registry.npmjs.org/delayed-stream 38ms (cache miss)
2083 silly packumentCache full:https://registry.npmjs.org/delayed-stream set size:undefined disposed:false
2084 http fetch GET 200 https://registry.npmjs.org/has-tostringtag 39ms (cache miss)
2085 silly packumentCache full:https://registry.npmjs.org/has-tostringtag set size:undefined disposed:false
2086 http fetch GET 200 https://registry.npmjs.org/es-errors 39ms (cache miss)
2087 silly packumentCache full:https://registry.npmjs.org/es-errors set size:undefined disposed:false
2088 http fetch GET 200 https://registry.npmjs.org/get-intrinsic 40ms (cache miss)
2089 silly packumentCache full:https://registry.npmjs.org/get-intrinsic set size:undefined disposed:false
2090 silly placeDep ROOT delayed-stream@1.0.0 OK for: combined-stream@1.0.8 want: ~1.0.0
2091 silly placeDep ROOT es-errors@1.3.0 OK for: es-set-tostringtag@2.1.0 want: ^1.3.0
2092 silly placeDep ROOT get-intrinsic@1.3.0 OK for: es-set-tostringtag@2.1.0 want: ^1.2.6
2093 silly placeDep ROOT has-tostringtag@1.0.2 OK for: es-set-tostringtag@2.1.0 want: ^1.0.2
2094 silly fetch manifest gopd@^1.2.0
2095 silly packumentCache full:https://registry.npmjs.org/gopd cache-miss
2096 silly fetch manifest get-proto@^1.0.1
2097 silly packumentCache full:https://registry.npmjs.org/get-proto cache-miss
2098 silly fetch manifest has-symbols@^1.1.0
2099 silly packumentCache full:https://registry.npmjs.org/has-symbols cache-miss
2100 silly fetch manifest es-object-atoms@^1.1.1
2101 silly packumentCache full:https://registry.npmjs.org/es-object-atoms cache-miss
2102 silly fetch manifest math-intrinsics@^1.1.0
2103 silly packumentCache full:https://registry.npmjs.org/math-intrinsics cache-miss
2104 silly fetch manifest call-bind-apply-helpers@^1.0.2
2105 silly packumentCache full:https://registry.npmjs.org/call-bind-apply-helpers cache-miss
2106 silly fetch manifest has-symbols@^1.0.3
2107 silly packumentCache full:https://registry.npmjs.org/has-symbols cache-miss
2108 http fetch GET 200 https://registry.npmjs.org/math-intrinsics 35ms (cache miss)
2109 silly packumentCache full:https://registry.npmjs.org/math-intrinsics set size:undefined disposed:false
2110 http fetch GET 200 https://registry.npmjs.org/gopd 35ms (cache miss)
2111 silly packumentCache full:https://registry.npmjs.org/gopd set size:undefined disposed:false
2112 http fetch GET 200 https://registry.npmjs.org/call-bind-apply-helpers 37ms (cache miss)
2113 silly packumentCache full:https://registry.npmjs.org/call-bind-apply-helpers set size:undefined disposed:false
2114 http fetch GET 200 https://registry.npmjs.org/has-symbols 38ms (cache miss)
2115 silly packumentCache full:https://registry.npmjs.org/has-symbols set size:undefined disposed:false
2116 http fetch GET 200 https://registry.npmjs.org/has-symbols 39ms (cache miss)
2117 silly packumentCache full:https://registry.npmjs.org/has-symbols set size:undefined disposed:false
2118 http fetch GET 200 https://registry.npmjs.org/get-proto 39ms (cache miss)
2119 silly packumentCache full:https://registry.npmjs.org/get-proto set size:undefined disposed:false
2120 http fetch GET 200 https://registry.npmjs.org/es-object-atoms 197ms (cache miss)
2121 silly packumentCache full:https://registry.npmjs.org/es-object-atoms set size:undefined disposed:false
2122 silly placeDep ROOT graceful-fs@4.2.11 OK for: fs-extra@10.1.0 want: ^4.2.0
2123 silly placeDep ROOT jsonfile@6.2.1 OK for: fs-extra@10.1.0 want: ^6.0.1
2124 silly placeDep ROOT universalify@2.0.1 OK for: fs-extra@10.1.0 want: ^2.0.0
2125 silly placeDep ROOT call-bind-apply-helpers@1.0.2 OK for: get-intrinsic@1.3.0 want: ^1.0.2
2126 silly placeDep ROOT es-define-property@1.0.1 OK for: get-intrinsic@1.3.0 want: ^1.0.1
2127 silly placeDep ROOT es-object-atoms@1.1.2 OK for: get-intrinsic@1.3.0 want: ^1.1.1
2128 silly placeDep ROOT function-bind@1.1.2 OK for: get-intrinsic@1.3.0 want: ^1.1.2
2129 silly placeDep ROOT get-proto@1.0.1 OK for: get-intrinsic@1.3.0 want: ^1.0.1
2130 silly placeDep ROOT gopd@1.2.0 OK for: get-intrinsic@1.3.0 want: ^1.2.0
2131 silly placeDep ROOT has-symbols@1.1.0 OK for: get-intrinsic@1.3.0 want: ^1.1.0
2132 silly placeDep ROOT math-intrinsics@1.1.0 OK for: get-intrinsic@1.3.0 want: ^1.1.0
2133 silly fetch manifest dunder-proto@^1.0.1
2134 silly packumentCache full:https://registry.npmjs.org/dunder-proto cache-miss
2135 http fetch GET 200 https://registry.npmjs.org/dunder-proto 36ms (cache miss)
2136 silly packumentCache full:https://registry.npmjs.org/dunder-proto set size:undefined disposed:false
2137 silly placeDep ROOT dunder-proto@1.0.1 OK for: get-proto@1.0.1 want: ^1.0.1
2138 silly placeDep node_modules/glob minimatch@10.2.5 OK for: glob@13.0.6 want: ^10.2.2
2139 silly placeDep ROOT minipass@7.1.3 OK for: glob@13.0.6 want: ^7.1.3
2140 silly placeDep ROOT path-scurry@2.0.2 OK for: glob@13.0.6 want: ^2.0.2
2141 silly fetch manifest brace-expansion@^5.0.5
2142 silly packumentCache full:https://registry.npmjs.org/brace-expansion cache-miss
2143 silly fetch manifest lru-cache@^11.0.0
2144 silly packumentCache full:https://registry.npmjs.org/lru-cache cache-miss
2145 http cache https://registry.npmjs.org/brace-expansion 3ms (cache hit)
2146 silly packumentCache full:https://registry.npmjs.org/brace-expansion set size:78539 disposed:false
2147 http fetch GET 200 https://registry.npmjs.org/lru-cache 49ms (cache miss)
2148 silly packumentCache full:https://registry.npmjs.org/lru-cache set size:undefined disposed:false
2149 silly placeDep ROOT inherits@2.0.4 OK for: http-errors@2.0.1 want: ~2.0.4
2150 silly placeDep ROOT setprototypeof@1.2.0 OK for: http-errors@2.0.1 want: ~1.2.0
2151 silly placeDep ROOT toidentifier@1.0.1 OK for: http-errors@2.0.1 want: ~1.0.1
2152 silly placeDep ROOT safer-buffer@2.1.2 OK for: iconv-lite@0.7.3 want: >= 2.1.2 < 3.0.0
2153 silly placeDep ROOT parent-module@1.0.1 OK for: import-fresh@3.3.1 want: ^1.0.0
2154 silly placeDep ROOT resolve-from@4.0.0 OK for: import-fresh@3.3.1 want: ^4.0.0
2155 silly fetch manifest callsites@^3.0.0
2156 silly packumentCache full:https://registry.npmjs.org/callsites cache-miss
2157 http fetch GET 200 https://registry.npmjs.org/callsites 37ms (cache miss)
2158 silly packumentCache full:https://registry.npmjs.org/callsites set size:undefined disposed:false
2159 silly placeDep ROOT is-extglob@2.1.1 OK for: is-glob@4.0.3 want: ^2.1.1
2160 silly placeDep ROOT @jest/core@30.4.2 OK for: jest@30.4.2 want: 30.4.2
2161 silly placeDep ROOT @jest/types@30.4.1 OK for: jest@30.4.2 want: 30.4.1
2162 silly placeDep ROOT import-local@3.2.0 OK for: jest@30.4.2 want: ^3.2.0
2163 silly placeDep ROOT jest-cli@30.4.2 OK for: jest@30.4.2 want: 30.4.2
2164 silly fetch manifest @jest/console@30.4.1
2165 silly packumentCache full:https://registry.npmjs.org/@jest%2fconsole cache-miss
2166 silly fetch manifest @jest/pattern@30.4.0
2167 silly packumentCache full:https://registry.npmjs.org/@jest%2fpattern cache-miss
2168 silly fetch manifest @jest/reporters@30.4.1
2169 silly packumentCache full:https://registry.npmjs.org/@jest%2freporters cache-miss
2170 silly fetch manifest @jest/test-result@30.4.1
2171 silly packumentCache full:https://registry.npmjs.org/@jest%2ftest-result cache-miss
2172 silly fetch manifest @jest/transform@30.4.1
2173 silly packumentCache full:https://registry.npmjs.org/@jest%2ftransform cache-miss
2174 silly fetch manifest ansi-escapes@^4.3.2
2175 silly packumentCache full:https://registry.npmjs.org/ansi-escapes cache-miss
2176 silly fetch manifest exit-x@^0.2.2
2177 silly packumentCache full:https://registry.npmjs.org/exit-x cache-miss
2178 http cache https://registry.npmjs.org/@jest%2ftransform 6ms (cache hit)
2179 silly packumentCache full:https://registry.npmjs.org/@jest%2ftransform set size:468349 disposed:false
2180 silly fetch manifest jest-changed-files@30.4.1
2181 silly packumentCache full:https://registry.npmjs.org/jest-changed-files cache-miss
2182 http fetch GET 200 https://registry.npmjs.org/exit-x 40ms (cache miss)
2183 silly packumentCache full:https://registry.npmjs.org/exit-x set size:undefined disposed:false
2184 silly fetch manifest jest-config@30.4.2
2185 silly packumentCache full:https://registry.npmjs.org/jest-config cache-miss
2186 http fetch GET 200 https://registry.npmjs.org/ansi-escapes 43ms (cache miss)
2187 silly packumentCache full:https://registry.npmjs.org/ansi-escapes set size:undefined disposed:false
2188 silly fetch manifest jest-haste-map@30.4.1
2189 silly packumentCache full:https://registry.npmjs.org/jest-haste-map cache-miss
2190 http fetch GET 200 https://registry.npmjs.org/@jest%2ftest-result 56ms (cache miss)
2191 silly packumentCache full:https://registry.npmjs.org/@jest%2ftest-result set size:undefined disposed:false
2192 silly fetch manifest jest-regex-util@30.4.0
2193 silly packumentCache full:https://registry.npmjs.org/jest-regex-util cache-miss
2194 http fetch GET 200 https://registry.npmjs.org/jest-changed-files 50ms (cache miss)
2195 silly packumentCache full:https://registry.npmjs.org/jest-changed-files set size:undefined disposed:false
2196 silly fetch manifest jest-resolve@30.4.1
2197 silly packumentCache full:https://registry.npmjs.org/jest-resolve cache-miss
2198 http fetch GET 200 https://registry.npmjs.org/jest-haste-map 51ms (cache miss)
2199 silly packumentCache full:https://registry.npmjs.org/jest-haste-map set size:undefined disposed:false
2200 silly fetch manifest jest-resolve-dependencies@30.4.2
2201 silly packumentCache full:https://registry.npmjs.org/jest-resolve-dependencies cache-miss
2202 http fetch GET 200 https://registry.npmjs.org/jest-regex-util 45ms (cache miss)
2203 silly packumentCache full:https://registry.npmjs.org/jest-regex-util set size:undefined disposed:false
2204 silly fetch manifest jest-runner@30.4.2
2205 silly packumentCache full:https://registry.npmjs.org/jest-runner cache-miss
2206 http fetch GET 200 https://registry.npmjs.org/jest-config 62ms (cache miss)
2207 silly packumentCache full:https://registry.npmjs.org/jest-config set size:undefined disposed:false
2208 silly fetch manifest jest-runtime@30.4.2
2209 silly packumentCache full:https://registry.npmjs.org/jest-runtime cache-miss
2210 http fetch GET 200 https://registry.npmjs.org/jest-resolve 57ms (cache miss)
2211 silly packumentCache full:https://registry.npmjs.org/jest-resolve set size:undefined disposed:false
2212 silly fetch manifest jest-snapshot@30.4.1
2213 silly packumentCache full:https://registry.npmjs.org/jest-snapshot cache-miss
2214 http fetch GET 200 https://registry.npmjs.org/@jest%2fconsole 144ms (cache miss)
2215 silly packumentCache full:https://registry.npmjs.org/@jest%2fconsole set size:undefined disposed:false
2216 silly fetch manifest jest-validate@30.4.1
2217 silly packumentCache full:https://registry.npmjs.org/jest-validate cache-miss
2218 http fetch GET 200 https://registry.npmjs.org/jest-resolve-dependencies 50ms (cache miss)
2219 silly packumentCache full:https://registry.npmjs.org/jest-resolve-dependencies set size:undefined disposed:false
2220 silly fetch manifest jest-watcher@30.4.1
2221 silly packumentCache full:https://registry.npmjs.org/jest-watcher cache-miss
2222 http fetch GET 200 https://registry.npmjs.org/jest-runner 53ms (cache miss)
2223 silly packumentCache full:https://registry.npmjs.org/jest-runner set size:undefined disposed:false
2224 silly fetch manifest @jest/pattern@30.4.0
2225 silly packumentCache full:https://registry.npmjs.org/@jest%2fpattern cache-miss
2226 http fetch GET 200 https://registry.npmjs.org/jest-runtime 62ms (cache miss)
2227 silly packumentCache full:https://registry.npmjs.org/jest-runtime set size:undefined disposed:false
2228 silly fetch manifest @types/istanbul-lib-coverage@^2.0.6
2229 silly packumentCache full:https://registry.npmjs.org/@types%2fistanbul-lib-coverage cache-miss
2230 http fetch GET 200 https://registry.npmjs.org/jest-snapshot 63ms (cache miss)
2231 silly packumentCache full:https://registry.npmjs.org/jest-snapshot set size:undefined disposed:false
2232 silly fetch manifest @types/istanbul-reports@^3.0.4
2233 silly packumentCache full:https://registry.npmjs.org/@types%2fistanbul-reports cache-miss
2234 http fetch GET 200 https://registry.npmjs.org/jest-watcher 49ms (cache miss)
2235 silly packumentCache full:https://registry.npmjs.org/jest-watcher set size:undefined disposed:false
2236 silly fetch manifest @types/yargs@^17.0.33
2237 silly packumentCache full:https://registry.npmjs.org/@types%2fyargs cache-miss
2238 http fetch GET 200 https://registry.npmjs.org/jest-validate 59ms (cache miss)
2239 silly packumentCache full:https://registry.npmjs.org/jest-validate set size:undefined disposed:false
2240 silly fetch manifest pkg-dir@^4.2.0
2241 silly packumentCache full:https://registry.npmjs.org/pkg-dir cache-miss
2242 http fetch GET 200 https://registry.npmjs.org/@jest%2freporters 205ms (cache miss)
2243 silly packumentCache full:https://registry.npmjs.org/@jest%2freporters set size:undefined disposed:false
2244 silly fetch manifest resolve-cwd@^3.0.0
2245 silly packumentCache full:https://registry.npmjs.org/resolve-cwd cache-miss
2246 http fetch GET 200 https://registry.npmjs.org/@types%2fistanbul-lib-coverage 37ms (cache miss)
2247 silly packumentCache full:https://registry.npmjs.org/@types%2fistanbul-lib-coverage set size:undefined disposed:false
2248 silly fetch manifest yargs@^17.7.2
2249 silly packumentCache full:https://registry.npmjs.org/yargs cache-miss
2250 http fetch GET 200 https://registry.npmjs.org/pkg-dir 35ms (cache miss)
2251 silly packumentCache full:https://registry.npmjs.org/pkg-dir set size:undefined disposed:false
2252 http fetch GET 200 https://registry.npmjs.org/resolve-cwd 34ms (cache miss)
2253 silly packumentCache full:https://registry.npmjs.org/resolve-cwd set size:undefined disposed:false
2254 http fetch GET 200 https://registry.npmjs.org/@types%2fyargs 46ms (cache miss)
2255 silly packumentCache full:https://registry.npmjs.org/@types%2fyargs set size:undefined disposed:false
2256 http fetch GET 200 https://registry.npmjs.org/yargs 51ms (cache miss)
2257 silly packumentCache full:https://registry.npmjs.org/yargs set size:undefined disposed:false
2258 http fetch GET 200 https://registry.npmjs.org/@jest%2fpattern 162ms (cache miss)
2259 silly packumentCache full:https://registry.npmjs.org/@jest%2fpattern set size:undefined disposed:false
2260 http fetch GET 200 https://registry.npmjs.org/@jest%2fpattern 320ms (cache miss)
2261 silly packumentCache full:https://registry.npmjs.org/@jest%2fpattern set size:undefined disposed:false
2262 http fetch GET 200 https://registry.npmjs.org/@types%2fistanbul-reports 181ms (cache miss)
2263 silly packumentCache full:https://registry.npmjs.org/@types%2fistanbul-reports set size:undefined disposed:false
2264 silly fetch manifest @types/node@*
2265 silly packumentCache full:https://registry.npmjs.org/@types%2fnode cache-miss
2266 http cache https://registry.npmjs.org/@types%2fnode 13ms (cache hit)
2267 silly packumentCache full:https://registry.npmjs.org/@types%2fnode set size:11080817 disposed:false
2268 silly fetch manifest esbuild-register@>=3.4.0
2269 silly packumentCache full:https://registry.npmjs.org/esbuild-register cache-miss
2270 http fetch GET 200 https://registry.npmjs.org/esbuild-register 192ms (cache miss)
2271 silly packumentCache full:https://registry.npmjs.org/esbuild-register set size:undefined disposed:false
2272 silly fetch manifest esbuild@>=0.12 <1
2273 silly packumentCache full:https://registry.npmjs.org/esbuild cache-miss
2274 http fetch GET 200 https://registry.npmjs.org/esbuild 73ms (cache miss)
2275 silly packumentCache full:https://registry.npmjs.org/esbuild set size:undefined disposed:false
2276 silly fetch manifest ts-node@>=9.0.0
2277 silly packumentCache full:https://registry.npmjs.org/ts-node cache-miss
2278 http cache https://registry.npmjs.org/ts-node 3ms (cache hit)
2279 silly packumentCache full:https://registry.npmjs.org/ts-node set size:574573 disposed:false
2280 silly fetch manifest typescript@>=2.7
2281 silly packumentCache full:https://registry.npmjs.org/typescript cache-miss
2282 http cache https://registry.npmjs.org/typescript 18ms (cache hit)
2283 silly packumentCache full:https://registry.npmjs.org/typescript set size:15443961 disposed:false
2284 silly placeDep ROOT @jest/console@30.4.1 OK for: @jest/core@30.4.2 want: 30.4.1
2285 silly placeDep ROOT @jest/pattern@30.4.0 OK for: @jest/core@30.4.2 want: 30.4.0
2286 silly placeDep ROOT @jest/reporters@30.4.1 OK for: @jest/core@30.4.2 want: 30.4.1
2287 silly placeDep ROOT @jest/test-result@30.4.1 OK for: @jest/core@30.4.2 want: 30.4.1
2288 silly placeDep ROOT @jest/transform@30.4.1 OK for: @jest/core@30.4.2 want: 30.4.1
2289 silly placeDep ROOT ansi-escapes@4.3.2 OK for: @jest/core@30.4.2 want: ^4.3.2
2290 silly placeDep ROOT ci-info@4.4.0 OK for: @jest/core@30.4.2 want: ^4.2.0
2291 silly placeDep ROOT exit-x@0.2.2 OK for: @jest/core@30.4.2 want: ^0.2.2
2292 silly placeDep ROOT jest-changed-files@30.4.1 OK for: @jest/core@30.4.2 want: 30.4.1
2293 silly placeDep ROOT jest-config@30.4.2 OK for: @jest/core@30.4.2 want: 30.4.2
2294 silly placeDep ROOT jest-haste-map@30.4.1 OK for: @jest/core@30.4.2 want: 30.4.1
2295 silly placeDep ROOT jest-regex-util@30.4.0 OK for: @jest/core@30.4.2 want: 30.4.0
2296 silly placeDep ROOT jest-resolve@30.4.1 OK for: @jest/core@30.4.2 want: 30.4.1
2297 silly placeDep ROOT jest-resolve-dependencies@30.4.2 OK for: @jest/core@30.4.2 want: 30.4.2
2298 silly placeDep ROOT jest-runner@30.4.2 OK for: @jest/core@30.4.2 want: 30.4.2
2299 silly placeDep ROOT jest-runtime@30.4.2 OK for: @jest/core@30.4.2 want: 30.4.2
2300 silly placeDep ROOT jest-snapshot@30.4.1 OK for: @jest/core@30.4.2 want: 30.4.1
2301 silly placeDep ROOT jest-validate@30.4.1 OK for: @jest/core@30.4.2 want: 30.4.1
2302 silly placeDep ROOT jest-watcher@30.4.1 OK for: @jest/core@30.4.2 want: 30.4.1
2303 silly placeDep ROOT slash@3.0.0 OK for: @jest/core@30.4.2 want: ^3.0.0
2304 silly fetch manifest @bcoe/v8-coverage@^0.2.3
2305 silly packumentCache full:https://registry.npmjs.org/@bcoe%2fv8-coverage cache-miss
2306 silly fetch manifest @jridgewell/trace-mapping@^0.3.25
2307 silly packumentCache full:https://registry.npmjs.org/@jridgewell%2ftrace-mapping cache-miss
2308 silly fetch manifest collect-v8-coverage@^1.0.2
2309 silly packumentCache full:https://registry.npmjs.org/collect-v8-coverage cache-miss
2310 silly fetch manifest glob@^10.5.0
2311 silly packumentCache full:https://registry.npmjs.org/glob cache-miss
2312 silly fetch manifest istanbul-lib-coverage@^3.0.0
2313 silly packumentCache full:https://registry.npmjs.org/istanbul-lib-coverage cache-miss
2314 silly fetch manifest istanbul-lib-instrument@^6.0.0
2315 silly packumentCache full:https://registry.npmjs.org/istanbul-lib-instrument cache-miss
2316 silly fetch manifest istanbul-lib-report@^3.0.0
2317 silly packumentCache full:https://registry.npmjs.org/istanbul-lib-report cache-miss
2318 http cache https://registry.npmjs.org/glob 9ms (cache hit)
2319 silly packumentCache full:https://registry.npmjs.org/glob set size:469465 disposed:false
2320 silly fetch manifest istanbul-lib-source-maps@^5.0.0
2321 silly packumentCache full:https://registry.npmjs.org/istanbul-lib-source-maps cache-miss
2322 http fetch GET 200 https://registry.npmjs.org/collect-v8-coverage 43ms (cache miss)
2323 silly packumentCache full:https://registry.npmjs.org/collect-v8-coverage set size:undefined disposed:false
2324 silly fetch manifest istanbul-reports@^3.1.3
2325 silly packumentCache full:https://registry.npmjs.org/istanbul-reports cache-miss
2326 http fetch GET 200 https://registry.npmjs.org/istanbul-lib-coverage 45ms (cache miss)
2327 silly packumentCache full:https://registry.npmjs.org/istanbul-lib-coverage set size:undefined disposed:false
2328 silly fetch manifest jest-worker@30.4.1
2329 silly packumentCache full:https://registry.npmjs.org/jest-worker cache-miss
2330 http fetch GET 200 https://registry.npmjs.org/istanbul-lib-report 46ms (cache miss)
2331 silly packumentCache full:https://registry.npmjs.org/istanbul-lib-report set size:undefined disposed:false
2332 silly fetch manifest string-length@^4.0.2
2333 silly packumentCache full:https://registry.npmjs.org/string-length cache-miss
2334 http fetch GET 200 https://registry.npmjs.org/@bcoe%2fv8-coverage 49ms (cache miss)
2335 silly packumentCache full:https://registry.npmjs.org/@bcoe%2fv8-coverage set size:undefined disposed:false
2336 silly fetch manifest v8-to-istanbul@^9.0.1
2337 silly packumentCache full:https://registry.npmjs.org/v8-to-istanbul cache-miss
2338 http fetch GET 200 https://registry.npmjs.org/istanbul-lib-instrument 48ms (cache miss)
2339 silly packumentCache full:https://registry.npmjs.org/istanbul-lib-instrument set size:undefined disposed:false
2340 silly fetch manifest @babel/core@^7.27.4
2341 silly packumentCache full:https://registry.npmjs.org/@babel%2fcore cache-miss
2342 http fetch GET 200 https://registry.npmjs.org/istanbul-lib-source-maps 40ms (cache miss)
2343 silly packumentCache full:https://registry.npmjs.org/istanbul-lib-source-maps set size:undefined disposed:false
2344 silly fetch manifest @jridgewell/trace-mapping@^0.3.25
2345 silly packumentCache full:https://registry.npmjs.org/@jridgewell%2ftrace-mapping cache-miss
2346 http fetch GET 200 https://registry.npmjs.org/@jridgewell%2ftrace-mapping 52ms (cache miss)
2347 silly packumentCache full:https://registry.npmjs.org/@jridgewell%2ftrace-mapping set size:undefined disposed:false
2348 silly fetch manifest babel-plugin-istanbul@^7.0.1
2349 silly packumentCache full:https://registry.npmjs.org/babel-plugin-istanbul cache-miss
2350 http cache https://registry.npmjs.org/@babel%2fcore 5ms (cache hit)
2351 silly packumentCache full:https://registry.npmjs.org/@babel%2fcore set size:788258 disposed:false
2352 silly fetch manifest convert-source-map@^2.0.0
2353 silly packumentCache full:https://registry.npmjs.org/convert-source-map cache-miss
2354 http fetch GET 200 https://registry.npmjs.org/istanbul-reports 36ms (cache miss)
2355 silly packumentCache full:https://registry.npmjs.org/istanbul-reports set size:undefined disposed:false
2356 silly fetch manifest pirates@^4.0.7
2357 silly packumentCache full:https://registry.npmjs.org/pirates cache-miss
2358 http fetch GET 200 https://registry.npmjs.org/string-length 35ms (cache miss)
2359 silly packumentCache full:https://registry.npmjs.org/string-length set size:undefined disposed:false
2360 silly fetch manifest write-file-atomic@^5.0.1
2361 silly packumentCache full:https://registry.npmjs.org/write-file-atomic cache-miss
2362 http fetch GET 200 https://registry.npmjs.org/babel-plugin-istanbul 35ms (cache miss)
2363 silly packumentCache full:https://registry.npmjs.org/babel-plugin-istanbul set size:undefined disposed:false
2364 silly fetch manifest type-fest@^0.21.3
2365 silly packumentCache full:https://registry.npmjs.org/type-fest cache-miss
2366 http cache https://registry.npmjs.org/type-fest 2ms (cache hit)
2367 silly packumentCache full:https://registry.npmjs.org/type-fest set size:566201 disposed:false
2368 silly fetch manifest execa@^5.1.1
2369 silly packumentCache full:https://registry.npmjs.org/execa cache-miss
2370 http fetch GET 200 https://registry.npmjs.org/v8-to-istanbul 44ms (cache miss)
2371 silly packumentCache full:https://registry.npmjs.org/v8-to-istanbul set size:undefined disposed:false
2372 silly fetch manifest p-limit@^3.1.0
2373 silly packumentCache full:https://registry.npmjs.org/p-limit cache-miss
2374 http fetch GET 200 https://registry.npmjs.org/jest-worker 53ms (cache miss)
2375 silly packumentCache full:https://registry.npmjs.org/jest-worker set size:undefined disposed:false
2376 silly fetch manifest @jest/test-sequencer@30.4.1
2377 silly packumentCache full:https://registry.npmjs.org/@jest%2ftest-sequencer cache-miss
2378 http fetch GET 200 https://registry.npmjs.org/convert-source-map 44ms (cache miss)
2379 silly packumentCache full:https://registry.npmjs.org/convert-source-map set size:undefined disposed:false
2380 silly fetch manifest babel-jest@30.4.1
2381 silly packumentCache full:https://registry.npmjs.org/babel-jest cache-miss
2382 http fetch GET 200 https://registry.npmjs.org/@jridgewell%2ftrace-mapping 53ms (cache miss)
2383 silly packumentCache full:https://registry.npmjs.org/@jridgewell%2ftrace-mapping set size:undefined disposed:false
2384 silly fetch manifest jest-circus@30.4.2
2385 silly packumentCache full:https://registry.npmjs.org/jest-circus cache-miss
2386 http cache https://registry.npmjs.org/babel-jest 6ms (cache hit)
2387 silly packumentCache full:https://registry.npmjs.org/babel-jest set size:690787 disposed:false
2388 silly fetch manifest jest-docblock@30.4.0
2389 silly packumentCache full:https://registry.npmjs.org/jest-docblock cache-miss
2390 http fetch GET 200 https://registry.npmjs.org/pirates 38ms (cache miss)
2391 silly packumentCache full:https://registry.npmjs.org/pirates set size:undefined disposed:false
2392 silly fetch manifest jest-environment-node@30.4.1
2393 silly packumentCache full:https://registry.npmjs.org/jest-environment-node cache-miss
2394 http fetch GET 200 https://registry.npmjs.org/write-file-atomic 36ms (cache miss)
2395 silly packumentCache full:https://registry.npmjs.org/write-file-atomic set size:undefined disposed:false
2396 silly fetch manifest anymatch@^3.1.3
2397 silly packumentCache full:https://registry.npmjs.org/anymatch cache-miss
2398 http fetch GET 200 https://registry.npmjs.org/p-limit 34ms (cache miss)
2399 silly packumentCache full:https://registry.npmjs.org/p-limit set size:undefined disposed:false
2400 silly fetch manifest fb-watchman@^2.0.2
2401 silly packumentCache full:https://registry.npmjs.org/fb-watchman cache-miss
2402 http fetch GET 200 https://registry.npmjs.org/execa 37ms (cache miss)
2403 silly packumentCache full:https://registry.npmjs.org/execa set size:undefined disposed:false
2404 silly fetch manifest walker@^1.0.8
2405 silly packumentCache full:https://registry.npmjs.org/walker cache-miss
2406 http fetch GET 200 https://registry.npmjs.org/anymatch 34ms (cache miss)
2407 silly packumentCache full:https://registry.npmjs.org/anymatch set size:undefined disposed:false
2408 silly fetch manifest fsevents@^2.3.3
2409 silly packumentCache full:https://registry.npmjs.org/fsevents cache-miss
2410 http fetch GET 200 https://registry.npmjs.org/jest-circus 52ms (cache miss)
2411 silly packumentCache full:https://registry.npmjs.org/jest-circus set size:undefined disposed:false
2412 silly fetch manifest jest-pnp-resolver@^1.2.3
2413 silly packumentCache full:https://registry.npmjs.org/jest-pnp-resolver cache-miss
2414 http fetch GET 200 https://registry.npmjs.org/fb-watchman 33ms (cache miss)
2415 silly packumentCache full:https://registry.npmjs.org/fb-watchman set size:undefined disposed:false
2416 silly fetch manifest unrs-resolver@^1.7.11
2417 silly packumentCache full:https://registry.npmjs.org/unrs-resolver cache-miss
2418 http fetch GET 200 https://registry.npmjs.org/walker 37ms (cache miss)
2419 silly packumentCache full:https://registry.npmjs.org/walker set size:undefined disposed:false
2420 silly fetch manifest @jest/environment@30.4.1
2421 silly packumentCache full:https://registry.npmjs.org/@jest%2fenvironment cache-miss
2422 http fetch GET 200 https://registry.npmjs.org/jest-pnp-resolver 32ms (cache miss)
2423 silly packumentCache full:https://registry.npmjs.org/jest-pnp-resolver set size:undefined disposed:false
2424 silly fetch manifest emittery@^0.13.1
2425 silly packumentCache full:https://registry.npmjs.org/emittery cache-miss
2426 http fetch GET 200 https://registry.npmjs.org/fsevents 38ms (cache miss)
2427 silly packumentCache full:https://registry.npmjs.org/fsevents set size:undefined disposed:false
2428 silly fetch manifest jest-docblock@30.4.0
2429 silly packumentCache full:https://registry.npmjs.org/jest-docblock cache-miss
2430 http fetch GET 200 https://registry.npmjs.org/unrs-resolver 37ms (cache miss)
2431 silly packumentCache full:https://registry.npmjs.org/unrs-resolver set size:undefined disposed:false
2432 silly fetch manifest jest-environment-node@30.4.1
2433 silly packumentCache full:https://registry.npmjs.org/jest-environment-node cache-miss
2434 http fetch GET 200 https://registry.npmjs.org/emittery 36ms (cache miss)
2435 silly packumentCache full:https://registry.npmjs.org/emittery set size:undefined disposed:false
2436 silly fetch manifest jest-leak-detector@30.4.1
2437 silly packumentCache full:https://registry.npmjs.org/jest-leak-detector cache-miss
2438 http fetch GET 200 https://registry.npmjs.org/jest-leak-detector 44ms (cache miss)
2439 silly packumentCache full:https://registry.npmjs.org/jest-leak-detector set size:undefined disposed:false
2440 silly fetch manifest source-map-support@0.5.13
2441 silly packumentCache full:https://registry.npmjs.org/source-map-support cache-miss
2442 http cache https://registry.npmjs.org/source-map-support 1ms (cache hit)
2443 silly packumentCache full:https://registry.npmjs.org/source-map-support set size:125488 disposed:false
2444 silly fetch manifest @jest/environment@30.4.1
2445 silly packumentCache full:https://registry.npmjs.org/@jest%2fenvironment cache-miss
2446 http fetch GET 200 https://registry.npmjs.org/jest-docblock 173ms (cache miss)
2447 silly packumentCache full:https://registry.npmjs.org/jest-docblock set size:undefined disposed:false
2448 silly fetch manifest @jest/fake-timers@30.4.1
2449 silly packumentCache full:https://registry.npmjs.org/@jest%2ffake-timers cache-miss
2450 http fetch GET 200 https://registry.npmjs.org/jest-docblock 90ms (cache miss)
2451 silly packumentCache full:https://registry.npmjs.org/jest-docblock set size:undefined disposed:false
2452 silly fetch manifest @jest/globals@30.4.1
2453 silly packumentCache full:https://registry.npmjs.org/@jest%2fglobals cache-miss
2454 http fetch GET 200 https://registry.npmjs.org/@jest%2ftest-sequencer 196ms (cache miss)
2455 silly packumentCache full:https://registry.npmjs.org/@jest%2ftest-sequencer set size:undefined disposed:false
2456 silly fetch manifest @jest/source-map@30.0.1
2457 silly packumentCache full:https://registry.npmjs.org/@jest%2fsource-map cache-miss
2458 http fetch GET 200 https://registry.npmjs.org/jest-environment-node 183ms (cache miss)
2459 silly packumentCache full:https://registry.npmjs.org/jest-environment-node set size:undefined disposed:false
2460 silly fetch manifest cjs-module-lexer@^2.1.0
2461 silly packumentCache full:https://registry.npmjs.org/cjs-module-lexer cache-miss
2462 http fetch GET 200 https://registry.npmjs.org/jest-environment-node 107ms (cache miss)
2463 silly packumentCache full:https://registry.npmjs.org/jest-environment-node set size:undefined disposed:false
2464 silly fetch manifest strip-bom@^4.0.0
2465 silly packumentCache full:https://registry.npmjs.org/strip-bom cache-miss
2466 http cache https://registry.npmjs.org/strip-bom 1ms (cache hit)
2467 silly packumentCache full:https://registry.npmjs.org/strip-bom set size:19359 disposed:false
2468 silly fetch manifest @babel/generator@^7.27.5
2469 silly packumentCache full:https://registry.npmjs.org/@babel%2fgenerator cache-miss
2470 http fetch GET 200 https://registry.npmjs.org/@jest%2fglobals 52ms (cache miss)
2471 silly packumentCache full:https://registry.npmjs.org/@jest%2fglobals set size:undefined disposed:false
2472 silly fetch manifest @babel/plugin-syntax-jsx@^7.27.1
2473 silly packumentCache full:https://registry.npmjs.org/@babel%2fplugin-syntax-jsx cache-miss
2474 http fetch GET 200 https://registry.npmjs.org/cjs-module-lexer 38ms (cache miss)
2475 silly packumentCache full:https://registry.npmjs.org/cjs-module-lexer set size:undefined disposed:false
2476 silly fetch manifest @babel/plugin-syntax-typescript@^7.27.1
2477 silly packumentCache full:https://registry.npmjs.org/@babel%2fplugin-syntax-typescript cache-miss
2478 http fetch GET 200 https://registry.npmjs.org/@jest%2fsource-map 45ms (cache miss)
2479 silly packumentCache full:https://registry.npmjs.org/@jest%2fsource-map set size:undefined disposed:false
2480 silly fetch manifest @babel/types@^7.27.3
2481 silly packumentCache full:https://registry.npmjs.org/@babel%2ftypes cache-miss
2482 http fetch GET 200 https://registry.npmjs.org/@jest%2fenvironment 76ms (cache miss)
2483 silly packumentCache full:https://registry.npmjs.org/@jest%2fenvironment set size:undefined disposed:false
2484 silly fetch manifest @jest/snapshot-utils@30.4.1
2485 silly packumentCache full:https://registry.npmjs.org/@jest%2fsnapshot-utils cache-miss
2486 http fetch GET 200 https://registry.npmjs.org/@jest%2fenvironment 186ms (cache miss)
2487 silly packumentCache full:https://registry.npmjs.org/@jest%2fenvironment set size:undefined disposed:false
2488 silly fetch manifest babel-preset-current-node-syntax@^1.2.0
2489 silly packumentCache full:https://registry.npmjs.org/babel-preset-current-node-syntax cache-miss
2490 http fetch GET 200 https://registry.npmjs.org/@babel%2fgenerator 54ms (cache miss)
2491 silly packumentCache full:https://registry.npmjs.org/@babel%2fgenerator set size:undefined disposed:false
2492 silly fetch manifest camelcase@^6.3.0
2493 silly packumentCache full:https://registry.npmjs.org/camelcase cache-miss
2494 http fetch GET 200 https://registry.npmjs.org/@babel%2fplugin-syntax-jsx 41ms (cache miss)
2495 silly packumentCache full:https://registry.npmjs.org/@babel%2fplugin-syntax-jsx set size:undefined disposed:false
2496 silly fetch manifest leven@^3.1.0
2497 silly packumentCache full:https://registry.npmjs.org/leven cache-miss
2498 http fetch GET 200 https://registry.npmjs.org/babel-preset-current-node-syntax 36ms (cache miss)
2499 silly packumentCache full:https://registry.npmjs.org/babel-preset-current-node-syntax set size:undefined disposed:false
2500 http fetch GET 200 https://registry.npmjs.org/@babel%2ftypes 54ms (cache miss)
2501 silly packumentCache full:https://registry.npmjs.org/@babel%2ftypes set size:undefined disposed:false
2502 http fetch GET 200 https://registry.npmjs.org/camelcase 35ms (cache miss)
2503 silly packumentCache full:https://registry.npmjs.org/camelcase set size:undefined disposed:false
2504 http fetch GET 200 https://registry.npmjs.org/leven 34ms (cache miss)
2505 silly packumentCache full:https://registry.npmjs.org/leven set size:undefined disposed:false
2506 http fetch GET 200 https://registry.npmjs.org/@babel%2fplugin-syntax-typescript 178ms (cache miss)
2507 silly packumentCache full:https://registry.npmjs.org/@babel%2fplugin-syntax-typescript set size:undefined disposed:false
2508 http fetch GET 200 https://registry.npmjs.org/@jest%2ffake-timers 293ms (cache miss)
2509 silly packumentCache full:https://registry.npmjs.org/@jest%2ffake-timers set size:undefined disposed:false
2510 http fetch GET 200 https://registry.npmjs.org/@jest%2fsnapshot-utils 342ms (cache miss)
2511 silly packumentCache full:https://registry.npmjs.org/@jest%2fsnapshot-utils set size:undefined disposed:false
2512 silly placeDep ROOT @bcoe/v8-coverage@0.2.3 OK for: @jest/reporters@30.4.1 want: ^0.2.3
2513 silly placeDep ROOT @jridgewell/trace-mapping@0.3.31 OK for: @jest/reporters@30.4.1 want: ^0.3.25
2514 silly placeDep ROOT collect-v8-coverage@1.0.3 OK for: @jest/reporters@30.4.1 want: ^1.0.2
2515 silly placeDep node_modules/@jest/reporters glob@10.5.0 OK for: @jest/reporters@30.4.1 want: ^10.5.0
2516 silly placeDep ROOT istanbul-lib-coverage@3.2.2 OK for: @jest/reporters@30.4.1 want: ^3.0.0
2517 silly placeDep ROOT istanbul-lib-instrument@6.0.3 OK for: @jest/reporters@30.4.1 want: ^6.0.0
2518 silly placeDep ROOT istanbul-lib-report@3.0.1 OK for: @jest/reporters@30.4.1 want: ^3.0.0
2519 silly placeDep ROOT istanbul-lib-source-maps@5.0.6 OK for: @jest/reporters@30.4.1 want: ^5.0.0
2520 silly placeDep ROOT istanbul-reports@3.2.0 OK for: @jest/reporters@30.4.1 want: ^3.1.3
2521 silly placeDep ROOT jest-worker@30.4.1 OK for: @jest/reporters@30.4.1 want: 30.4.1
2522 silly placeDep ROOT string-length@4.0.2 OK for: @jest/reporters@30.4.1 want: ^4.0.2
2523 silly placeDep ROOT v8-to-istanbul@9.3.0 OK for: @jest/reporters@30.4.1 want: ^9.0.1
2524 silly fetch manifest @jridgewell/resolve-uri@^3.1.0
2525 silly packumentCache full:https://registry.npmjs.org/@jridgewell%2fresolve-uri cache-miss
2526 silly fetch manifest @jridgewell/sourcemap-codec@^1.4.14
2527 silly packumentCache full:https://registry.npmjs.org/@jridgewell%2fsourcemap-codec cache-miss
2528 silly fetch manifest jackspeak@^3.1.2
2529 silly packumentCache full:https://registry.npmjs.org/jackspeak cache-miss
2530 silly fetch manifest minimatch@^9.0.4
2531 silly packumentCache full:https://registry.npmjs.org/minimatch cache-hit
2532 silly fetch manifest path-scurry@^1.11.1
2533 silly packumentCache full:https://registry.npmjs.org/path-scurry cache-miss
2534 silly fetch manifest foreground-child@^3.1.0
2535 silly packumentCache full:https://registry.npmjs.org/foreground-child cache-miss
2536 silly fetch manifest package-json-from-dist@^1.0.0
2537 silly packumentCache full:https://registry.npmjs.org/package-json-from-dist cache-miss
2538 silly fetch manifest @babel/core@^7.23.9
2539 silly packumentCache full:https://registry.npmjs.org/@babel%2fcore cache-hit
2540 silly fetch manifest @babel/parser@^7.23.9
2541 silly packumentCache full:https://registry.npmjs.org/@babel%2fparser cache-miss
2542 http cache https://registry.npmjs.org/@jridgewell%2fsourcemap-codec 5ms (cache hit)
2543 silly packumentCache full:https://registry.npmjs.org/@jridgewell%2fsourcemap-codec set size:51856 disposed:false
2544 silly fetch manifest @istanbuljs/schema@^0.1.3
2545 silly packumentCache full:https://registry.npmjs.org/@istanbuljs%2fschema cache-miss
2546 http cache https://registry.npmjs.org/path-scurry 6ms (cache hit)
2547 silly packumentCache full:https://registry.npmjs.org/path-scurry set size:117612 disposed:false
2548 silly fetch manifest make-dir@^4.0.0
2549 silly packumentCache full:https://registry.npmjs.org/make-dir cache-miss
2550 http fetch GET 200 https://registry.npmjs.org/make-dir 34ms (cache miss)
2551 silly packumentCache full:https://registry.npmjs.org/make-dir set size:undefined disposed:false
2552 silly fetch manifest html-escaper@^2.0.0
2553 silly packumentCache full:https://registry.npmjs.org/html-escaper cache-miss
2554 http fetch GET 200 https://registry.npmjs.org/foreground-child 42ms (cache miss)
2555 silly packumentCache full:https://registry.npmjs.org/foreground-child set size:undefined disposed:false
2556 silly fetch manifest @ungap/structured-clone@^1.3.0
2557 silly packumentCache full:https://registry.npmjs.org/@ungap%2fstructured-clone cache-miss
2558 http fetch GET 200 https://registry.npmjs.org/package-json-from-dist 43ms (cache miss)
2559 silly packumentCache full:https://registry.npmjs.org/package-json-from-dist set size:undefined disposed:false
2560 silly fetch manifest merge-stream@^2.0.0
2561 silly packumentCache full:https://registry.npmjs.org/merge-stream cache-miss
2562 http fetch GET 200 https://registry.npmjs.org/jackspeak 45ms (cache miss)
2563 silly packumentCache full:https://registry.npmjs.org/jackspeak set size:undefined disposed:false
2564 silly fetch manifest supports-color@^8.1.1
2565 silly packumentCache full:https://registry.npmjs.org/supports-color cache-miss
2566 http fetch GET 200 https://registry.npmjs.org/@jridgewell%2fresolve-uri 47ms (cache miss)
2567 silly packumentCache full:https://registry.npmjs.org/@jridgewell%2fresolve-uri set size:undefined disposed:false
2568 silly fetch manifest char-regex@^1.0.2
2569 silly packumentCache full:https://registry.npmjs.org/char-regex cache-miss
2570 http cache https://registry.npmjs.org/supports-color 2ms (cache hit)
2571 silly packumentCache full:https://registry.npmjs.org/supports-color set size:118680 disposed:false
2572 silly fetch manifest @types/istanbul-lib-coverage@^2.0.1
2573 silly packumentCache full:https://registry.npmjs.org/@types%2fistanbul-lib-coverage cache-miss
2574 http cache https://registry.npmjs.org/@types%2fistanbul-lib-coverage 1ms (cache hit)
2575 silly packumentCache full:https://registry.npmjs.org/@types%2fistanbul-lib-coverage set size:18110 disposed:false
2576 http fetch GET 200 https://registry.npmjs.org/@babel%2fparser 53ms (cache miss)
2577 silly packumentCache full:https://registry.npmjs.org/@babel%2fparser set size:undefined disposed:false
2578 http fetch GET 200 https://registry.npmjs.org/html-escaper 35ms (cache miss)
2579 silly packumentCache full:https://registry.npmjs.org/html-escaper set size:undefined disposed:false
2580 http fetch GET 200 https://registry.npmjs.org/merge-stream 32ms (cache miss)
2581 silly packumentCache full:https://registry.npmjs.org/merge-stream set size:undefined disposed:false
2582 http fetch GET 200 https://registry.npmjs.org/char-regex 37ms (cache miss)
2583 silly packumentCache full:https://registry.npmjs.org/char-regex set size:undefined disposed:false
2584 http fetch GET 200 https://registry.npmjs.org/@istanbuljs%2fschema 142ms (cache miss)
2585 silly packumentCache full:https://registry.npmjs.org/@istanbuljs%2fschema set size:undefined disposed:false
2586 http fetch GET 200 https://registry.npmjs.org/@ungap%2fstructured-clone 175ms (cache miss)
2587 silly packumentCache full:https://registry.npmjs.org/@ungap%2fstructured-clone set size:undefined disposed:false
2588 silly placeDep ROOT @types/istanbul-lib-coverage@2.0.6 OK for: @jest/test-result@30.4.1 want: ^2.0.6
2589 silly placeDep ROOT @babel/core@7.29.7 OK for: @jest/transform@30.4.1 want: ^7.27.4
2590 silly placeDep ROOT babel-plugin-istanbul@7.0.1 OK for: @jest/transform@30.4.1 want: ^7.0.1
2591 silly placeDep ROOT convert-source-map@2.0.0 OK for: @jest/transform@30.4.1 want: ^2.0.0
2592 silly placeDep ROOT pirates@4.0.7 OK for: @jest/transform@30.4.1 want: ^4.0.7
2593 silly placeDep ROOT write-file-atomic@5.0.1 OK for: @jest/transform@30.4.1 want: ^5.0.1
2594 silly fetch manifest semver@^6.3.1
2595 silly packumentCache full:https://registry.npmjs.org/semver cache-hit
2596 silly fetch manifest gensync@^1.0.0-beta.2
2597 silly packumentCache full:https://registry.npmjs.org/gensync cache-miss
2598 silly fetch manifest @babel/types@^7.29.7
2599 silly packumentCache full:https://registry.npmjs.org/@babel%2ftypes cache-miss
2600 silly fetch manifest @babel/parser@^7.29.7
2601 silly packumentCache full:https://registry.npmjs.org/@babel%2fparser cache-miss
2602 silly fetch manifest @babel/helpers@^7.29.7
2603 silly packumentCache full:https://registry.npmjs.org/@babel%2fhelpers cache-miss
2604 silly fetch manifest @babel/template@^7.29.7
2605 silly packumentCache full:https://registry.npmjs.org/@babel%2ftemplate cache-miss
2606 silly fetch manifest @babel/traverse@^7.29.7
2607 silly packumentCache full:https://registry.npmjs.org/@babel%2ftraverse cache-miss
2608 silly fetch manifest @babel/generator@^7.29.7
2609 silly packumentCache full:https://registry.npmjs.org/@babel%2fgenerator cache-miss
2610 http cache https://registry.npmjs.org/@babel%2ftypes 7ms (cache hit)
2611 silly packumentCache full:https://registry.npmjs.org/@babel%2ftypes set size:500625 disposed:false
2612 silly fetch manifest @jridgewell/remapping@^2.3.5
2613 silly packumentCache full:https://registry.npmjs.org/@jridgewell%2fremapping cache-miss
2614 http cache https://registry.npmjs.org/@babel%2fgenerator 8ms (cache hit)
2615 silly packumentCache full:https://registry.npmjs.org/@babel%2fgenerator set size:520504 disposed:false
2616 silly fetch manifest @babel/helper-module-transforms@^7.29.7
2617 silly packumentCache full:https://registry.npmjs.org/@babel%2fhelper-module-transforms cache-miss
2618 http cache https://registry.npmjs.org/@babel%2fparser 11ms (cache hit)
2619 silly packumentCache full:https://registry.npmjs.org/@babel%2fparser set size:735431 disposed:false
2620 silly fetch manifest @babel/helper-compilation-targets@^7.29.7
2621 silly packumentCache full:https://registry.npmjs.org/@babel%2fhelper-compilation-targets cache-miss
2622 http fetch GET 200 https://registry.npmjs.org/gensync 38ms (cache miss)
2623 silly packumentCache full:https://registry.npmjs.org/gensync set size:undefined disposed:false
2624 silly fetch manifest test-exclude@^6.0.0
2625 silly packumentCache full:https://registry.npmjs.org/test-exclude cache-miss
2626 http fetch GET 200 https://registry.npmjs.org/@babel%2fhelpers 50ms (cache miss)
2627 silly packumentCache full:https://registry.npmjs.org/@babel%2fhelpers set size:undefined disposed:false
2628 silly fetch manifest @babel/helper-plugin-utils@^7.0.0
2629 silly packumentCache full:https://registry.npmjs.org/@babel%2fhelper-plugin-utils cache-miss
2630 http fetch GET 200 https://registry.npmjs.org/@jridgewell%2fremapping 57ms (cache miss)
2631 silly packumentCache full:https://registry.npmjs.org/@jridgewell%2fremapping set size:undefined disposed:false
2632 silly fetch manifest @istanbuljs/load-nyc-config@^1.0.0
2633 silly packumentCache full:https://registry.npmjs.org/@istanbuljs%2fload-nyc-config cache-miss
2634 http fetch GET 200 https://registry.npmjs.org/@babel%2ftraverse 66ms (cache miss)
2635 silly packumentCache full:https://registry.npmjs.org/@babel%2ftraverse set size:undefined disposed:false
2636 http fetch GET 200 https://registry.npmjs.org/@babel%2fhelper-compilation-targets 54ms (cache miss)
2637 silly packumentCache full:https://registry.npmjs.org/@babel%2fhelper-compilation-targets set size:undefined disposed:false
2638 http fetch GET 200 https://registry.npmjs.org/@babel%2fhelper-module-transforms 58ms (cache miss)
2639 silly packumentCache full:https://registry.npmjs.org/@babel%2fhelper-module-transforms set size:undefined disposed:false
2640 http fetch GET 200 https://registry.npmjs.org/test-exclude 35ms (cache miss)
2641 silly packumentCache full:https://registry.npmjs.org/test-exclude set size:undefined disposed:false
2642 http fetch GET 200 https://registry.npmjs.org/@babel%2fhelper-plugin-utils 40ms (cache miss)
2643 silly packumentCache full:https://registry.npmjs.org/@babel%2fhelper-plugin-utils set size:undefined disposed:false
2644 http fetch GET 200 https://registry.npmjs.org/@istanbuljs%2fload-nyc-config 42ms (cache miss)
2645 silly packumentCache full:https://registry.npmjs.org/@istanbuljs%2fload-nyc-config set size:undefined disposed:false
2646 http fetch GET 200 https://registry.npmjs.org/@babel%2ftemplate 194ms (cache miss)
2647 silly packumentCache full:https://registry.npmjs.org/@babel%2ftemplate set size:undefined disposed:false
2648 silly fetch manifest @babel/core@^7.0.0
2649 silly packumentCache full:https://registry.npmjs.org/@babel%2fcore cache-hit
2650 silly placeDep ROOT @babel/generator@7.29.7 OK for: @babel/core@7.29.7 want: ^7.29.7
2651 silly placeDep ROOT @babel/helper-compilation-targets@7.29.7 OK for: @babel/core@7.29.7 want: ^7.29.7
2652 silly placeDep ROOT @babel/helper-module-transforms@7.29.7 OK for: @babel/core@7.29.7 want: ^7.29.7
2653 silly placeDep ROOT @babel/helpers@7.29.7 OK for: @babel/core@7.29.7 want: ^7.29.7
2654 silly placeDep ROOT @babel/parser@7.29.7 OK for: @babel/core@7.29.7 want: ^7.29.7
2655 silly placeDep ROOT @babel/template@7.29.7 OK for: @babel/core@7.29.7 want: ^7.29.7
2656 silly placeDep ROOT @babel/traverse@7.29.7 OK for: @babel/core@7.29.7 want: ^7.29.7
2657 silly placeDep ROOT @babel/types@7.29.7 OK for: @babel/core@7.29.7 want: ^7.29.7
2658 silly placeDep ROOT @jridgewell/remapping@2.3.5 OK for: @babel/core@7.29.7 want: ^2.3.5
2659 silly placeDep ROOT gensync@1.0.0-beta.2 OK for: @babel/core@7.29.7 want: ^1.0.0-beta.2
2660 silly placeDep ROOT json5@2.2.3 OK for: @babel/core@7.29.7 want: ^2.2.3
2661 silly placeDep node_modules/@babel/core semver@6.3.1 OK for: @babel/core@7.29.7 want: ^6.3.1
2662 silly fetch manifest jsesc@^3.0.2
2663 silly packumentCache full:https://registry.npmjs.org/jsesc cache-miss
2664 silly fetch manifest @jridgewell/gen-mapping@^0.3.12
2665 silly packumentCache full:https://registry.npmjs.org/@jridgewell%2fgen-mapping cache-miss
2666 silly fetch manifest lru-cache@^5.1.1
2667 silly packumentCache full:https://registry.npmjs.org/lru-cache cache-miss
2668 silly fetch manifest browserslist@^4.24.0
2669 silly packumentCache full:https://registry.npmjs.org/browserslist cache-miss
2670 silly fetch manifest @babel/compat-data@^7.29.7
2671 silly packumentCache full:https://registry.npmjs.org/@babel%2fcompat-data cache-miss
2672 silly fetch manifest @babel/helper-validator-option@^7.29.7
2673 silly packumentCache full:https://registry.npmjs.org/@babel%2fhelper-validator-option cache-miss
2674 silly fetch manifest @babel/helper-module-imports@^7.29.7
2675 silly packumentCache full:https://registry.npmjs.org/@babel%2fhelper-module-imports cache-miss
2676 http cache https://registry.npmjs.org/lru-cache 3ms (cache hit)
2677 silly packumentCache full:https://registry.npmjs.org/lru-cache set size:460407 disposed:false
2678 silly fetch manifest @babel/helper-globals@^7.29.7
2679 silly packumentCache full:https://registry.npmjs.org/@babel%2fhelper-globals cache-miss
2680 http cache https://registry.npmjs.org/browserslist 5ms (cache hit)
2681 silly packumentCache full:https://registry.npmjs.org/browserslist set size:514014 disposed:false
2682 silly fetch manifest @babel/helper-string-parser@^7.29.7
2683 silly packumentCache full:https://registry.npmjs.org/@babel%2fhelper-string-parser cache-miss
2684 http fetch GET 200 https://registry.npmjs.org/jsesc 37ms (cache miss)
2685 silly packumentCache full:https://registry.npmjs.org/jsesc set size:undefined disposed:false
2686 silly fetch manifest @jridgewell/gen-mapping@^0.3.5
2687 silly packumentCache full:https://registry.npmjs.org/@jridgewell%2fgen-mapping cache-miss
2688 http fetch GET 200 https://registry.npmjs.org/@babel%2fhelper-module-imports 42ms (cache miss)
2689 silly packumentCache full:https://registry.npmjs.org/@babel%2fhelper-module-imports set size:undefined disposed:false
2690 http fetch GET 200 https://registry.npmjs.org/@babel%2fhelper-globals 42ms (cache miss)
2691 silly packumentCache full:https://registry.npmjs.org/@babel%2fhelper-globals set size:undefined disposed:false
2692 http fetch GET 200 https://registry.npmjs.org/@babel%2fcompat-data 49ms (cache miss)
2693 silly packumentCache full:https://registry.npmjs.org/@babel%2fcompat-data set size:undefined disposed:false
2694 http fetch GET 200 https://registry.npmjs.org/@babel%2fhelper-validator-option 50ms (cache miss)
2695 silly packumentCache full:https://registry.npmjs.org/@babel%2fhelper-validator-option set size:undefined disposed:false
2696 http fetch GET 200 https://registry.npmjs.org/@jridgewell%2fgen-mapping 51ms (cache miss)
2697 silly packumentCache full:https://registry.npmjs.org/@jridgewell%2fgen-mapping set size:undefined disposed:false
2698 http fetch GET 200 https://registry.npmjs.org/@jridgewell%2fgen-mapping 44ms (cache miss)
2699 silly packumentCache full:https://registry.npmjs.org/@jridgewell%2fgen-mapping set size:undefined disposed:false
2700 http fetch GET 200 https://registry.npmjs.org/@babel%2fhelper-string-parser 177ms (cache miss)
2701 silly packumentCache full:https://registry.npmjs.org/@babel%2fhelper-string-parser set size:undefined disposed:false
2702 silly placeDep ROOT @jridgewell/gen-mapping@0.3.13 OK for: @babel/generator@7.29.7 want: ^0.3.12
2703 silly placeDep ROOT jsesc@3.1.0 OK for: @babel/generator@7.29.7 want: ^3.0.2
2704 silly placeDep ROOT @babel/compat-data@7.29.7 OK for: @babel/helper-compilation-targets@7.29.7 want: ^7.29.7
2705 silly placeDep ROOT @babel/helper-validator-option@7.29.7 OK for: @babel/helper-compilation-targets@7.29.7 want: ^7.29.7
2706 silly placeDep ROOT browserslist@4.28.6 OK for: @babel/helper-compilation-targets@7.29.7 want: ^4.24.0
2707 silly placeDep ROOT lru-cache@5.1.1 OK for: @babel/helper-compilation-targets@7.29.7 want: ^5.1.1
2708 silly placeDep node_modules/@babel/helper-compilation-targets semver@6.3.1 OK for: @babel/helper-compilation-targets@7.29.7 want: ^6.3.1
2709 silly fetch manifest caniuse-lite@^1.0.30001803
2710 silly packumentCache full:https://registry.npmjs.org/caniuse-lite cache-miss
2711 silly fetch manifest node-releases@^2.0.51
2712 silly packumentCache full:https://registry.npmjs.org/node-releases cache-miss
2713 silly fetch manifest electron-to-chromium@^1.5.389
2714 silly packumentCache full:https://registry.npmjs.org/electron-to-chromium cache-miss
2715 silly fetch manifest update-browserslist-db@^1.2.3
2716 silly packumentCache full:https://registry.npmjs.org/update-browserslist-db cache-miss
2717 silly fetch manifest baseline-browser-mapping@^2.10.42
2718 silly packumentCache full:https://registry.npmjs.org/baseline-browser-mapping cache-miss
2719 silly fetch manifest yallist@^3.0.2
2720 silly packumentCache full:https://registry.npmjs.org/yallist cache-miss
2721 http fetch GET 200 https://registry.npmjs.org/yallist 37ms (cache miss)
2722 silly packumentCache full:https://registry.npmjs.org/yallist set size:undefined disposed:false
2723 http fetch GET 200 https://registry.npmjs.org/update-browserslist-db 38ms (cache miss)
2724 silly packumentCache full:https://registry.npmjs.org/update-browserslist-db set size:undefined disposed:false
2725 http fetch GET 200 https://registry.npmjs.org/node-releases 43ms (cache miss)
2726 silly packumentCache full:https://registry.npmjs.org/node-releases set size:undefined disposed:false
2727 http fetch GET 200 https://registry.npmjs.org/baseline-browser-mapping 44ms (cache miss)
2728 silly packumentCache full:https://registry.npmjs.org/baseline-browser-mapping set size:undefined disposed:false
2729 http fetch GET 200 https://registry.npmjs.org/caniuse-lite 129ms (cache miss)
2730 silly packumentCache full:https://registry.npmjs.org/caniuse-lite set size:undefined disposed:false
2731 http fetch GET 200 https://registry.npmjs.org/electron-to-chromium 159ms (cache miss)
2732 silly packumentCache full:https://registry.npmjs.org/electron-to-chromium set size:undefined disposed:false
2733 silly placeDep ROOT @babel/helper-module-imports@7.29.7 OK for: @babel/helper-module-transforms@7.29.7 want: ^7.29.7
2734 silly placeDep ROOT @babel/helper-globals@7.29.7 OK for: @babel/traverse@7.29.7 want: ^7.29.7
2735 silly placeDep ROOT @babel/helper-string-parser@7.29.7 OK for: @babel/types@7.29.7 want: ^7.29.7
2736 silly placeDep ROOT @jest/schemas@30.4.1 OK for: @jest/types@30.4.1 want: 30.4.1
2737 silly placeDep ROOT @types/istanbul-reports@3.0.4 OK for: @jest/types@30.4.1 want: ^3.0.4
2738 silly placeDep ROOT @types/yargs@17.0.35 OK for: @jest/types@30.4.1 want: ^17.0.33
2739 silly fetch manifest @sinclair/typebox@^0.34.0
2740 silly packumentCache full:https://registry.npmjs.org/@sinclair%2ftypebox cache-miss
2741 silly fetch manifest @types/istanbul-lib-report@*
2742 silly packumentCache full:https://registry.npmjs.org/@types%2fistanbul-lib-report cache-miss
2743 silly fetch manifest @types/yargs-parser@*
2744 silly packumentCache full:https://registry.npmjs.org/@types%2fyargs-parser cache-miss
2745 http fetch GET 200 https://registry.npmjs.org/@types%2fyargs-parser 45ms (cache miss)
2746 silly packumentCache full:https://registry.npmjs.org/@types%2fyargs-parser set size:undefined disposed:false
2747 http fetch GET 200 https://registry.npmjs.org/@sinclair%2ftypebox 75ms (cache miss)
2748 silly packumentCache full:https://registry.npmjs.org/@sinclair%2ftypebox set size:undefined disposed:false
2749 http fetch GET 200 https://registry.npmjs.org/@types%2fistanbul-lib-report 179ms (cache miss)
2750 silly packumentCache full:https://registry.npmjs.org/@types%2fistanbul-lib-report set size:undefined disposed:false
2751 silly placeDep ROOT @sinclair/typebox@0.34.52 OK for: @jest/schemas@30.4.1 want: ^0.34.0
2752 silly placeDep ROOT @jridgewell/sourcemap-codec@1.5.5 OK for: @jridgewell/gen-mapping@0.3.13 want: ^1.5.0
2753 silly placeDep ROOT @jridgewell/resolve-uri@3.1.2 OK for: @jridgewell/trace-mapping@0.3.31 want: ^3.1.0
2754 silly placeDep ROOT @types/istanbul-lib-report@3.0.3 OK for: @types/istanbul-reports@3.0.4 want: *
2755 silly placeDep ROOT @types/yargs-parser@21.0.3 OK for: @types/yargs@17.0.35 want: *
2756 silly placeDep ROOT type-fest@0.21.3 OK for: ansi-escapes@4.3.2 want: ^0.21.3
2757 silly placeDep ROOT @babel/helper-plugin-utils@7.29.7 OK for: babel-plugin-istanbul@7.0.1 want: ^7.0.0
2758 silly placeDep ROOT @istanbuljs/load-nyc-config@1.1.0 OK for: babel-plugin-istanbul@7.0.1 want: ^1.0.0
2759 silly placeDep ROOT @istanbuljs/schema@0.1.6 OK for: babel-plugin-istanbul@7.0.1 want: ^0.1.3
2760 silly placeDep ROOT test-exclude@6.0.0 OK for: babel-plugin-istanbul@7.0.1 want: ^6.0.0
2761 silly fetch manifest camelcase@^5.3.1
2762 silly packumentCache full:https://registry.npmjs.org/camelcase cache-miss
2763 silly fetch manifest find-up@^4.1.0
2764 silly packumentCache full:https://registry.npmjs.org/find-up cache-miss
2765 silly fetch manifest get-package-type@^0.1.0
2766 silly packumentCache full:https://registry.npmjs.org/get-package-type cache-miss
2767 silly fetch manifest js-yaml@^3.13.1
2768 silly packumentCache full:https://registry.npmjs.org/js-yaml cache-miss
2769 silly fetch manifest resolve-from@^5.0.0
2770 silly packumentCache full:https://registry.npmjs.org/resolve-from cache-miss
2771 silly fetch manifest glob@^7.1.4
2772 silly packumentCache full:https://registry.npmjs.org/glob cache-hit
2773 http cache https://registry.npmjs.org/camelcase 3ms (cache hit)
2774 silly packumentCache full:https://registry.npmjs.org/camelcase set size:60255 disposed:false
2775 http cache https://registry.npmjs.org/resolve-from 4ms (cache hit)
2776 silly packumentCache full:https://registry.npmjs.org/resolve-from set size:12911 disposed:false
2777 http cache https://registry.npmjs.org/find-up 4ms (cache hit)
2778 silly packumentCache full:https://registry.npmjs.org/find-up set size:42620 disposed:false
2779 http cache https://registry.npmjs.org/js-yaml 5ms (cache hit)
2780 silly packumentCache full:https://registry.npmjs.org/js-yaml set size:171743 disposed:false
2781 http fetch GET 200 https://registry.npmjs.org/get-package-type 34ms (cache miss)
2782 silly packumentCache full:https://registry.npmjs.org/get-package-type set size:undefined disposed:false
2783 silly placeDep ROOT camelcase@5.3.1 OK for: @istanbuljs/load-nyc-config@1.1.0 want: ^5.3.1
2784 silly placeDep node_modules/@istanbuljs/load-nyc-config find-up@4.1.0 OK for: @istanbuljs/load-nyc-config@1.1.0 want: ^4.1.0
2785 silly placeDep ROOT get-package-type@0.1.0 OK for: @istanbuljs/load-nyc-config@1.1.0 want: ^0.1.0
2786 silly placeDep node_modules/@istanbuljs/load-nyc-config js-yaml@3.15.0 OK for: @istanbuljs/load-nyc-config@1.1.0 want: ^3.13.1
2787 silly placeDep node_modules/@istanbuljs/load-nyc-config resolve-from@5.0.0 OK for: @istanbuljs/load-nyc-config@1.1.0 want: ^5.0.0
2788 silly fetch manifest locate-path@^5.0.0
2789 silly packumentCache full:https://registry.npmjs.org/locate-path cache-miss
2790 silly fetch manifest argparse@^1.0.7
2791 silly packumentCache full:https://registry.npmjs.org/argparse cache-miss
2792 http cache https://registry.npmjs.org/argparse 1ms (cache hit)
2793 silly packumentCache full:https://registry.npmjs.org/argparse set size:51348 disposed:false
2794 http cache https://registry.npmjs.org/locate-path 2ms (cache hit)
2795 silly packumentCache full:https://registry.npmjs.org/locate-path set size:31329 disposed:false
2796 silly fetch manifest browserslist@>= 4.21.0
2797 silly packumentCache full:https://registry.npmjs.org/browserslist cache-hit
2798 silly placeDep ROOT baseline-browser-mapping@2.10.43 OK for: browserslist@4.28.6 want: ^2.10.42
2799 silly placeDep ROOT caniuse-lite@1.0.30001806 OK for: browserslist@4.28.6 want: ^1.0.30001803
2800 silly placeDep ROOT electron-to-chromium@1.5.392 OK for: browserslist@4.28.6 want: ^1.5.389
2801 silly placeDep ROOT node-releases@2.0.51 OK for: browserslist@4.28.6 want: ^2.0.51
2802 silly placeDep ROOT update-browserslist-db@1.2.3 OK for: browserslist@4.28.6 want: ^1.2.3
2803 silly fetch manifest escalade@^3.2.0
2804 silly packumentCache full:https://registry.npmjs.org/escalade cache-miss
2805 http fetch GET 200 https://registry.npmjs.org/escalade 35ms (cache miss)
2806 silly packumentCache full:https://registry.npmjs.org/escalade set size:undefined disposed:false
2807 silly placeDep ROOT pkg-dir@4.2.0 OK for: import-local@3.2.0 want: ^4.2.0
2808 silly placeDep ROOT resolve-cwd@3.0.0 OK for: import-local@3.2.0 want: ^3.0.0
2809 silly fetch manifest find-up@^4.0.0
2810 silly packumentCache full:https://registry.npmjs.org/find-up cache-hit
2811 silly placeDep ROOT make-dir@4.0.0 OK for: istanbul-lib-report@3.0.1 want: ^4.0.0
2812 silly placeDep ROOT html-escaper@2.0.2 OK for: istanbul-reports@3.2.0 want: ^2.0.0
2813 silly placeDep ROOT execa@5.1.1 OK for: jest-changed-files@30.4.1 want: ^5.1.1
2814 silly placeDep ROOT p-limit@3.1.0 OK for: jest-changed-files@30.4.1 want: ^3.1.0
2815 silly fetch manifest onetime@^5.1.2
2816 silly packumentCache full:https://registry.npmjs.org/onetime cache-miss
2817 silly fetch manifest is-stream@^2.0.0
2818 silly packumentCache full:https://registry.npmjs.org/is-stream cache-miss
2819 silly fetch manifest get-stream@^6.0.0
2820 silly packumentCache full:https://registry.npmjs.org/get-stream cache-miss
2821 silly fetch manifest signal-exit@^3.0.3
2822 silly packumentCache full:https://registry.npmjs.org/signal-exit cache-miss
2823 silly fetch manifest npm-run-path@^4.0.1
2824 silly packumentCache full:https://registry.npmjs.org/npm-run-path cache-miss
2825 silly fetch manifest human-signals@^2.1.0
2826 silly packumentCache full:https://registry.npmjs.org/human-signals cache-miss
2827 silly fetch manifest strip-final-newline@^2.0.0
2828 silly packumentCache full:https://registry.npmjs.org/strip-final-newline cache-miss
2829 http cache https://registry.npmjs.org/signal-exit 2ms (cache hit)
2830 silly packumentCache full:https://registry.npmjs.org/signal-exit set size:53489 disposed:false
2831 silly fetch manifest yocto-queue@^0.1.0
2832 silly packumentCache full:https://registry.npmjs.org/yocto-queue cache-miss
2833 http fetch GET 200 https://registry.npmjs.org/strip-final-newline 37ms (cache miss)
2834 silly packumentCache full:https://registry.npmjs.org/strip-final-newline set size:undefined disposed:false
2835 http fetch GET 200 https://registry.npmjs.org/human-signals 38ms (cache miss)
2836 silly packumentCache full:https://registry.npmjs.org/human-signals set size:undefined disposed:false
2837 http fetch GET 200 https://registry.npmjs.org/onetime 40ms (cache miss)
2838 silly packumentCache full:https://registry.npmjs.org/onetime set size:undefined disposed:false
2839 http fetch GET 200 https://registry.npmjs.org/get-stream 42ms (cache miss)
2840 silly packumentCache full:https://registry.npmjs.org/get-stream set size:undefined disposed:false
2841 http fetch GET 200 https://registry.npmjs.org/is-stream 42ms (cache miss)
2842 silly packumentCache full:https://registry.npmjs.org/is-stream set size:undefined disposed:false
2843 http fetch GET 200 https://registry.npmjs.org/npm-run-path 42ms (cache miss)
2844 silly packumentCache full:https://registry.npmjs.org/npm-run-path set size:undefined disposed:false
2845 http fetch GET 200 https://registry.npmjs.org/yocto-queue 39ms (cache miss)
2846 silly packumentCache full:https://registry.npmjs.org/yocto-queue set size:undefined disposed:false
2847 silly placeDep ROOT get-stream@6.0.1 OK for: execa@5.1.1 want: ^6.0.0
2848 silly placeDep ROOT human-signals@2.1.0 OK for: execa@5.1.1 want: ^2.1.0
2849 silly placeDep ROOT is-stream@2.0.1 OK for: execa@5.1.1 want: ^2.0.0
2850 silly placeDep ROOT merge-stream@2.0.0 OK for: execa@5.1.1 want: ^2.0.0
2851 silly placeDep ROOT npm-run-path@4.0.1 OK for: execa@5.1.1 want: ^4.0.1
2852 silly placeDep ROOT onetime@5.1.2 OK for: execa@5.1.1 want: ^5.1.2
2853 silly placeDep node_modules/execa signal-exit@3.0.7 OK for: execa@5.1.1 want: ^3.0.3
2854 silly placeDep ROOT strip-final-newline@2.0.0 OK for: execa@5.1.1 want: ^2.0.0
2855 silly fetch manifest mimic-fn@^2.1.0
2856 silly packumentCache full:https://registry.npmjs.org/mimic-fn cache-miss
2857 http fetch GET 200 https://registry.npmjs.org/mimic-fn 34ms (cache miss)
2858 silly packumentCache full:https://registry.npmjs.org/mimic-fn set size:undefined disposed:false
2859 silly placeDep ROOT yargs@17.7.3 OK for: jest-cli@30.4.2 want: ^17.7.2
2860 silly fetch manifest cliui@^8.0.1
2861 silly packumentCache full:https://registry.npmjs.org/cliui cache-miss
2862 silly fetch manifest escalade@^3.1.1
2863 silly packumentCache full:https://registry.npmjs.org/escalade cache-miss
2864 silly fetch manifest get-caller-file@^2.0.5
2865 silly packumentCache full:https://registry.npmjs.org/get-caller-file cache-miss
2866 silly fetch manifest require-directory@^2.1.1
2867 silly packumentCache full:https://registry.npmjs.org/require-directory cache-miss
2868 silly fetch manifest y18n@^5.0.5
2869 silly packumentCache full:https://registry.npmjs.org/y18n cache-miss
2870 http cache https://registry.npmjs.org/escalade 2ms (cache hit)
2871 silly packumentCache full:https://registry.npmjs.org/escalade set size:33724 disposed:false
2872 http fetch GET 200 https://registry.npmjs.org/require-directory 41ms (cache miss)
2873 silly packumentCache full:https://registry.npmjs.org/require-directory set size:undefined disposed:false
2874 http fetch GET 200 https://registry.npmjs.org/get-caller-file 41ms (cache miss)
2875 silly packumentCache full:https://registry.npmjs.org/get-caller-file set size:undefined disposed:false
2876 http fetch GET 200 https://registry.npmjs.org/cliui 43ms (cache miss)
2877 silly packumentCache full:https://registry.npmjs.org/cliui set size:undefined disposed:false
2878 http fetch GET 200 https://registry.npmjs.org/y18n 43ms (cache miss)
2879 silly packumentCache full:https://registry.npmjs.org/y18n set size:undefined disposed:false
2880 silly placeDep ROOT @jest/test-sequencer@30.4.1 OK for: jest-config@30.4.2 want: 30.4.1
2881 silly placeDep ROOT babel-jest@30.4.1 OK for: jest-config@30.4.2 want: 30.4.1
2882 silly placeDep node_modules/jest-config glob@10.5.0 OK for: jest-config@30.4.2 want: ^10.5.0
2883 silly placeDep ROOT jest-circus@30.4.2 OK for: jest-config@30.4.2 want: 30.4.2
2884 silly placeDep ROOT jest-docblock@30.4.0 OK for: jest-config@30.4.2 want: 30.4.0
2885 silly placeDep ROOT jest-environment-node@30.4.1 OK for: jest-config@30.4.2 want: 30.4.1
2886 silly fetch manifest @types/babel__core@^7.20.5
2887 silly packumentCache full:https://registry.npmjs.org/@types%2fbabel__core cache-miss
2888 silly fetch manifest babel-preset-jest@30.4.0
2889 silly packumentCache full:https://registry.npmjs.org/babel-preset-jest cache-miss
2890 silly fetch manifest @jest/expect@30.4.1
2891 silly packumentCache full:https://registry.npmjs.org/@jest%2fexpect cache-miss
2892 silly fetch manifest co@^4.6.0
2893 silly packumentCache full:https://registry.npmjs.org/co cache-miss
2894 silly fetch manifest dedent@^1.6.0
2895 silly packumentCache full:https://registry.npmjs.org/dedent cache-miss
2896 silly fetch manifest is-generator-fn@^2.1.0
2897 silly packumentCache full:https://registry.npmjs.org/is-generator-fn cache-miss
2898 silly fetch manifest jest-each@30.4.1
2899 silly packumentCache full:https://registry.npmjs.org/jest-each cache-miss
2900 http fetch GET 200 https://registry.npmjs.org/is-generator-fn 39ms (cache miss)
2901 silly packumentCache full:https://registry.npmjs.org/is-generator-fn set size:undefined disposed:false
2902 silly fetch manifest pure-rand@^7.0.0
2903 silly packumentCache full:https://registry.npmjs.org/pure-rand cache-miss
2904 http fetch GET 200 https://registry.npmjs.org/dedent 40ms (cache miss)
2905 silly packumentCache full:https://registry.npmjs.org/dedent set size:undefined disposed:false
2906 silly fetch manifest detect-newline@^3.1.0
2907 silly packumentCache full:https://registry.npmjs.org/detect-newline cache-miss
2908 http fetch GET 200 https://registry.npmjs.org/@types%2fbabel__core 43ms (cache miss)
2909 silly packumentCache full:https://registry.npmjs.org/@types%2fbabel__core set size:undefined disposed:false
2910 http fetch GET 200 https://registry.npmjs.org/babel-preset-jest 51ms (cache miss)
2911 silly packumentCache full:https://registry.npmjs.org/babel-preset-jest set size:undefined disposed:false
2912 http fetch GET 200 https://registry.npmjs.org/@jest%2fexpect 53ms (cache miss)
2913 silly packumentCache full:https://registry.npmjs.org/@jest%2fexpect set size:undefined disposed:false
2914 http fetch GET 200 https://registry.npmjs.org/jest-each 55ms (cache miss)
2915 silly packumentCache full:https://registry.npmjs.org/jest-each set size:undefined disposed:false
2916 http fetch GET 200 https://registry.npmjs.org/detect-newline 35ms (cache miss)
2917 silly packumentCache full:https://registry.npmjs.org/detect-newline set size:undefined disposed:false
2918 http fetch GET 200 https://registry.npmjs.org/pure-rand 41ms (cache miss)
2919 silly packumentCache full:https://registry.npmjs.org/pure-rand set size:undefined disposed:false
2920 http fetch GET 200 https://registry.npmjs.org/co 191ms (cache miss)
2921 silly packumentCache full:https://registry.npmjs.org/co set size:undefined disposed:false
2922 silly fetch manifest @babel/core@^7.11.0 || ^8.0.0-0
2923 silly packumentCache full:https://registry.npmjs.org/@babel%2fcore cache-hit
2924 silly placeDep ROOT @types/babel__core@7.20.5 OK for: babel-jest@30.4.1 want: ^7.20.5
2925 silly placeDep ROOT babel-preset-jest@30.4.0 OK for: babel-jest@30.4.1 want: 30.4.0
2926 silly fetch manifest @types/babel__template@*
2927 silly packumentCache full:https://registry.npmjs.org/@types%2fbabel__template cache-miss
2928 silly fetch manifest @types/babel__traverse@*
2929 silly packumentCache full:https://registry.npmjs.org/@types%2fbabel__traverse cache-miss
2930 silly fetch manifest @types/babel__generator@*
2931 silly packumentCache full:https://registry.npmjs.org/@types%2fbabel__generator cache-miss
2932 silly fetch manifest babel-plugin-jest-hoist@30.4.0
2933 silly packumentCache full:https://registry.npmjs.org/babel-plugin-jest-hoist cache-miss
2934 http fetch GET 200 https://registry.npmjs.org/@types%2fbabel__traverse 45ms (cache miss)
2935 silly packumentCache full:https://registry.npmjs.org/@types%2fbabel__traverse set size:undefined disposed:false
2936 http fetch GET 200 https://registry.npmjs.org/babel-plugin-jest-hoist 53ms (cache miss)
2937 silly packumentCache full:https://registry.npmjs.org/babel-plugin-jest-hoist set size:undefined disposed:false
2938 http fetch GET 200 https://registry.npmjs.org/@types%2fbabel__generator 194ms (cache miss)
2939 silly packumentCache full:https://registry.npmjs.org/@types%2fbabel__generator set size:undefined disposed:false
2940 http fetch GET 200 https://registry.npmjs.org/@types%2fbabel__template 197ms (cache miss)
2941 silly packumentCache full:https://registry.npmjs.org/@types%2fbabel__template set size:undefined disposed:false
2942 silly placeDep ROOT @types/babel__generator@7.27.0 OK for: @types/babel__core@7.20.5 want: *
2943 silly placeDep ROOT @types/babel__template@7.4.4 OK for: @types/babel__core@7.20.5 want: *
2944 silly placeDep ROOT @types/babel__traverse@7.28.0 OK for: @types/babel__core@7.20.5 want: *
2945 silly fetch manifest @babel/core@^7.11.0 || ^8.0.0-beta.1
2946 silly packumentCache full:https://registry.npmjs.org/@babel%2fcore cache-hit
2947 silly placeDep ROOT babel-plugin-jest-hoist@30.4.0 OK for: babel-preset-jest@30.4.0 want: 30.4.0
2948 silly placeDep ROOT babel-preset-current-node-syntax@1.2.0 OK for: babel-preset-jest@30.4.0 want: ^1.2.0
2949 silly fetch manifest @babel/plugin-syntax-async-generators@^7.8.4
2950 silly packumentCache full:https://registry.npmjs.org/@babel%2fplugin-syntax-async-generators cache-miss
2951 silly fetch manifest @babel/plugin-syntax-bigint@^7.8.3
2952 silly packumentCache full:https://registry.npmjs.org/@babel%2fplugin-syntax-bigint cache-miss
2953 silly fetch manifest @babel/plugin-syntax-class-properties@^7.12.13
2954 silly packumentCache full:https://registry.npmjs.org/@babel%2fplugin-syntax-class-properties cache-miss
2955 silly fetch manifest @babel/plugin-syntax-class-static-block@^7.14.5
2956 silly packumentCache full:https://registry.npmjs.org/@babel%2fplugin-syntax-class-static-block cache-miss
2957 silly fetch manifest @babel/plugin-syntax-import-attributes@^7.24.7
2958 silly packumentCache full:https://registry.npmjs.org/@babel%2fplugin-syntax-import-attributes cache-miss
2959 silly fetch manifest @babel/plugin-syntax-import-meta@^7.10.4
2960 silly packumentCache full:https://registry.npmjs.org/@babel%2fplugin-syntax-import-meta cache-miss
2961 silly fetch manifest @babel/plugin-syntax-json-strings@^7.8.3
2962 silly packumentCache full:https://registry.npmjs.org/@babel%2fplugin-syntax-json-strings cache-miss
2963 http fetch GET 200 https://registry.npmjs.org/@babel%2fplugin-syntax-bigint 65ms (cache miss)
2964 silly packumentCache full:https://registry.npmjs.org/@babel%2fplugin-syntax-bigint set size:undefined disposed:false
2965 silly fetch manifest @babel/plugin-syntax-logical-assignment-operators@^7.10.4
2966 silly packumentCache full:https://registry.npmjs.org/@babel%2fplugin-syntax-logical-assignment-operators cache-miss
2967 http fetch GET 200 https://registry.npmjs.org/@babel%2fplugin-syntax-json-strings 64ms (cache miss)
2968 silly packumentCache full:https://registry.npmjs.org/@babel%2fplugin-syntax-json-strings set size:undefined disposed:false
2969 silly fetch manifest @babel/plugin-syntax-nullish-coalescing-operator@^7.8.3
2970 silly packumentCache full:https://registry.npmjs.org/@babel%2fplugin-syntax-nullish-coalescing-operator cache-miss
2971 http fetch GET 200 https://registry.npmjs.org/@babel%2fplugin-syntax-class-static-block 66ms (cache miss)
2972 silly packumentCache full:https://registry.npmjs.org/@babel%2fplugin-syntax-class-static-block set size:undefined disposed:false
2973 silly fetch manifest @babel/plugin-syntax-numeric-separator@^7.10.4
2974 silly packumentCache full:https://registry.npmjs.org/@babel%2fplugin-syntax-numeric-separator cache-miss
2975 http fetch GET 200 https://registry.npmjs.org/@babel%2fplugin-syntax-import-attributes 68ms (cache miss)
2976 silly packumentCache full:https://registry.npmjs.org/@babel%2fplugin-syntax-import-attributes set size:undefined disposed:false
2977 silly fetch manifest @babel/plugin-syntax-object-rest-spread@^7.8.3
2978 silly packumentCache full:https://registry.npmjs.org/@babel%2fplugin-syntax-object-rest-spread cache-miss
2979 http fetch GET 200 https://registry.npmjs.org/@babel%2fplugin-syntax-async-generators 70ms (cache miss)
2980 silly packumentCache full:https://registry.npmjs.org/@babel%2fplugin-syntax-async-generators set size:undefined disposed:false
2981 silly fetch manifest @babel/plugin-syntax-optional-catch-binding@^7.8.3
2982 silly packumentCache full:https://registry.npmjs.org/@babel%2fplugin-syntax-optional-catch-binding cache-miss
2983 http fetch GET 200 https://registry.npmjs.org/@babel%2fplugin-syntax-import-meta 69ms (cache miss)
2984 silly packumentCache full:https://registry.npmjs.org/@babel%2fplugin-syntax-import-meta set size:undefined disposed:false
2985 silly fetch manifest @babel/plugin-syntax-optional-chaining@^7.8.3
2986 silly packumentCache full:https://registry.npmjs.org/@babel%2fplugin-syntax-optional-chaining cache-miss
2987 http fetch GET 200 https://registry.npmjs.org/@babel%2fplugin-syntax-class-properties 70ms (cache miss)
2988 silly packumentCache full:https://registry.npmjs.org/@babel%2fplugin-syntax-class-properties set size:undefined disposed:false
2989 silly fetch manifest @babel/plugin-syntax-private-property-in-object@^7.14.5
2990 silly packumentCache full:https://registry.npmjs.org/@babel%2fplugin-syntax-private-property-in-object cache-miss
2991 http fetch GET 200 https://registry.npmjs.org/@babel%2fplugin-syntax-private-property-in-object 98ms (cache miss)
2992 silly packumentCache full:https://registry.npmjs.org/@babel%2fplugin-syntax-private-property-in-object set size:undefined disposed:false
2993 silly fetch manifest @babel/plugin-syntax-top-level-await@^7.14.5
2994 silly packumentCache full:https://registry.npmjs.org/@babel%2fplugin-syntax-top-level-await cache-miss
2995 http fetch GET 200 https://registry.npmjs.org/@babel%2fplugin-syntax-nullish-coalescing-operator 109ms (cache miss)
2996 silly packumentCache full:https://registry.npmjs.org/@babel%2fplugin-syntax-nullish-coalescing-operator set size:undefined disposed:false
2997 http fetch GET 200 https://registry.npmjs.org/@babel%2fplugin-syntax-optional-chaining 107ms (cache miss)
2998 silly packumentCache full:https://registry.npmjs.org/@babel%2fplugin-syntax-optional-chaining set size:undefined disposed:false
2999 http fetch GET 200 https://registry.npmjs.org/@babel%2fplugin-syntax-logical-assignment-operators 114ms (cache miss)
3000 silly packumentCache full:https://registry.npmjs.org/@babel%2fplugin-syntax-logical-assignment-operators set size:undefined disposed:false
3001 http fetch GET 200 https://registry.npmjs.org/@babel%2fplugin-syntax-object-rest-spread 112ms (cache miss)
3002 silly packumentCache full:https://registry.npmjs.org/@babel%2fplugin-syntax-object-rest-spread set size:undefined disposed:false
3003 http fetch GET 200 https://registry.npmjs.org/@babel%2fplugin-syntax-optional-catch-binding 113ms (cache miss)
3004 silly packumentCache full:https://registry.npmjs.org/@babel%2fplugin-syntax-optional-catch-binding set size:undefined disposed:false
3005 http fetch GET 200 https://registry.npmjs.org/@babel%2fplugin-syntax-numeric-separator 119ms (cache miss)
3006 silly packumentCache full:https://registry.npmjs.org/@babel%2fplugin-syntax-numeric-separator set size:undefined disposed:false
3007 http fetch GET 200 https://registry.npmjs.org/@babel%2fplugin-syntax-top-level-await 55ms (cache miss)
3008 silly packumentCache full:https://registry.npmjs.org/@babel%2fplugin-syntax-top-level-await set size:undefined disposed:false
3009 silly fetch manifest @babel/core@^7.0.0 || ^8.0.0-0
3010 silly packumentCache full:https://registry.npmjs.org/@babel%2fcore cache-hit
3011 silly fetch manifest @babel/core@^7.0.0-0
3012 silly packumentCache full:https://registry.npmjs.org/@babel%2fcore cache-hit
3013 silly placeDep ROOT @babel/plugin-syntax-async-generators@7.8.4 OK for: babel-preset-current-node-syntax@1.2.0 want: ^7.8.4
3014 silly placeDep ROOT @babel/plugin-syntax-bigint@7.8.3 OK for: babel-preset-current-node-syntax@1.2.0 want: ^7.8.3
3015 silly placeDep ROOT @babel/plugin-syntax-class-properties@7.12.13 OK for: babel-preset-current-node-syntax@1.2.0 want: ^7.12.13
3016 silly placeDep ROOT @babel/plugin-syntax-class-static-block@7.14.5 OK for: babel-preset-current-node-syntax@1.2.0 want: ^7.14.5
3017 silly placeDep ROOT @babel/plugin-syntax-import-attributes@7.29.7 OK for: babel-preset-current-node-syntax@1.2.0 want: ^7.24.7
3018 silly placeDep ROOT @babel/plugin-syntax-import-meta@7.10.4 OK for: babel-preset-current-node-syntax@1.2.0 want: ^7.10.4
3019 silly placeDep ROOT @babel/plugin-syntax-json-strings@7.8.3 OK for: babel-preset-current-node-syntax@1.2.0 want: ^7.8.3
3020 silly placeDep ROOT @babel/plugin-syntax-logical-assignment-operators@7.10.4 OK for: babel-preset-current-node-syntax@1.2.0 want: ^7.10.4
3021 silly placeDep ROOT @babel/plugin-syntax-nullish-coalescing-operator@7.8.3 OK for: babel-preset-current-node-syntax@1.2.0 want: ^7.8.3
3022 silly placeDep ROOT @babel/plugin-syntax-numeric-separator@7.10.4 OK for: babel-preset-current-node-syntax@1.2.0 want: ^7.10.4
3023 silly placeDep ROOT @babel/plugin-syntax-object-rest-spread@7.8.3 OK for: babel-preset-current-node-syntax@1.2.0 want: ^7.8.3
3024 silly placeDep ROOT @babel/plugin-syntax-optional-catch-binding@7.8.3 OK for: babel-preset-current-node-syntax@1.2.0 want: ^7.8.3
3025 silly placeDep ROOT @babel/plugin-syntax-optional-chaining@7.8.3 OK for: babel-preset-current-node-syntax@1.2.0 want: ^7.8.3
3026 silly placeDep ROOT @babel/plugin-syntax-private-property-in-object@7.14.5 OK for: babel-preset-current-node-syntax@1.2.0 want: ^7.14.5
3027 silly placeDep ROOT @babel/plugin-syntax-top-level-await@7.14.5 OK for: babel-preset-current-node-syntax@1.2.0 want: ^7.14.5
3028 silly fetch manifest babel-plugin-macros@^3.1.0
3029 silly packumentCache full:https://registry.npmjs.org/babel-plugin-macros cache-miss
3030 http fetch GET 200 https://registry.npmjs.org/babel-plugin-macros 41ms (cache miss)
3031 silly packumentCache full:https://registry.npmjs.org/babel-plugin-macros set size:undefined disposed:false
3032 silly placeDep ROOT @jest/environment@30.4.1 OK for: jest-circus@30.4.2 want: 30.4.1
3033 silly placeDep ROOT @jest/expect@30.4.1 OK for: jest-circus@30.4.2 want: 30.4.1
3034 silly placeDep ROOT co@4.6.0 OK for: jest-circus@30.4.2 want: ^4.6.0
3035 silly placeDep ROOT dedent@1.7.2 OK for: jest-circus@30.4.2 want: ^1.6.0
3036 silly placeDep ROOT is-generator-fn@2.1.0 OK for: jest-circus@30.4.2 want: ^2.1.0
3037 silly placeDep ROOT jest-each@30.4.1 OK for: jest-circus@30.4.2 want: 30.4.1
3038 silly placeDep ROOT pure-rand@7.0.1 OK for: jest-circus@30.4.2 want: ^7.0.0
3039 silly placeDep ROOT stack-utils@2.0.6 OK for: jest-circus@30.4.2 want: ^2.0.6
3040 silly fetch manifest escape-string-regexp@^2.0.0
3041 silly packumentCache full:https://registry.npmjs.org/escape-string-regexp cache-miss
3042 http cache https://registry.npmjs.org/escape-string-regexp 5ms (cache hit)
3043 silly packumentCache full:https://registry.npmjs.org/escape-string-regexp set size:22244 disposed:false
3044 silly placeDep ROOT @jest/fake-timers@30.4.1 OK for: @jest/environment@30.4.1 want: 30.4.1
3045 silly fetch manifest @sinonjs/fake-timers@^15.4.0
3046 silly packumentCache full:https://registry.npmjs.org/@sinonjs%2ffake-timers cache-miss
3047 http fetch GET 200 https://registry.npmjs.org/@sinonjs%2ffake-timers 46ms (cache miss)
3048 silly packumentCache full:https://registry.npmjs.org/@sinonjs%2ffake-timers set size:undefined disposed:false
3049 silly placeDep ROOT @sinonjs/fake-timers@15.4.0 OK for: @jest/fake-timers@30.4.1 want: ^15.4.0
3050 silly fetch manifest @sinonjs/commons@^3.0.1
3051 silly packumentCache full:https://registry.npmjs.org/@sinonjs%2fcommons cache-miss
3052 http fetch GET 200 https://registry.npmjs.org/@sinonjs%2fcommons 45ms (cache miss)
3053 silly packumentCache full:https://registry.npmjs.org/@sinonjs%2fcommons set size:undefined disposed:false
3054 silly placeDep ROOT @sinonjs/commons@3.0.1 OK for: @sinonjs/fake-timers@15.4.0 want: ^3.0.1
3055 silly fetch manifest type-detect@4.0.8
3056 silly packumentCache full:https://registry.npmjs.org/type-detect cache-miss
3057 http fetch GET 200 https://registry.npmjs.org/type-detect 36ms (cache miss)
3058 silly packumentCache full:https://registry.npmjs.org/type-detect set size:undefined disposed:false
3059 silly placeDep ROOT type-detect@4.0.8 OK for: @sinonjs/commons@3.0.1 want: 4.0.8
3060 silly placeDep ROOT detect-newline@3.1.0 OK for: jest-docblock@30.4.0 want: ^3.1.0
3061 silly placeDep ROOT anymatch@3.1.3 OK for: jest-haste-map@30.4.1 want: ^3.1.3
3062 silly placeDep ROOT fb-watchman@2.0.2 OK for: jest-haste-map@30.4.1 want: ^2.0.2
3063 silly placeDep ROOT fsevents@2.3.3 OK for: jest-haste-map@30.4.1 want: ^2.3.3
3064 silly placeDep ROOT walker@1.0.8 OK for: jest-haste-map@30.4.1 want: ^1.0.8
3065 silly fetch manifest picomatch@^2.0.4
3066 silly packumentCache full:https://registry.npmjs.org/picomatch cache-hit
3067 silly fetch manifest normalize-path@^3.0.0
3068 silly packumentCache full:https://registry.npmjs.org/normalize-path cache-miss
3069 silly fetch manifest bser@2.1.1
3070 silly packumentCache full:https://registry.npmjs.org/bser cache-miss
3071 silly fetch manifest makeerror@1.0.12
3072 silly packumentCache full:https://registry.npmjs.org/makeerror cache-miss
3073 http fetch GET 200 https://registry.npmjs.org/makeerror 43ms (cache miss)
3074 silly packumentCache full:https://registry.npmjs.org/makeerror set size:undefined disposed:false
3075 http fetch GET 200 https://registry.npmjs.org/normalize-path 43ms (cache miss)
3076 silly packumentCache full:https://registry.npmjs.org/normalize-path set size:undefined disposed:false
3077 http fetch GET 200 https://registry.npmjs.org/bser 179ms (cache miss)
3078 silly packumentCache full:https://registry.npmjs.org/bser set size:undefined disposed:false
3079 silly placeDep ROOT normalize-path@3.0.0 OK for: anymatch@3.1.3 want: ^3.0.0
3080 silly placeDep node_modules/anymatch picomatch@2.3.2 OK for: anymatch@3.1.3 want: ^2.0.4
3081 silly placeDep ROOT bser@2.1.1 OK for: fb-watchman@2.0.2 want: 2.1.1
3082 silly fetch manifest node-int64@^0.4.0
3083 silly packumentCache full:https://registry.npmjs.org/node-int64 cache-miss
3084 http fetch GET 200 https://registry.npmjs.org/node-int64 39ms (cache miss)
3085 silly packumentCache full:https://registry.npmjs.org/node-int64 set size:undefined disposed:false
3086 silly placeDep ROOT node-int64@0.4.0 OK for: bser@2.1.1 want: ^0.4.0
3087 silly placeDep ROOT jest-diff@30.4.1 OK for: jest-matcher-utils@30.4.1 want: 30.4.1
3088 silly fetch manifest @jest/diff-sequences@30.4.0
3089 silly packumentCache full:https://registry.npmjs.org/@jest%2fdiff-sequences cache-miss
3090 http fetch GET 200 https://registry.npmjs.org/@jest%2fdiff-sequences 42ms (cache miss)
3091 silly packumentCache full:https://registry.npmjs.org/@jest%2fdiff-sequences set size:undefined disposed:false
3092 silly placeDep ROOT @jest/diff-sequences@30.4.0 OK for: jest-diff@30.4.1 want: 30.4.0
3093 silly placeDep ROOT @types/stack-utils@2.0.3 OK for: jest-message-util@30.4.1 want: ^2.0.3
3094 silly fetch manifest jest-resolve@*
3095 silly packumentCache full:https://registry.npmjs.org/jest-resolve cache-miss
3096 http cache https://registry.npmjs.org/jest-resolve 2ms (cache hit)
3097 silly packumentCache full:https://registry.npmjs.org/jest-resolve set size:660045 disposed:false
3098 silly placeDep ROOT jest-pnp-resolver@1.2.3 OK for: jest-resolve@30.4.1 want: ^1.2.3
3099 silly placeDep ROOT unrs-resolver@1.12.2 OK for: jest-resolve@30.4.1 want: ^1.7.11
3100 silly fetch manifest napi-postinstall@^0.3.4
3101 silly packumentCache full:https://registry.npmjs.org/napi-postinstall cache-miss
3102 silly fetch manifest @unrs/resolver-binding-darwin-arm64@1.12.2
3103 silly packumentCache full:https://registry.npmjs.org/@unrs%2fresolver-binding-darwin-arm64 cache-miss
3104 silly fetch manifest @unrs/resolver-binding-android-arm64@1.12.2
3105 silly packumentCache full:https://registry.npmjs.org/@unrs%2fresolver-binding-android-arm64 cache-miss
3106 silly fetch manifest @unrs/resolver-binding-win32-arm64-msvc@1.12.2
3107 silly packumentCache full:https://registry.npmjs.org/@unrs%2fresolver-binding-win32-arm64-msvc cache-miss
3108 silly fetch manifest @unrs/resolver-binding-linux-arm64-gnu@1.12.2
3109 silly packumentCache full:https://registry.npmjs.org/@unrs%2fresolver-binding-linux-arm64-gnu cache-miss
3110 silly fetch manifest @unrs/resolver-binding-linux-arm64-musl@1.12.2
3111 silly packumentCache full:https://registry.npmjs.org/@unrs%2fresolver-binding-linux-arm64-musl cache-miss
3112 silly fetch manifest @unrs/resolver-binding-openharmony-arm64@1.12.2
3113 silly packumentCache full:https://registry.npmjs.org/@unrs%2fresolver-binding-openharmony-arm64 cache-miss
3114 http fetch GET 200 https://registry.npmjs.org/napi-postinstall 37ms (cache miss)
3115 silly packumentCache full:https://registry.npmjs.org/napi-postinstall set size:undefined disposed:false
3116 silly fetch manifest @unrs/resolver-binding-android-arm-eabi@1.12.2
3117 silly packumentCache full:https://registry.npmjs.org/@unrs%2fresolver-binding-android-arm-eabi cache-miss
3118 http fetch GET 200 https://registry.npmjs.org/@unrs%2fresolver-binding-openharmony-arm64 46ms (cache miss)
3119 silly packumentCache full:https://registry.npmjs.org/@unrs%2fresolver-binding-openharmony-arm64 set size:undefined disposed:false
3120 silly fetch manifest @unrs/resolver-binding-linux-arm-gnueabihf@1.12.2
3121 silly packumentCache full:https://registry.npmjs.org/@unrs%2fresolver-binding-linux-arm-gnueabihf cache-miss
3122 http fetch GET 200 https://registry.npmjs.org/@unrs%2fresolver-binding-linux-arm64-gnu 46ms (cache miss)
3123 silly packumentCache full:https://registry.npmjs.org/@unrs%2fresolver-binding-linux-arm64-gnu set size:undefined disposed:false
3124 silly fetch manifest @unrs/resolver-binding-linux-arm-musleabihf@1.12.2
3125 silly packumentCache full:https://registry.npmjs.org/@unrs%2fresolver-binding-linux-arm-musleabihf cache-miss
3126 http fetch GET 200 https://registry.npmjs.org/@unrs%2fresolver-binding-win32-arm64-msvc 47ms (cache miss)
3127 silly packumentCache full:https://registry.npmjs.org/@unrs%2fresolver-binding-win32-arm64-msvc set size:undefined disposed:false
3128 silly fetch manifest @unrs/resolver-binding-win32-ia32-msvc@1.12.2
3129 silly packumentCache full:https://registry.npmjs.org/@unrs%2fresolver-binding-win32-ia32-msvc cache-miss
3130 http fetch GET 200 https://registry.npmjs.org/@unrs%2fresolver-binding-linux-arm64-musl 48ms (cache miss)
3131 silly packumentCache full:https://registry.npmjs.org/@unrs%2fresolver-binding-linux-arm64-musl set size:undefined disposed:false
3132 silly fetch manifest @unrs/resolver-binding-linux-loong64-gnu@1.12.2
3133 silly packumentCache full:https://registry.npmjs.org/@unrs%2fresolver-binding-linux-loong64-gnu cache-miss
3134 http fetch GET 200 https://registry.npmjs.org/@unrs%2fresolver-binding-darwin-arm64 49ms (cache miss)
3135 silly packumentCache full:https://registry.npmjs.org/@unrs%2fresolver-binding-darwin-arm64 set size:undefined disposed:false
3136 silly fetch manifest @unrs/resolver-binding-linux-loong64-musl@1.12.2
3137 silly packumentCache full:https://registry.npmjs.org/@unrs%2fresolver-binding-linux-loong64-musl cache-miss
3138 http fetch GET 200 https://registry.npmjs.org/@unrs%2fresolver-binding-android-arm64 52ms (cache miss)
3139 silly packumentCache full:https://registry.npmjs.org/@unrs%2fresolver-binding-android-arm64 set size:undefined disposed:false
3140 silly fetch manifest @unrs/resolver-binding-linux-ppc64-gnu@1.12.2
3141 silly packumentCache full:https://registry.npmjs.org/@unrs%2fresolver-binding-linux-ppc64-gnu cache-miss
3142 http fetch GET 200 https://registry.npmjs.org/@unrs%2fresolver-binding-android-arm-eabi 43ms (cache miss)
3143 silly packumentCache full:https://registry.npmjs.org/@unrs%2fresolver-binding-android-arm-eabi set size:undefined disposed:false
3144 silly fetch manifest @unrs/resolver-binding-linux-riscv64-gnu@1.12.2
3145 silly packumentCache full:https://registry.npmjs.org/@unrs%2fresolver-binding-linux-riscv64-gnu cache-miss
3146 http fetch GET 200 https://registry.npmjs.org/@unrs%2fresolver-binding-linux-loong64-gnu 40ms (cache miss)
3147 silly packumentCache full:https://registry.npmjs.org/@unrs%2fresolver-binding-linux-loong64-gnu set size:undefined disposed:false
3148 silly fetch manifest @unrs/resolver-binding-linux-riscv64-musl@1.12.2
3149 silly packumentCache full:https://registry.npmjs.org/@unrs%2fresolver-binding-linux-riscv64-musl cache-miss
3150 http fetch GET 200 https://registry.npmjs.org/@unrs%2fresolver-binding-linux-loong64-musl 44ms (cache miss)
3151 silly packumentCache full:https://registry.npmjs.org/@unrs%2fresolver-binding-linux-loong64-musl set size:undefined disposed:false
3152 silly fetch manifest @unrs/resolver-binding-linux-s390x-gnu@1.12.2
3153 silly packumentCache full:https://registry.npmjs.org/@unrs%2fresolver-binding-linux-s390x-gnu cache-miss
3154 http fetch GET 200 https://registry.npmjs.org/@unrs%2fresolver-binding-linux-arm-musleabihf 47ms (cache miss)
3155 silly packumentCache full:https://registry.npmjs.org/@unrs%2fresolver-binding-linux-arm-musleabihf set size:undefined disposed:false
3156 silly fetch manifest @unrs/resolver-binding-wasm32-wasi@1.12.2
3157 silly packumentCache full:https://registry.npmjs.org/@unrs%2fresolver-binding-wasm32-wasi cache-miss
3158 http fetch GET 200 https://registry.npmjs.org/@unrs%2fresolver-binding-win32-ia32-msvc 47ms (cache miss)
3159 silly packumentCache full:https://registry.npmjs.org/@unrs%2fresolver-binding-win32-ia32-msvc set size:undefined disposed:false
3160 silly fetch manifest @unrs/resolver-binding-darwin-x64@1.12.2
3161 silly packumentCache full:https://registry.npmjs.org/@unrs%2fresolver-binding-darwin-x64 cache-miss
3162 http fetch GET 200 https://registry.npmjs.org/@unrs%2fresolver-binding-linux-ppc64-gnu 63ms (cache miss)
3163 silly packumentCache full:https://registry.npmjs.org/@unrs%2fresolver-binding-linux-ppc64-gnu set size:undefined disposed:false
3164 silly fetch manifest @unrs/resolver-binding-win32-x64-msvc@1.12.2
3165 silly packumentCache full:https://registry.npmjs.org/@unrs%2fresolver-binding-win32-x64-msvc cache-miss
3166 http fetch GET 200 https://registry.npmjs.org/@unrs%2fresolver-binding-linux-riscv64-gnu 43ms (cache miss)
3167 silly packumentCache full:https://registry.npmjs.org/@unrs%2fresolver-binding-linux-riscv64-gnu set size:undefined disposed:false
3168 silly fetch manifest @unrs/resolver-binding-freebsd-x64@1.12.2
3169 silly packumentCache full:https://registry.npmjs.org/@unrs%2fresolver-binding-freebsd-x64 cache-miss
3170 http fetch GET 200 https://registry.npmjs.org/@unrs%2fresolver-binding-linux-riscv64-musl 42ms (cache miss)
3171 silly packumentCache full:https://registry.npmjs.org/@unrs%2fresolver-binding-linux-riscv64-musl set size:undefined disposed:false
3172 silly fetch manifest @unrs/resolver-binding-linux-x64-gnu@1.12.2
3173 silly packumentCache full:https://registry.npmjs.org/@unrs%2fresolver-binding-linux-x64-gnu cache-miss
3174 http fetch GET 200 https://registry.npmjs.org/@unrs%2fresolver-binding-wasm32-wasi 43ms (cache miss)
3175 silly packumentCache full:https://registry.npmjs.org/@unrs%2fresolver-binding-wasm32-wasi set size:undefined disposed:false
3176 silly fetch manifest @unrs/resolver-binding-linux-x64-musl@1.12.2
3177 silly packumentCache full:https://registry.npmjs.org/@unrs%2fresolver-binding-linux-x64-musl cache-miss
3178 http fetch GET 200 https://registry.npmjs.org/@unrs%2fresolver-binding-linux-s390x-gnu 46ms (cache miss)
3179 silly packumentCache full:https://registry.npmjs.org/@unrs%2fresolver-binding-linux-s390x-gnu set size:undefined disposed:false
3180 http fetch GET 200 https://registry.npmjs.org/@unrs%2fresolver-binding-darwin-x64 49ms (cache miss)
3181 silly packumentCache full:https://registry.npmjs.org/@unrs%2fresolver-binding-darwin-x64 set size:undefined disposed:false
3182 http fetch GET 200 https://registry.npmjs.org/@unrs%2fresolver-binding-win32-x64-msvc 43ms (cache miss)
3183 silly packumentCache full:https://registry.npmjs.org/@unrs%2fresolver-binding-win32-x64-msvc set size:undefined disposed:false
3184 http fetch GET 200 https://registry.npmjs.org/@unrs%2fresolver-binding-freebsd-x64 44ms (cache miss)
3185 silly packumentCache full:https://registry.npmjs.org/@unrs%2fresolver-binding-freebsd-x64 set size:undefined disposed:false
3186 http fetch GET 200 https://registry.npmjs.org/@unrs%2fresolver-binding-linux-x64-gnu 43ms (cache miss)
3187 silly packumentCache full:https://registry.npmjs.org/@unrs%2fresolver-binding-linux-x64-gnu set size:undefined disposed:false
3188 http fetch GET 200 https://registry.npmjs.org/@unrs%2fresolver-binding-linux-arm-gnueabihf 189ms (cache miss)
3189 silly packumentCache full:https://registry.npmjs.org/@unrs%2fresolver-binding-linux-arm-gnueabihf set size:undefined disposed:false
3190 http fetch GET 200 https://registry.npmjs.org/@unrs%2fresolver-binding-linux-x64-musl 175ms (cache miss)
3191 silly packumentCache full:https://registry.npmjs.org/@unrs%2fresolver-binding-linux-x64-musl set size:undefined disposed:false
3192 silly placeDep ROOT emittery@0.13.1 OK for: jest-runner@30.4.2 want: ^0.13.1
3193 silly placeDep ROOT jest-leak-detector@30.4.1 OK for: jest-runner@30.4.2 want: 30.4.1
3194 silly placeDep node_modules/jest-runner source-map-support@0.5.13 OK for: jest-runner@30.4.2 want: 0.5.13
3195 silly placeDep ROOT @jest/globals@30.4.1 OK for: jest-runtime@30.4.2 want: 30.4.1
3196 silly placeDep ROOT @jest/source-map@30.0.1 OK for: jest-runtime@30.4.2 want: 30.0.1
3197 silly placeDep ROOT cjs-module-lexer@2.2.0 OK for: jest-runtime@30.4.2 want: ^2.1.0
3198 silly placeDep node_modules/jest-runtime glob@10.5.0 OK for: jest-runtime@30.4.2 want: ^10.5.0
3199 silly placeDep ROOT strip-bom@4.0.0 OK for: jest-runtime@30.4.2 want: ^4.0.0
3200 silly fetch manifest callsites@^3.1.0
3201 silly packumentCache full:https://registry.npmjs.org/callsites cache-miss
3202 http cache https://registry.npmjs.org/callsites 1ms (cache hit)
3203 silly packumentCache full:https://registry.npmjs.org/callsites set size:21349 disposed:false
3204 silly placeDep ROOT callsites@3.1.0 OK for: @jest/source-map@30.0.1 want: ^3.1.0
3205 silly placeDep ROOT @babel/plugin-syntax-jsx@7.29.7 OK for: jest-snapshot@30.4.1 want: ^7.27.1
3206 silly placeDep ROOT @babel/plugin-syntax-typescript@7.29.7 OK for: jest-snapshot@30.4.1 want: ^7.27.1
3207 silly placeDep ROOT @jest/snapshot-utils@30.4.1 OK for: jest-snapshot@30.4.1 want: 30.4.1
3208 silly placeDep node_modules/jest-validate camelcase@6.3.0 OK for: jest-validate@30.4.1 want: ^6.3.0
3209 silly placeDep ROOT leven@3.1.0 OK for: jest-validate@30.4.1 want: ^3.1.0
3210 silly placeDep ROOT @ungap/structured-clone@1.3.3 OK for: jest-worker@30.4.1 want: ^1.3.0
3211 silly placeDep node_modules/jest-worker supports-color@8.1.1 OK for: jest-worker@30.4.1 want: ^8.1.1
3212 silly placeDep ROOT argparse@2.0.1 OK for: js-yaml@4.3.0 want: ^2.0.1
3213 silly placeDep ROOT json-buffer@3.0.1 OK for: keyv@4.5.4 want: 3.0.1
3214 silly placeDep ROOT prelude-ls@1.2.1 OK for: levn@0.4.1 want: ^1.2.1
3215 silly placeDep ROOT type-check@0.4.0 OK for: levn@0.4.1 want: ~0.4.0
3216 silly placeDep ROOT p-locate@5.0.0 OK for: locate-path@6.0.0 want: ^5.0.0
3217 silly placeDep ROOT yallist@3.1.1 OK for: lru-cache@5.1.1 want: ^3.0.2
3218 silly placeDep ROOT fs-monkey@1.1.0 OK for: memfs@3.5.3 want: ^1.0.4
3219 silly placeDep ROOT mime-db@1.54.0 OK for: mime-types@3.0.2 want: ^1.54.0
3220 silly placeDep ROOT brace-expansion@1.1.16 OK for: minimatch@3.1.5 want: ^1.1.7
3221 silly fetch manifest concat-map@0.0.1
3222 silly packumentCache full:https://registry.npmjs.org/concat-map cache-miss
3223 silly fetch manifest balanced-match@^1.0.0
3224 silly packumentCache full:https://registry.npmjs.org/balanced-match cache-miss
3225 http fetch GET 200 https://registry.npmjs.org/balanced-match 35ms (cache miss)
3226 silly packumentCache full:https://registry.npmjs.org/balanced-match set size:undefined disposed:false
3227 http fetch GET 200 https://registry.npmjs.org/concat-map 35ms (cache miss)
3228 silly packumentCache full:https://registry.npmjs.org/concat-map set size:undefined disposed:false
3229 silly placeDep ROOT balanced-match@1.0.2 OK for: brace-expansion@1.1.16 want: ^1.0.0
3230 silly placeDep ROOT concat-map@0.0.1 OK for: brace-expansion@1.1.16 want: 0.0.1
3231 silly placeDep ROOT append-field@1.0.0 OK for: multer@2.2.0 want: ^1.0.0
3232 silly placeDep ROOT busboy@1.6.0 OK for: multer@2.2.0 want: ^1.6.0
3233 silly placeDep ROOT concat-stream@2.0.0 OK for: multer@2.2.0 want: ^2.0.0
3234 silly placeDep node_modules/multer type-is@1.6.18 OK for: multer@2.2.0 want: ^1.6.18
3235 silly fetch manifest streamsearch@^1.1.0
3236 silly packumentCache full:https://registry.npmjs.org/streamsearch cache-miss
3237 silly fetch manifest readable-stream@^3.0.2
3238 silly packumentCache full:https://registry.npmjs.org/readable-stream cache-miss
3239 silly fetch manifest typedarray@^0.0.6
3240 silly packumentCache full:https://registry.npmjs.org/typedarray cache-miss
3241 silly fetch manifest mime-types@~2.1.24
3242 silly packumentCache full:https://registry.npmjs.org/mime-types cache-hit
3243 silly fetch manifest media-typer@0.3.0
3244 silly packumentCache full:https://registry.npmjs.org/media-typer cache-miss
3245 http cache https://registry.npmjs.org/media-typer 2ms (cache hit)
3246 silly packumentCache full:https://registry.npmjs.org/media-typer set size:22678 disposed:false
3247 http fetch GET 200 https://registry.npmjs.org/streamsearch 36ms (cache miss)
3248 silly packumentCache full:https://registry.npmjs.org/streamsearch set size:undefined disposed:false
3249 http fetch GET 200 https://registry.npmjs.org/typedarray 38ms (cache miss)
3250 silly packumentCache full:https://registry.npmjs.org/typedarray set size:undefined disposed:false
3251 http fetch GET 200 https://registry.npmjs.org/readable-stream 42ms (cache miss)
3252 silly packumentCache full:https://registry.npmjs.org/readable-stream set size:undefined disposed:false
3253 silly placeDep ROOT streamsearch@1.1.0 OK for: busboy@1.6.0 want: ^1.1.0
3254 silly placeDep ROOT buffer-from@1.1.2 OK for: concat-stream@2.0.0 want: ^1.0.0
3255 silly placeDep ROOT readable-stream@3.6.2 OK for: concat-stream@2.0.0 want: ^3.0.2
3256 silly placeDep ROOT typedarray@0.0.6 OK for: concat-stream@2.0.0 want: ^0.0.6
3257 silly fetch manifest string_decoder@^1.1.1
3258 silly packumentCache full:https://registry.npmjs.org/string_decoder cache-miss
3259 silly fetch manifest util-deprecate@^1.0.1
3260 silly packumentCache full:https://registry.npmjs.org/util-deprecate cache-miss
3261 http fetch GET 200 https://registry.npmjs.org/string_decoder 35ms (cache miss)
3262 silly packumentCache full:https://registry.npmjs.org/string_decoder set size:undefined disposed:false
3263 http fetch GET 200 https://registry.npmjs.org/util-deprecate 36ms (cache miss)
3264 silly packumentCache full:https://registry.npmjs.org/util-deprecate set size:undefined disposed:false
3265 silly placeDep ROOT lodash@4.18.1 OK for: node-emoji@1.11.0 want: ^4.17.21
3266 silly placeDep ROOT ee-first@1.1.1 OK for: on-finished@2.4.1 want: 1.1.1
3267 silly placeDep ROOT wrappy@1.0.2 OK for: once@1.4.0 want: 1
3268 silly placeDep ROOT mimic-fn@2.1.0 OK for: onetime@5.1.2 want: ^2.1.0
3269 silly placeDep ROOT deep-is@0.1.4 OK for: optionator@0.9.4 want: ^0.1.3
3270 silly placeDep ROOT fast-levenshtein@2.0.6 OK for: optionator@0.9.4 want: ^2.0.6
3271 silly placeDep ROOT word-wrap@1.2.5 OK for: optionator@0.9.4 want: ^1.2.5
3272 silly placeDep ROOT bl@4.1.0 OK for: ora@5.4.1 want: ^4.1.0
3273 silly placeDep ROOT cli-cursor@3.1.0 OK for: ora@5.4.1 want: ^3.1.0
3274 silly placeDep ROOT cli-spinners@2.9.2 OK for: ora@5.4.1 want: ^2.5.0
3275 silly placeDep ROOT is-interactive@1.0.0 OK for: ora@5.4.1 want: ^1.0.0
3276 silly placeDep ROOT is-unicode-supported@0.1.0 OK for: ora@5.4.1 want: ^0.1.0
3277 silly placeDep ROOT log-symbols@4.1.0 OK for: ora@5.4.1 want: ^4.1.0
3278 silly placeDep ROOT strip-ansi@6.0.1 OK for: ora@5.4.1 want: ^6.0.0
3279 silly placeDep ROOT wcwidth@1.0.1 OK for: ora@5.4.1 want: ^1.0.1
3280 silly fetch manifest buffer@^5.5.0
3281 silly packumentCache full:https://registry.npmjs.org/buffer cache-miss
3282 silly fetch manifest restore-cursor@^3.1.0
3283 silly packumentCache full:https://registry.npmjs.org/restore-cursor cache-miss
3284 silly fetch manifest ansi-regex@^5.0.1
3285 silly packumentCache full:https://registry.npmjs.org/ansi-regex cache-miss
3286 silly fetch manifest defaults@^1.0.3
3287 silly packumentCache full:https://registry.npmjs.org/defaults cache-miss
3288 http fetch GET 200 https://registry.npmjs.org/ansi-regex 36ms (cache miss)
3289 silly packumentCache full:https://registry.npmjs.org/ansi-regex set size:undefined disposed:false
3290 http fetch GET 200 https://registry.npmjs.org/defaults 37ms (cache miss)
3291 silly packumentCache full:https://registry.npmjs.org/defaults set size:undefined disposed:false
3292 http fetch GET 200 https://registry.npmjs.org/restore-cursor 37ms (cache miss)
3293 silly packumentCache full:https://registry.npmjs.org/restore-cursor set size:undefined disposed:false
3294 http fetch GET 200 https://registry.npmjs.org/buffer 39ms (cache miss)
3295 silly packumentCache full:https://registry.npmjs.org/buffer set size:undefined disposed:false
3296 silly placeDep ROOT buffer@5.7.1 OK for: bl@4.1.0 want: ^5.5.0
3297 silly fetch manifest base64-js@^1.3.1
3298 silly packumentCache full:https://registry.npmjs.org/base64-js cache-miss
3299 silly fetch manifest ieee754@^1.1.13
3300 silly packumentCache full:https://registry.npmjs.org/ieee754 cache-miss
3301 http cache https://registry.npmjs.org/ieee754 2ms (cache hit)
3302 silly packumentCache full:https://registry.npmjs.org/ieee754 set size:34910 disposed:false
3303 http fetch GET 200 https://registry.npmjs.org/base64-js 39ms (cache miss)
3304 silly packumentCache full:https://registry.npmjs.org/base64-js set size:undefined disposed:false
3305 silly placeDep ROOT base64-js@1.5.1 OK for: buffer@5.7.1 want: ^1.3.1
3306 silly placeDep ROOT ieee754@1.2.1 OK for: buffer@5.7.1 want: ^1.1.13
3307 silly placeDep ROOT restore-cursor@3.1.0 OK for: cli-cursor@3.1.0 want: ^3.1.0
3308 silly fetch manifest signal-exit@^3.0.2
3309 silly packumentCache full:https://registry.npmjs.org/signal-exit cache-hit
3310 silly placeDep ROOT yocto-queue@0.1.0 OK for: p-limit@3.1.0 want: ^0.1.0
3311 silly placeDep ROOT error-ex@1.3.4 OK for: parse-json@5.2.0 want: ^1.3.1
3312 silly placeDep ROOT json-parse-even-better-errors@2.3.1 OK for: parse-json@5.2.0 want: ^2.3.0
3313 silly placeDep ROOT lines-and-columns@1.2.4 OK for: parse-json@5.2.0 want: ^1.1.6
3314 silly fetch manifest is-arrayish@^0.2.1
3315 silly packumentCache full:https://registry.npmjs.org/is-arrayish cache-miss
3316 http fetch GET 200 https://registry.npmjs.org/is-arrayish 183ms (cache miss)
3317 silly packumentCache full:https://registry.npmjs.org/is-arrayish set size:undefined disposed:false
3318 silly placeDep ROOT is-arrayish@0.2.1 OK for: error-ex@1.3.4 want: ^0.2.1
3319 silly placeDep node_modules/path-scurry lru-cache@11.5.2 OK for: path-scurry@2.0.2 want: ^11.0.0
3320 silly placeDep node_modules/pkg-dir find-up@4.1.0 OK for: pkg-dir@4.2.0 want: ^4.0.0
3321 silly placeDep ROOT fast-diff@1.3.0 OK for: prettier-linter-helpers@1.0.1 want: ^1.1.2
3322 silly placeDep node_modules/pretty-format ansi-styles@5.2.0 OK for: pretty-format@30.4.1 want: ^5.2.0
3323 silly placeDep ROOT react-is-18@18.3.1 OK for: pretty-format@30.4.1 want: npm:react-is@^18.3.1
3324 silly placeDep ROOT react-is-19@19.2.7 OK for: pretty-format@30.4.1 want: npm:react-is@^19.2.5
3325 silly placeDep ROOT forwarded@0.2.0 OK for: proxy-addr@2.0.7 want: 0.2.0
3326 silly placeDep ROOT ipaddr.js@1.9.1 OK for: proxy-addr@2.0.7 want: 1.9.1
3327 silly placeDep ROOT side-channel@1.1.1 OK for: qs@6.15.3 want: ^1.1.1
3328 silly fetch manifest object-inspect@^1.13.4
3329 silly packumentCache full:https://registry.npmjs.org/object-inspect cache-miss
3330 silly fetch manifest side-channel-list@^1.0.1
3331 silly packumentCache full:https://registry.npmjs.org/side-channel-list cache-miss
3332 silly fetch manifest side-channel-map@^1.0.1
3333 silly packumentCache full:https://registry.npmjs.org/side-channel-map cache-miss
3334 silly fetch manifest side-channel-weakmap@^1.0.2
3335 silly packumentCache full:https://registry.npmjs.org/side-channel-weakmap cache-miss
3336 http fetch GET 200 https://registry.npmjs.org/side-channel-map 39ms (cache miss)
3337 silly packumentCache full:https://registry.npmjs.org/side-channel-map set size:undefined disposed:false
3338 http fetch GET 200 https://registry.npmjs.org/side-channel-list 39ms (cache miss)
3339 silly packumentCache full:https://registry.npmjs.org/side-channel-list set size:undefined disposed:false
3340 http fetch GET 200 https://registry.npmjs.org/side-channel-weakmap 39ms (cache miss)
3341 silly packumentCache full:https://registry.npmjs.org/side-channel-weakmap set size:undefined disposed:false
3342 http fetch GET 200 https://registry.npmjs.org/object-inspect 40ms (cache miss)
3343 silly packumentCache full:https://registry.npmjs.org/object-inspect set size:undefined disposed:false
3344 silly placeDep ROOT unpipe@1.0.0 OK for: raw-body@3.0.2 want: ~1.0.0
3345 silly placeDep ROOT string_decoder@1.3.0 OK for: readable-stream@3.6.2 want: ^1.1.1
3346 silly placeDep ROOT util-deprecate@1.0.2 OK for: readable-stream@3.6.2 want: ^1.0.1
3347 silly fetch manifest safe-buffer@~5.2.0
3348 silly packumentCache full:https://registry.npmjs.org/safe-buffer cache-miss
3349 http fetch GET 200 https://registry.npmjs.org/safe-buffer 36ms (cache miss)
3350 silly packumentCache full:https://registry.npmjs.org/safe-buffer set size:undefined disposed:false
3351 silly placeDep node_modules/resolve-cwd resolve-from@5.0.0 OK for: resolve-cwd@3.0.0 want: ^5.0.0
3352 silly placeDep node_modules/restore-cursor signal-exit@3.0.7 OK for: restore-cursor@3.1.0 want: ^3.0.2
3353 silly placeDep ROOT is-promise@4.0.0 OK for: router@2.2.0 want: ^4.0.0
3354 silly fetch manifest ajv@^6.12.5
3355 silly packumentCache full:https://registry.npmjs.org/ajv cache-miss
3356 http cache https://registry.npmjs.org/ajv 2ms (cache hit)
3357 silly packumentCache full:https://registry.npmjs.org/ajv set size:1142658 disposed:false
3358 silly placeDep ROOT ajv-keywords@3.5.2 OK for: schema-utils@3.3.0 want: ^3.5.2
3359 silly placeDep ROOT shebang-regex@3.0.0 OK for: shebang-command@2.0.0 want: ^3.0.0
3360 silly placeDep ROOT object-inspect@1.13.4 OK for: side-channel@1.1.1 want: ^1.13.4
3361 silly placeDep ROOT side-channel-list@1.0.1 OK for: side-channel@1.1.1 want: ^1.0.1
3362 silly placeDep ROOT side-channel-map@1.0.1 OK for: side-channel@1.1.1 want: ^1.0.1
3363 silly placeDep ROOT side-channel-weakmap@1.0.2 OK for: side-channel@1.1.1 want: ^1.0.2
3364 silly fetch manifest call-bound@^1.0.2
3365 silly packumentCache full:https://registry.npmjs.org/call-bound cache-miss
3366 silly fetch manifest call-bound@^1.0.2
3367 silly packumentCache full:https://registry.npmjs.org/call-bound cache-miss
3368 http fetch GET 200 https://registry.npmjs.org/call-bound 34ms (cache miss)
3369 silly packumentCache full:https://registry.npmjs.org/call-bound set size:undefined disposed:false
3370 http fetch GET 200 https://registry.npmjs.org/call-bound 34ms (cache miss)
3371 silly packumentCache full:https://registry.npmjs.org/call-bound set size:undefined disposed:false
3372 silly placeDep ROOT call-bound@1.0.4 OK for: side-channel-map@1.0.1 want: ^1.0.2
3373 silly placeDep node_modules/source-map-support source-map@0.6.1 OK for: source-map-support@0.5.21 want: ^0.6.0
3374 silly placeDep node_modules/stack-utils escape-string-regexp@2.0.0 OK for: stack-utils@2.0.6 want: ^2.0.0
3375 silly placeDep ROOT safe-buffer@5.2.1 OK for: string_decoder@1.3.0 want: ~5.2.0
3376 silly placeDep ROOT char-regex@1.0.2 OK for: string-length@4.0.2 want: ^1.0.2
3377 silly placeDep ROOT emoji-regex@8.0.0 OK for: string-width@4.2.3 want: ^8.0.0
3378 silly placeDep ROOT is-fullwidth-code-point@3.0.0 OK for: string-width@4.2.3 want: ^3.0.0
3379 silly placeDep ROOT ansi-regex@5.0.1 OK for: strip-ansi@6.0.1 want: ^5.0.1
3380 silly placeDep ROOT @tokenizer/token@0.3.0 OK for: strtok3@10.3.5 want: ^0.3.0
3381 silly placeDep ROOT methods@1.1.2 OK for: supertest@7.2.2 want: ^1.1.2
3382 silly placeDep ROOT superagent@10.3.0 OK for: supertest@7.2.2 want: ^10.3.0
3383 silly fetch manifest component-emitter@^1.3.1
3384 silly packumentCache full:https://registry.npmjs.org/component-emitter cache-miss
3385 silly fetch manifest cookiejar@^2.1.4
3386 silly packumentCache full:https://registry.npmjs.org/cookiejar cache-miss
3387 silly fetch manifest formidable@^3.5.4
3388 silly packumentCache full:https://registry.npmjs.org/formidable cache-miss
3389 silly fetch manifest mime@2.6.0
3390 silly packumentCache full:https://registry.npmjs.org/mime cache-miss
3391 http fetch GET 200 https://registry.npmjs.org/component-emitter 36ms (cache miss)
3392 silly packumentCache full:https://registry.npmjs.org/component-emitter set size:undefined disposed:false
3393 http fetch GET 200 https://registry.npmjs.org/cookiejar 37ms (cache miss)
3394 silly packumentCache full:https://registry.npmjs.org/cookiejar set size:undefined disposed:false
3395 http fetch GET 200 https://registry.npmjs.org/mime 38ms (cache miss)
3396 silly packumentCache full:https://registry.npmjs.org/mime set size:undefined disposed:false
3397 http fetch GET 200 https://registry.npmjs.org/formidable 41ms (cache miss)
3398 silly packumentCache full:https://registry.npmjs.org/formidable set size:undefined disposed:false
3399 silly placeDep ROOT component-emitter@1.3.1 OK for: superagent@10.3.0 want: ^1.3.1
3400 silly placeDep ROOT cookiejar@2.1.4 OK for: superagent@10.3.0 want: ^2.1.4
3401 silly placeDep ROOT formidable@3.5.4 OK for: superagent@10.3.0 want: ^3.5.4
3402 silly placeDep ROOT mime@2.6.0 OK for: superagent@10.3.0 want: 2.6.0
3403 silly fetch manifest dezalgo@^1.0.4
3404 silly packumentCache full:https://registry.npmjs.org/dezalgo cache-miss
3405 silly fetch manifest @paralleldrive/cuid2@^2.2.2
3406 silly packumentCache full:https://registry.npmjs.org/@paralleldrive%2fcuid2 cache-miss
3407 http fetch GET 200 https://registry.npmjs.org/dezalgo 34ms (cache miss)
3408 silly packumentCache full:https://registry.npmjs.org/dezalgo set size:undefined disposed:false
3409 http fetch GET 200 https://registry.npmjs.org/@paralleldrive%2fcuid2 46ms (cache miss)
3410 silly packumentCache full:https://registry.npmjs.org/@paralleldrive%2fcuid2 set size:undefined disposed:false
3411 silly placeDep ROOT @paralleldrive/cuid2@2.3.1 OK for: formidable@3.5.4 want: ^2.2.2
3412 silly placeDep ROOT dezalgo@1.0.4 OK for: formidable@3.5.4 want: ^1.0.4
3413 silly fetch manifest @noble/hashes@^1.1.5
3414 silly packumentCache full:https://registry.npmjs.org/@noble%2fhashes cache-miss
3415 silly fetch manifest asap@^2.0.0
3416 silly packumentCache full:https://registry.npmjs.org/asap cache-miss
3417 http fetch GET 200 https://registry.npmjs.org/asap 37ms (cache miss)
3418 silly packumentCache full:https://registry.npmjs.org/asap set size:undefined disposed:false
3419 http fetch GET 200 https://registry.npmjs.org/@noble%2fhashes 47ms (cache miss)
3420 silly packumentCache full:https://registry.npmjs.org/@noble%2fhashes set size:undefined disposed:false
3421 silly placeDep ROOT @noble/hashes@1.8.0 OK for: @paralleldrive/cuid2@2.3.1 want: ^1.1.5
3422 silly placeDep ROOT asap@2.0.6 OK for: dezalgo@1.0.4 want: ^2.0.0
3423 silly placeDep ROOT has-flag@4.0.0 OK for: supports-color@7.2.0 want: ^4.0.0
3424 silly placeDep ROOT @pkgr/core@0.3.6 OK for: synckit@0.11.13 want: ^0.3.6
3425 silly placeDep node_modules/test-exclude glob@7.2.3 OK for: test-exclude@6.0.0 want: ^7.1.4
3426 silly fetch manifest inflight@^1.0.4
3427 silly packumentCache full:https://registry.npmjs.org/inflight cache-miss
3428 silly fetch manifest fs.realpath@^1.0.0
3429 silly packumentCache full:https://registry.npmjs.org/fs.realpath cache-miss
3430 silly fetch manifest path-is-absolute@^1.0.0
3431 silly packumentCache full:https://registry.npmjs.org/path-is-absolute cache-miss
3432 http fetch GET 200 https://registry.npmjs.org/inflight 34ms (cache miss)
3433 silly packumentCache full:https://registry.npmjs.org/inflight set size:undefined disposed:false
3434 http fetch GET 200 https://registry.npmjs.org/path-is-absolute 38ms (cache miss)
3435 silly packumentCache full:https://registry.npmjs.org/path-is-absolute set size:undefined disposed:false
3436 http fetch GET 200 https://registry.npmjs.org/fs.realpath 38ms (cache miss)
3437 silly packumentCache full:https://registry.npmjs.org/fs.realpath set size:undefined disposed:false
3438 silly placeDep ROOT @borewit/text-codec@0.2.2 OK for: token-types@6.1.2 want: ^0.2.1
3439 silly placeDep ROOT bs-logger@0.2.6 OK for: ts-jest@29.4.11 want: ^0.2.6
3440 silly placeDep ROOT handlebars@4.7.9 OK for: ts-jest@29.4.11 want: ^4.7.9
3441 silly placeDep ROOT lodash.memoize@4.1.2 OK for: ts-jest@29.4.11 want: ^4.1.2
3442 silly placeDep ROOT make-error@1.3.6 OK for: ts-jest@29.4.11 want: ^1.3.6
3443 silly placeDep node_modules/ts-jest type-fest@4.41.0 OK for: ts-jest@29.4.11 want: ^4.41.0
3444 silly fetch manifest minimist@^1.2.5
3445 silly packumentCache full:https://registry.npmjs.org/minimist cache-miss
3446 silly fetch manifest source-map@^0.6.1
3447 silly packumentCache full:https://registry.npmjs.org/source-map cache-hit
3448 silly fetch manifest wordwrap@^1.0.0
3449 silly packumentCache full:https://registry.npmjs.org/wordwrap cache-miss
3450 silly fetch manifest uglify-js@^3.1.4
3451 silly packumentCache full:https://registry.npmjs.org/uglify-js cache-miss
3452 http cache https://registry.npmjs.org/minimist 2ms (cache hit)
3453 silly packumentCache full:https://registry.npmjs.org/minimist set size:77063 disposed:false
3454 http fetch GET 200 https://registry.npmjs.org/wordwrap 37ms (cache miss)
3455 silly packumentCache full:https://registry.npmjs.org/wordwrap set size:undefined disposed:false
3456 http fetch GET 200 https://registry.npmjs.org/uglify-js 60ms (cache miss)
3457 silly packumentCache full:https://registry.npmjs.org/uglify-js set size:undefined disposed:false
3458 silly placeDep ROOT minimist@1.2.8 OK for: handlebars@4.7.9 want: ^1.2.5
3459 silly placeDep ROOT neo-async@2.6.2 OK for: handlebars@4.7.9 want: ^2.6.2
3460 silly placeDep node_modules/handlebars source-map@0.6.1 OK for: handlebars@4.7.9 want: ^0.6.1
3461 silly placeDep ROOT uglify-js@3.19.3 OK for: handlebars@4.7.9 want: ^3.1.4
3462 silly placeDep ROOT wordwrap@1.0.0 OK for: handlebars@4.7.9 want: ^1.0.0
3463 silly placeDep ROOT @cspotcode/source-map-support@0.8.1 OK for: ts-node@10.9.2 want: ^0.8.0
3464 silly placeDep ROOT @tsconfig/node10@1.0.12 OK for: ts-node@10.9.2 want: ^1.0.7
3465 silly placeDep ROOT @tsconfig/node12@1.0.11 OK for: ts-node@10.9.2 want: ^1.0.7
3466 silly placeDep ROOT @tsconfig/node14@1.0.3 OK for: ts-node@10.9.2 want: ^1.0.0
3467 silly placeDep ROOT @tsconfig/node16@1.0.4 OK for: ts-node@10.9.2 want: ^1.0.2
3468 silly placeDep ROOT acorn-walk@8.3.5 OK for: ts-node@10.9.2 want: ^8.1.1
3469 silly placeDep ROOT arg@4.1.3 OK for: ts-node@10.9.2 want: ^4.1.0
3470 silly placeDep ROOT create-require@1.1.1 OK for: ts-node@10.9.2 want: ^1.1.0
3471 silly placeDep ROOT diff@4.0.4 OK for: ts-node@10.9.2 want: ^4.0.1
3472 silly placeDep ROOT v8-compile-cache-lib@3.0.1 OK for: ts-node@10.9.2 want: ^3.0.1
3473 silly placeDep ROOT yn@3.1.1 OK for: ts-node@10.9.2 want: 3.1.1
3474 silly fetch manifest @jridgewell/trace-mapping@0.3.9
3475 silly packumentCache full:https://registry.npmjs.org/@jridgewell%2ftrace-mapping cache-miss
3476 http cache https://registry.npmjs.org/@jridgewell%2ftrace-mapping 9ms (cache hit)
3477 silly packumentCache full:https://registry.npmjs.org/@jridgewell%2ftrace-mapping set size:170909 disposed:false
3478 silly placeDep node_modules/@cspotcode/source-map-support @jridgewell/trace-mapping@0.3.9 OK for: @cspotcode/source-map-support@0.8.1 want: 0.3.9
3479 silly placeDep node_modules/tsconfig-paths strip-bom@3.0.0 OK for: tsconfig-paths@4.2.0 want: ^3.0.0
3480 silly placeDep ROOT enhanced-resolve@5.24.2 OK for: tsconfig-paths-webpack-plugin@4.2.0 want: ^5.7.0
3481 silly placeDep node_modules/type-is content-type@2.0.0 OK for: type-is@2.1.0 want: ^2.0.0
3482 silly placeDep ROOT media-typer@1.1.0 OK for: type-is@2.1.0 want: ^1.1.0
3483 silly fetch manifest eslint@^8.57.0 || ^9.0.0 || ^10.0.0
3484 silly packumentCache full:https://registry.npmjs.org/eslint cache-miss
3485 http cache https://registry.npmjs.org/eslint 3ms (cache hit)
3486 silly packumentCache full:https://registry.npmjs.org/eslint set size:2033084 disposed:false
3487 silly fetch manifest typescript@>=4.8.4 <6.1.0
3488 silly packumentCache full:https://registry.npmjs.org/typescript cache-miss
3489 http cache https://registry.npmjs.org/typescript 16ms (cache hit)
3490 silly packumentCache full:https://registry.npmjs.org/typescript set size:15443961 disposed:false
3491 silly placeDep ROOT @typescript-eslint/eslint-plugin@8.64.0 OK for: typescript-eslint@8.64.0 want: 8.64.0
3492 silly placeDep ROOT @typescript-eslint/parser@8.64.0 OK for: @typescript-eslint/eslint-plugin@8.64.0 want: ^8.64.0
3493 silly placeDep ROOT @typescript-eslint/typescript-estree@8.64.0 OK for: typescript-eslint@8.64.0 want: 8.64.0
3494 silly placeDep ROOT @typescript-eslint/utils@8.64.0 OK for: typescript-eslint@8.64.0 want: 8.64.0
3495 silly fetch manifest ignore@^7.0.5
3496 silly packumentCache full:https://registry.npmjs.org/ignore cache-miss
3497 silly fetch manifest ts-api-utils@^2.5.0
3498 silly packumentCache full:https://registry.npmjs.org/ts-api-utils cache-miss
3499 silly fetch manifest @typescript-eslint/type-utils@8.64.0
3500 silly packumentCache full:https://registry.npmjs.org/@typescript-eslint%2ftype-utils cache-miss
3501 silly fetch manifest @typescript-eslint/visitor-keys@8.64.0
3502 silly packumentCache full:https://registry.npmjs.org/@typescript-eslint%2fvisitor-keys cache-miss
3503 silly fetch manifest @typescript-eslint/scope-manager@8.64.0
3504 silly packumentCache full:https://registry.npmjs.org/@typescript-eslint%2fscope-manager cache-miss
3505 silly fetch manifest @typescript-eslint/types@8.64.0
3506 silly packumentCache full:https://registry.npmjs.org/@typescript-eslint%2ftypes cache-miss
3507 silly fetch manifest @typescript-eslint/visitor-keys@8.64.0
3508 silly packumentCache full:https://registry.npmjs.org/@typescript-eslint%2fvisitor-keys cache-miss
3509 http cache https://registry.npmjs.org/ignore 5ms (cache hit)
3510 silly packumentCache full:https://registry.npmjs.org/ignore set size:240910 disposed:false
3511 silly fetch manifest @typescript-eslint/scope-manager@8.64.0
3512 silly packumentCache full:https://registry.npmjs.org/@typescript-eslint%2fscope-manager cache-miss
3513 http fetch GET 200 https://registry.npmjs.org/ts-api-utils 40ms (cache miss)
3514 silly packumentCache full:https://registry.npmjs.org/ts-api-utils set size:undefined disposed:false
3515 silly fetch manifest tinyglobby@^0.2.15
3516 silly packumentCache full:https://registry.npmjs.org/tinyglobby cache-miss
3517 http fetch GET 200 https://registry.npmjs.org/tinyglobby 59ms (cache miss)
3518 silly packumentCache full:https://registry.npmjs.org/tinyglobby set size:undefined disposed:false
3519 silly fetch manifest @typescript-eslint/types@8.64.0
3520 silly packumentCache full:https://registry.npmjs.org/@typescript-eslint%2ftypes cache-miss
3521 http fetch GET 200 https://registry.npmjs.org/@typescript-eslint%2ftype-utils 381ms (cache miss)
3522 silly packumentCache full:https://registry.npmjs.org/@typescript-eslint%2ftype-utils set size:undefined disposed:false
3523 silly fetch manifest @typescript-eslint/visitor-keys@8.64.0
3524 silly packumentCache full:https://registry.npmjs.org/@typescript-eslint%2fvisitor-keys cache-miss
3525 http fetch GET 200 https://registry.npmjs.org/@typescript-eslint%2fvisitor-keys 435ms (cache miss)
3526 silly packumentCache full:https://registry.npmjs.org/@typescript-eslint%2fvisitor-keys set size:undefined disposed:false
3527 silly fetch manifest @typescript-eslint/tsconfig-utils@8.64.0
3528 silly packumentCache full:https://registry.npmjs.org/@typescript-eslint%2ftsconfig-utils cache-miss
3529 http fetch GET 200 https://registry.npmjs.org/@typescript-eslint%2fscope-manager 480ms (cache miss)
3530 silly packumentCache full:https://registry.npmjs.org/@typescript-eslint%2fscope-manager set size:undefined disposed:false
3531 silly fetch manifest @typescript-eslint/project-service@8.64.0
3532 silly packumentCache full:https://registry.npmjs.org/@typescript-eslint%2fproject-service cache-miss
3533 http fetch GET 200 https://registry.npmjs.org/@typescript-eslint%2fvisitor-keys 523ms (cache miss)
3534 silly packumentCache full:https://registry.npmjs.org/@typescript-eslint%2fvisitor-keys set size:undefined disposed:false
3535 silly fetch manifest @typescript-eslint/types@8.64.0
3536 silly packumentCache full:https://registry.npmjs.org/@typescript-eslint%2ftypes cache-miss
3537 http fetch GET 200 https://registry.npmjs.org/@typescript-eslint%2ftypes 563ms (cache miss)
3538 silly packumentCache full:https://registry.npmjs.org/@typescript-eslint%2ftypes set size:undefined disposed:false
3539 http fetch GET 200 https://registry.npmjs.org/@typescript-eslint%2ftsconfig-utils 146ms (cache miss)
3540 silly packumentCache full:https://registry.npmjs.org/@typescript-eslint%2ftsconfig-utils set size:undefined disposed:false
3541 http fetch GET 200 https://registry.npmjs.org/@typescript-eslint%2fproject-service 119ms (cache miss)
3542 silly packumentCache full:https://registry.npmjs.org/@typescript-eslint%2fproject-service set size:undefined disposed:false
3543 http fetch GET 200 https://registry.npmjs.org/@typescript-eslint%2ftypes 562ms (cache miss)
3544 silly packumentCache full:https://registry.npmjs.org/@typescript-eslint%2ftypes set size:undefined disposed:false
3545 http fetch GET 200 https://registry.npmjs.org/@typescript-eslint%2fvisitor-keys 296ms (cache miss)
3546 silly packumentCache full:https://registry.npmjs.org/@typescript-eslint%2fvisitor-keys set size:undefined disposed:false
3547 http fetch GET 200 https://registry.npmjs.org/@typescript-eslint%2fscope-manager 732ms (cache miss)
3548 silly packumentCache full:https://registry.npmjs.org/@typescript-eslint%2fscope-manager set size:undefined disposed:false
3549 http fetch GET 200 https://registry.npmjs.org/@typescript-eslint%2ftypes 247ms (cache miss)
3550 silly packumentCache full:https://registry.npmjs.org/@typescript-eslint%2ftypes set size:undefined disposed:false
3551 silly placeDep ROOT @typescript-eslint/scope-manager@8.64.0 OK for: @typescript-eslint/eslint-plugin@8.64.0 want: 8.64.0
3552 silly placeDep ROOT @typescript-eslint/type-utils@8.64.0 OK for: @typescript-eslint/eslint-plugin@8.64.0 want: 8.64.0
3553 silly placeDep ROOT @typescript-eslint/visitor-keys@8.64.0 OK for: @typescript-eslint/eslint-plugin@8.64.0 want: 8.64.0
3554 silly placeDep node_modules/@typescript-eslint/eslint-plugin ignore@7.0.6 OK for: @typescript-eslint/eslint-plugin@8.64.0 want: ^7.0.5
3555 silly placeDep ROOT ts-api-utils@2.5.0 OK for: @typescript-eslint/eslint-plugin@8.64.0 want: ^2.5.0
3556 silly fetch manifest eslint-visitor-keys@^5.0.0
3557 silly packumentCache full:https://registry.npmjs.org/eslint-visitor-keys cache-hit
3558 silly placeDep ROOT @typescript-eslint/types@8.64.0 OK for: @typescript-eslint/parser@8.64.0 want: 8.64.0
3559 silly placeDep ROOT @typescript-eslint/project-service@8.64.0 OK for: @typescript-eslint/typescript-estree@8.64.0 want: 8.64.0
3560 silly placeDep ROOT @typescript-eslint/tsconfig-utils@8.64.0 OK for: @typescript-eslint/typescript-estree@8.64.0 want: 8.64.0
3561 silly placeDep node_modules/@typescript-eslint/typescript-estree minimatch@10.2.5 OK for: @typescript-eslint/typescript-estree@8.64.0 want: ^10.2.2
3562 silly placeDep ROOT tinyglobby@0.2.17 OK for: @typescript-eslint/typescript-estree@8.64.0 want: ^0.2.15
3563 silly fetch manifest @typescript-eslint/tsconfig-utils@^8.64.0
3564 silly packumentCache full:https://registry.npmjs.org/@typescript-eslint%2ftsconfig-utils cache-miss
3565 silly fetch manifest fdir@^6.5.0
3566 silly packumentCache full:https://registry.npmjs.org/fdir cache-miss
3567 http cache https://registry.npmjs.org/@typescript-eslint%2ftsconfig-utils 3ms (cache hit)
3568 silly packumentCache full:https://registry.npmjs.org/@typescript-eslint%2ftsconfig-utils set size:1524445 disposed:false
3569 http fetch GET 200 https://registry.npmjs.org/fdir 37ms (cache miss)
3570 silly packumentCache full:https://registry.npmjs.org/fdir set size:undefined disposed:false
3571 silly placeDep node_modules/@typescript-eslint/visitor-keys eslint-visitor-keys@5.0.1 OK for: @typescript-eslint/visitor-keys@8.64.0 want: ^5.0.0
3572 silly fetch manifest picomatch@^4.0.4
3573 silly packumentCache full:https://registry.npmjs.org/picomatch cache-hit
3574 silly placeDep ROOT fdir@6.5.0 OK for: tinyglobby@0.2.17 want: ^6.5.0
3575 silly placeDep ROOT @lukeed/csprng@1.1.0 OK for: uid@2.0.2 want: ^1.0.0
3576 silly placeDep ROOT @unrs/resolver-binding-android-arm-eabi@1.12.2 OK for: unrs-resolver@1.12.2 want: 1.12.2
3577 silly placeDep ROOT @unrs/resolver-binding-android-arm64@1.12.2 OK for: unrs-resolver@1.12.2 want: 1.12.2
3578 silly placeDep ROOT @unrs/resolver-binding-darwin-arm64@1.12.2 OK for: unrs-resolver@1.12.2 want: 1.12.2
3579 silly placeDep ROOT @unrs/resolver-binding-darwin-x64@1.12.2 OK for: unrs-resolver@1.12.2 want: 1.12.2
3580 silly placeDep ROOT @unrs/resolver-binding-freebsd-x64@1.12.2 OK for: unrs-resolver@1.12.2 want: 1.12.2
3581 silly placeDep ROOT @unrs/resolver-binding-linux-arm-gnueabihf@1.12.2 OK for: unrs-resolver@1.12.2 want: 1.12.2
3582 silly placeDep ROOT @unrs/resolver-binding-linux-arm-musleabihf@1.12.2 OK for: unrs-resolver@1.12.2 want: 1.12.2
3583 silly placeDep ROOT @unrs/resolver-binding-linux-arm64-gnu@1.12.2 OK for: unrs-resolver@1.12.2 want: 1.12.2
3584 silly placeDep ROOT @unrs/resolver-binding-linux-arm64-musl@1.12.2 OK for: unrs-resolver@1.12.2 want: 1.12.2
3585 silly placeDep ROOT @unrs/resolver-binding-linux-loong64-gnu@1.12.2 OK for: unrs-resolver@1.12.2 want: 1.12.2
3586 silly placeDep ROOT @unrs/resolver-binding-linux-loong64-musl@1.12.2 OK for: unrs-resolver@1.12.2 want: 1.12.2
3587 silly placeDep ROOT @unrs/resolver-binding-linux-ppc64-gnu@1.12.2 OK for: unrs-resolver@1.12.2 want: 1.12.2
3588 silly placeDep ROOT @unrs/resolver-binding-linux-riscv64-gnu@1.12.2 OK for: unrs-resolver@1.12.2 want: 1.12.2
3589 silly placeDep ROOT @unrs/resolver-binding-linux-riscv64-musl@1.12.2 OK for: unrs-resolver@1.12.2 want: 1.12.2
3590 silly placeDep ROOT @unrs/resolver-binding-linux-s390x-gnu@1.12.2 OK for: unrs-resolver@1.12.2 want: 1.12.2
3591 silly placeDep ROOT @unrs/resolver-binding-linux-x64-gnu@1.12.2 OK for: unrs-resolver@1.12.2 want: 1.12.2
3592 silly placeDep ROOT @unrs/resolver-binding-linux-x64-musl@1.12.2 OK for: unrs-resolver@1.12.2 want: 1.12.2
3593 silly placeDep ROOT @unrs/resolver-binding-openharmony-arm64@1.12.2 OK for: unrs-resolver@1.12.2 want: 1.12.2
3594 silly placeDep ROOT @unrs/resolver-binding-wasm32-wasi@1.12.2 OK for: unrs-resolver@1.12.2 want: 1.12.2
3595 silly placeDep ROOT @unrs/resolver-binding-win32-arm64-msvc@1.12.2 OK for: unrs-resolver@1.12.2 want: 1.12.2
3596 silly placeDep ROOT @unrs/resolver-binding-win32-ia32-msvc@1.12.2 OK for: unrs-resolver@1.12.2 want: 1.12.2
3597 silly placeDep ROOT @unrs/resolver-binding-win32-x64-msvc@1.12.2 OK for: unrs-resolver@1.12.2 want: 1.12.2
3598 silly placeDep ROOT napi-postinstall@0.3.4 OK for: unrs-resolver@1.12.2 want: ^0.3.4
3599 silly fetch manifest @napi-rs/wasm-runtime@^1.1.4
3600 silly packumentCache full:https://registry.npmjs.org/@napi-rs%2fwasm-runtime cache-miss
3601 silly fetch manifest @emnapi/core@1.10.0
3602 silly packumentCache full:https://registry.npmjs.org/@emnapi%2fcore cache-miss
3603 silly fetch manifest @emnapi/runtime@1.10.0
3604 silly packumentCache full:https://registry.npmjs.org/@emnapi%2fruntime cache-miss
3605 http fetch GET 200 https://registry.npmjs.org/@emnapi%2fcore 45ms (cache miss)
3606 silly packumentCache full:https://registry.npmjs.org/@emnapi%2fcore set size:undefined disposed:false
3607 http fetch GET 200 https://registry.npmjs.org/@napi-rs%2fwasm-runtime 46ms (cache miss)
3608 silly packumentCache full:https://registry.npmjs.org/@napi-rs%2fwasm-runtime set size:undefined disposed:false
3609 http fetch GET 200 https://registry.npmjs.org/@emnapi%2fruntime 49ms (cache miss)
3610 silly packumentCache full:https://registry.npmjs.org/@emnapi%2fruntime set size:undefined disposed:false
3611 silly placeDep ROOT @emnapi/core@1.10.0 OK for: @unrs/resolver-binding-wasm32-wasi@1.12.2 want: 1.10.0
3612 silly placeDep ROOT @emnapi/runtime@1.10.0 OK for: @unrs/resolver-binding-wasm32-wasi@1.12.2 want: 1.10.0
3613 silly placeDep ROOT @napi-rs/wasm-runtime@1.1.6 OK for: @unrs/resolver-binding-wasm32-wasi@1.12.2 want: ^1.1.4
3614 silly fetch manifest @emnapi/wasi-threads@1.2.1
3615 silly packumentCache full:https://registry.npmjs.org/@emnapi%2fwasi-threads cache-miss
3616 silly fetch manifest @tybys/wasm-util@^0.10.3
3617 silly packumentCache full:https://registry.npmjs.org/@tybys%2fwasm-util cache-miss
3618 http fetch GET 200 https://registry.npmjs.org/@emnapi%2fwasi-threads 41ms (cache miss)
3619 silly packumentCache full:https://registry.npmjs.org/@emnapi%2fwasi-threads set size:undefined disposed:false
3620 http fetch GET 200 https://registry.npmjs.org/@tybys%2fwasm-util 181ms (cache miss)
3621 silly packumentCache full:https://registry.npmjs.org/@tybys%2fwasm-util set size:undefined disposed:false
3622 silly placeDep ROOT @emnapi/wasi-threads@1.2.1 OK for: @emnapi/core@1.10.0 want: 1.2.1
3623 silly placeDep ROOT @tybys/wasm-util@0.10.3 OK for: @napi-rs/wasm-runtime@1.1.6 want: ^0.10.3
3624 silly placeDep ROOT escalade@3.2.0 OK for: update-browserslist-db@1.2.3 want: ^3.2.0
3625 silly placeDep ROOT punycode@2.3.1 OK for: uri-js@4.4.1 want: ^2.1.0
3626 silly placeDep ROOT makeerror@1.0.12 OK for: walker@1.0.8 want: 1.0.12
3627 silly fetch manifest tmpl@1.0.5
3628 silly packumentCache full:https://registry.npmjs.org/tmpl cache-miss
3629 http fetch GET 200 https://registry.npmjs.org/tmpl 35ms (cache miss)
3630 silly packumentCache full:https://registry.npmjs.org/tmpl set size:undefined disposed:false
3631 silly placeDep ROOT tmpl@1.0.5 OK for: makeerror@1.0.12 want: 1.0.5
3632 silly placeDep ROOT defaults@1.0.4 OK for: wcwidth@1.0.1 want: ^1.0.3
3633 silly fetch manifest clone@^1.0.2
3634 silly packumentCache full:https://registry.npmjs.org/clone cache-miss
3635 http fetch GET 200 https://registry.npmjs.org/clone 36ms (cache miss)
3636 silly packumentCache full:https://registry.npmjs.org/clone set size:undefined disposed:false
3637 silly placeDep ROOT clone@1.0.4 OK for: defaults@1.0.4 want: ^1.0.2
3638 silly fetch manifest webpack@^5.1.0
3639 silly packumentCache full:https://registry.npmjs.org/webpack cache-miss
3640 http cache https://registry.npmjs.org/webpack 13ms (cache hit)
3641 silly packumentCache full:https://registry.npmjs.org/webpack set size:5090723 disposed:false
3642 silly placeDep ROOT @webassemblyjs/ast@1.14.1 OK for: webpack@5.108.4 want: ^1.14.1
3643 silly placeDep ROOT @webassemblyjs/wasm-edit@1.14.1 OK for: webpack@5.108.4 want: ^1.14.1
3644 silly placeDep ROOT @webassemblyjs/wasm-parser@1.14.1 OK for: webpack@5.108.4 want: ^1.14.1
3645 silly placeDep ROOT acorn-import-phases@1.0.4 OK for: webpack@5.108.4 want: ^1.0.3
3646 silly placeDep ROOT chrome-trace-event@1.0.4 OK for: webpack@5.108.4 want: ^1.0.2
3647 silly placeDep ROOT es-module-lexer@2.3.1 OK for: webpack@5.108.4 want: ^2.1.0
3648 silly placeDep node_modules/webpack eslint-scope@5.1.1 OK for: webpack@5.108.4 want: 5.1.1
3649 silly placeDep ROOT events@3.3.0 OK for: webpack@5.108.4 want: ^3.2.0
3650 silly placeDep ROOT loader-runner@4.3.2 OK for: webpack@5.108.4 want: ^4.3.2
3651 silly placeDep ROOT minimizer-webpack-plugin@5.6.1 OK for: webpack@5.108.4 want: ^5.6.1
3652 silly placeDep node_modules/webpack schema-utils@4.3.3 OK for: webpack@5.108.4 want: ^4.3.3
3653 silly placeDep ROOT watchpack@2.5.2 OK for: webpack@5.108.4 want: ^2.5.2
3654 silly placeDep ROOT webpack-sources@3.5.1 OK for: webpack@5.108.4 want: ^3.5.0
3655 silly fetch manifest @webassemblyjs/helper-numbers@1.13.2
3656 silly packumentCache full:https://registry.npmjs.org/@webassemblyjs%2fhelper-numbers cache-miss
3657 silly fetch manifest @webassemblyjs/helper-wasm-bytecode@1.13.2
3658 silly packumentCache full:https://registry.npmjs.org/@webassemblyjs%2fhelper-wasm-bytecode cache-miss
3659 silly fetch manifest @webassemblyjs/helper-buffer@1.14.1
3660 silly packumentCache full:https://registry.npmjs.org/@webassemblyjs%2fhelper-buffer cache-miss
3661 silly fetch manifest @webassemblyjs/helper-wasm-bytecode@1.13.2
3662 silly packumentCache full:https://registry.npmjs.org/@webassemblyjs%2fhelper-wasm-bytecode cache-miss
3663 silly fetch manifest @webassemblyjs/helper-wasm-section@1.14.1
3664 silly packumentCache full:https://registry.npmjs.org/@webassemblyjs%2fhelper-wasm-section cache-miss
3665 silly fetch manifest @webassemblyjs/wasm-gen@1.14.1
3666 silly packumentCache full:https://registry.npmjs.org/@webassemblyjs%2fwasm-gen cache-miss
3667 silly fetch manifest @webassemblyjs/wasm-opt@1.14.1
3668 silly packumentCache full:https://registry.npmjs.org/@webassemblyjs%2fwasm-opt cache-miss
3669 http fetch GET 200 https://registry.npmjs.org/@webassemblyjs%2fhelper-numbers 41ms (cache miss)
3670 silly packumentCache full:https://registry.npmjs.org/@webassemblyjs%2fhelper-numbers set size:undefined disposed:false
3671 silly fetch manifest @webassemblyjs/wasm-parser@1.14.1
3672 silly packumentCache full:https://registry.npmjs.org/@webassemblyjs%2fwasm-parser cache-miss
3673 http cache https://registry.npmjs.org/@webassemblyjs%2fwasm-parser 2ms (cache hit)
3674 silly packumentCache full:https://registry.npmjs.org/@webassemblyjs%2fwasm-parser set size:214115 disposed:false
3675 silly fetch manifest @webassemblyjs/wast-printer@1.14.1
3676 silly packumentCache full:https://registry.npmjs.org/@webassemblyjs%2fwast-printer cache-miss
3677 http fetch GET 200 https://registry.npmjs.org/@webassemblyjs%2fhelper-wasm-bytecode 51ms (cache miss)
3678 silly packumentCache full:https://registry.npmjs.org/@webassemblyjs%2fhelper-wasm-bytecode set size:undefined disposed:false
3679 silly fetch manifest @webassemblyjs/helper-api-error@1.13.2
3680 silly packumentCache full:https://registry.npmjs.org/@webassemblyjs%2fhelper-api-error cache-miss
3681 http fetch GET 200 https://registry.npmjs.org/@webassemblyjs%2fhelper-buffer 53ms (cache miss)
3682 silly packumentCache full:https://registry.npmjs.org/@webassemblyjs%2fhelper-buffer set size:undefined disposed:false
3683 silly fetch manifest @webassemblyjs/ieee754@1.13.2
3684 silly packumentCache full:https://registry.npmjs.org/@webassemblyjs%2fieee754 cache-miss
3685 http fetch GET 200 https://registry.npmjs.org/@webassemblyjs%2fwasm-gen 54ms (cache miss)
3686 silly packumentCache full:https://registry.npmjs.org/@webassemblyjs%2fwasm-gen set size:undefined disposed:false
3687 silly fetch manifest @webassemblyjs/leb128@1.13.2
3688 silly packumentCache full:https://registry.npmjs.org/@webassemblyjs%2fleb128 cache-miss
3689 http fetch GET 200 https://registry.npmjs.org/@webassemblyjs%2fhelper-wasm-bytecode 55ms (cache miss)
3690 silly packumentCache full:https://registry.npmjs.org/@webassemblyjs%2fhelper-wasm-bytecode set size:undefined disposed:false
3691 silly fetch manifest @webassemblyjs/utf8@1.13.2
3692 silly packumentCache full:https://registry.npmjs.org/@webassemblyjs%2futf8 cache-miss
3693 http fetch GET 200 https://registry.npmjs.org/@webassemblyjs%2fhelper-wasm-section 57ms (cache miss)
3694 silly packumentCache full:https://registry.npmjs.org/@webassemblyjs%2fhelper-wasm-section set size:undefined disposed:false
3695 silly fetch manifest estraverse@^4.1.1
3696 silly packumentCache full:https://registry.npmjs.org/estraverse cache-miss
3697 http cache https://registry.npmjs.org/estraverse 1ms (cache hit)
3698 silly packumentCache full:https://registry.npmjs.org/estraverse set size:62412 disposed:false
3699 silly fetch manifest jest-worker@^27.4.5
3700 silly packumentCache full:https://registry.npmjs.org/jest-worker cache-miss
3701 http cache https://registry.npmjs.org/jest-worker 2ms (cache hit)
3702 silly packumentCache full:https://registry.npmjs.org/jest-worker set size:466737 disposed:false
3703 silly fetch manifest schema-utils@^4.3.0
3704 silly packumentCache full:https://registry.npmjs.org/schema-utils cache-hit
3705 silly fetch manifest terser@^5.31.1
3706 silly packumentCache full:https://registry.npmjs.org/terser cache-miss
3707 http fetch GET 200 https://registry.npmjs.org/@webassemblyjs%2fieee754 39ms (cache miss)
3708 silly packumentCache full:https://registry.npmjs.org/@webassemblyjs%2fieee754 set size:undefined disposed:false
3709 silly fetch manifest ajv@^8.9.0
3710 silly packumentCache full:https://registry.npmjs.org/ajv cache-miss
3711 http fetch GET 200 https://registry.npmjs.org/@webassemblyjs%2fwast-printer 47ms (cache miss)
3712 silly packumentCache full:https://registry.npmjs.org/@webassemblyjs%2fwast-printer set size:undefined disposed:false
3713 silly fetch manifest ajv-formats@^2.1.1
3714 silly packumentCache full:https://registry.npmjs.org/ajv-formats cache-miss
3715 http cache https://registry.npmjs.org/ajv 3ms (cache hit)
3716 silly packumentCache full:https://registry.npmjs.org/ajv set size:1142658 disposed:false
3717 silly fetch manifest ajv-keywords@^5.1.0
3718 silly packumentCache full:https://registry.npmjs.org/ajv-keywords cache-miss
3719 http cache https://registry.npmjs.org/ajv-formats 8ms (cache hit)
3720 silly packumentCache full:https://registry.npmjs.org/ajv-formats set size:141264 disposed:false
3721 http cache https://registry.npmjs.org/ajv-keywords 4ms (cache hit)
3722 silly packumentCache full:https://registry.npmjs.org/ajv-keywords set size:310004 disposed:false
3723 http fetch GET 200 https://registry.npmjs.org/terser 80ms (cache miss)
3724 silly packumentCache full:https://registry.npmjs.org/terser set size:undefined disposed:false
3725 http fetch GET 200 https://registry.npmjs.org/@webassemblyjs%2fwasm-opt 205ms (cache miss)
3726 silly packumentCache full:https://registry.npmjs.org/@webassemblyjs%2fwasm-opt set size:undefined disposed:false
3727 http fetch GET 200 https://registry.npmjs.org/@webassemblyjs%2fhelper-api-error 170ms (cache miss)
3728 silly packumentCache full:https://registry.npmjs.org/@webassemblyjs%2fhelper-api-error set size:undefined disposed:false
3729 http fetch GET 200 https://registry.npmjs.org/@webassemblyjs%2fleb128 180ms (cache miss)
3730 silly packumentCache full:https://registry.npmjs.org/@webassemblyjs%2fleb128 set size:undefined disposed:false
3731 http fetch GET 200 https://registry.npmjs.org/@webassemblyjs%2futf8 187ms (cache miss)
3732 silly packumentCache full:https://registry.npmjs.org/@webassemblyjs%2futf8 set size:undefined disposed:false
3733 silly placeDep ROOT @webassemblyjs/helper-numbers@1.13.2 OK for: @webassemblyjs/ast@1.14.1 want: 1.13.2
3734 silly placeDep ROOT @webassemblyjs/helper-wasm-bytecode@1.13.2 OK for: @webassemblyjs/ast@1.14.1 want: 1.13.2
3735 silly fetch manifest @xtuc/long@4.2.2
3736 silly packumentCache full:https://registry.npmjs.org/@xtuc%2flong cache-miss
3737 silly fetch manifest @webassemblyjs/floating-point-hex-parser@1.13.2
3738 silly packumentCache full:https://registry.npmjs.org/@webassemblyjs%2ffloating-point-hex-parser cache-miss
3739 http fetch GET 200 https://registry.npmjs.org/@webassemblyjs%2ffloating-point-hex-parser 42ms (cache miss)
3740 silly packumentCache full:https://registry.npmjs.org/@webassemblyjs%2ffloating-point-hex-parser set size:undefined disposed:false
3741 http fetch GET 200 https://registry.npmjs.org/@xtuc%2flong 43ms (cache miss)
3742 silly packumentCache full:https://registry.npmjs.org/@xtuc%2flong set size:undefined disposed:false
3743 silly placeDep ROOT @webassemblyjs/floating-point-hex-parser@1.13.2 OK for: @webassemblyjs/helper-numbers@1.13.2 want: 1.13.2
3744 silly placeDep ROOT @webassemblyjs/helper-api-error@1.13.2 OK for: @webassemblyjs/helper-numbers@1.13.2 want: 1.13.2
3745 silly placeDep ROOT @xtuc/long@4.2.2 OK for: @webassemblyjs/helper-numbers@1.13.2 want: 4.2.2
3746 silly placeDep ROOT @webassemblyjs/helper-buffer@1.14.1 OK for: @webassemblyjs/wasm-edit@1.14.1 want: 1.14.1
3747 silly placeDep ROOT @webassemblyjs/helper-wasm-section@1.14.1 OK for: @webassemblyjs/wasm-edit@1.14.1 want: 1.14.1
3748 silly placeDep ROOT @webassemblyjs/wasm-gen@1.14.1 OK for: @webassemblyjs/wasm-edit@1.14.1 want: 1.14.1
3749 silly placeDep ROOT @webassemblyjs/wasm-opt@1.14.1 OK for: @webassemblyjs/wasm-edit@1.14.1 want: 1.14.1
3750 silly placeDep ROOT @webassemblyjs/wast-printer@1.14.1 OK for: @webassemblyjs/wasm-edit@1.14.1 want: 1.14.1
3751 silly placeDep ROOT @webassemblyjs/ieee754@1.13.2 OK for: @webassemblyjs/wasm-gen@1.14.1 want: 1.13.2
3752 silly placeDep ROOT @webassemblyjs/leb128@1.13.2 OK for: @webassemblyjs/wasm-gen@1.14.1 want: 1.13.2
3753 silly placeDep ROOT @webassemblyjs/utf8@1.13.2 OK for: @webassemblyjs/wasm-gen@1.14.1 want: 1.13.2
3754 silly fetch manifest @xtuc/ieee754@^1.2.0
3755 silly packumentCache full:https://registry.npmjs.org/@xtuc%2fieee754 cache-miss
3756 http fetch GET 200 https://registry.npmjs.org/@xtuc%2fieee754 42ms (cache miss)
3757 silly packumentCache full:https://registry.npmjs.org/@xtuc%2fieee754 set size:undefined disposed:false
3758 silly placeDep ROOT @xtuc/ieee754@1.2.0 OK for: @webassemblyjs/ieee754@1.13.2 want: ^1.2.0
3759 silly placeDep node_modules/minimizer-webpack-plugin jest-worker@27.5.1 OK for: minimizer-webpack-plugin@5.6.1 want: ^27.4.5
3760 silly placeDep node_modules/minimizer-webpack-plugin schema-utils@4.3.3 OK for: minimizer-webpack-plugin@5.6.1 want: ^4.3.0
3761 silly placeDep ROOT terser@5.49.0 OK for: minimizer-webpack-plugin@5.6.1 want: ^5.31.1
3762 silly fetch manifest supports-color@^8.0.0
3763 silly packumentCache full:https://registry.npmjs.org/supports-color cache-hit
3764 silly fetch manifest @jridgewell/source-map@^0.3.3
3765 silly packumentCache full:https://registry.npmjs.org/@jridgewell%2fsource-map cache-miss
3766 silly fetch manifest commander@^2.20.0
3767 silly packumentCache full:https://registry.npmjs.org/commander cache-miss
3768 http cache https://registry.npmjs.org/commander 1ms (cache hit)
3769 silly packumentCache full:https://registry.npmjs.org/commander set size:353115 disposed:false
3770 http fetch GET 200 https://registry.npmjs.org/@jridgewell%2fsource-map 194ms (cache miss)
3771 silly packumentCache full:https://registry.npmjs.org/@jridgewell%2fsource-map set size:undefined disposed:false
3772 silly placeDep ROOT @jridgewell/source-map@0.3.11 OK for: terser@5.49.0 want: ^0.3.3
3773 silly placeDep node_modules/terser commander@2.20.3 OK for: terser@5.49.0 want: ^2.20.0
3774 silly placeDep ROOT isexe@2.0.0 OK for: which@2.0.2 want: ^2.0.0
3775 silly placeDep ROOT cliui@8.0.1 OK for: yargs@17.7.3 want: ^8.0.1
3776 silly placeDep ROOT get-caller-file@2.0.5 OK for: yargs@17.7.3 want: ^2.0.5
3777 silly placeDep ROOT require-directory@2.1.1 OK for: yargs@17.7.3 want: ^2.1.1
3778 silly placeDep ROOT y18n@5.0.8 OK for: yargs@17.7.3 want: ^5.0.5
3779 silly fetch manifest wrap-ansi@^7.0.0
3780 silly packumentCache full:https://registry.npmjs.org/wrap-ansi cache-miss
3781 http cache https://registry.npmjs.org/wrap-ansi 3ms (cache hit)
3782 silly packumentCache full:https://registry.npmjs.org/wrap-ansi set size:55299 disposed:false
3783 silly placeDep node_modules/cliui wrap-ansi@7.0.0 OK for: cliui@8.0.1 want: ^7.0.0
3784 silly placeDep ROOT fast-uri@3.1.3 OK for: ajv@8.18.0 want: ^3.0.1
3785 silly placeDep node_modules/@angular-devkit/core json-schema-traverse@1.0.0 OK for: ajv@8.18.0 want: ^1.0.0
3786 silly placeDep ROOT require-from-string@2.0.2 OK for: ajv@8.18.0 want: ^2.0.2
3787 silly placeDep node_modules/@istanbuljs/load-nyc-config locate-path@5.0.0 OK for: find-up@4.1.0 want: ^5.0.0
3788 silly fetch manifest p-locate@^4.1.0
3789 silly packumentCache full:https://registry.npmjs.org/p-locate cache-miss
3790 http cache https://registry.npmjs.org/p-locate 3ms (cache hit)
3791 silly packumentCache full:https://registry.npmjs.org/p-locate set size:22488 disposed:false
3792 silly placeDep node_modules/@istanbuljs/load-nyc-config argparse@1.0.10 OK for: js-yaml@3.15.0 want: ^1.0.7
3793 silly fetch manifest sprintf-js@~1.0.2
3794 silly packumentCache full:https://registry.npmjs.org/sprintf-js cache-miss
3795 http fetch GET 200 https://registry.npmjs.org/sprintf-js 33ms (cache miss)
3796 silly packumentCache full:https://registry.npmjs.org/sprintf-js set size:undefined disposed:false
3797 silly placeDep ROOT sprintf-js@1.0.3 OK for: argparse@1.0.10 want: ~1.0.2
3798 silly placeDep node_modules/@istanbuljs/load-nyc-config p-locate@4.1.0 OK for: locate-path@5.0.0 want: ^4.1.0
3799 silly fetch manifest p-limit@^2.2.0
3800 silly packumentCache full:https://registry.npmjs.org/p-limit cache-miss
3801 http cache https://registry.npmjs.org/p-limit 2ms (cache hit)
3802 silly packumentCache full:https://registry.npmjs.org/p-limit set size:61867 disposed:false
3803 silly placeDep node_modules/@istanbuljs/load-nyc-config p-limit@2.3.0 OK for: p-locate@4.1.0 want: ^2.2.0
3804 silly fetch manifest p-try@^2.0.0
3805 silly packumentCache full:https://registry.npmjs.org/p-try cache-miss
3806 http fetch GET 200 https://registry.npmjs.org/p-try 35ms (cache miss)
3807 silly packumentCache full:https://registry.npmjs.org/p-try set size:undefined disposed:false
3808 silly placeDep ROOT p-try@2.2.0 OK for: p-limit@2.3.0 want: ^2.0.0
3809 silly placeDep ROOT foreground-child@3.3.1 OK for: glob@10.5.0 want: ^3.1.0
3810 silly placeDep ROOT jackspeak@3.4.3 OK for: glob@10.5.0 want: ^3.1.2
3811 silly placeDep node_modules/@jest/reporters minimatch@9.0.9 OK for: glob@10.5.0 want: ^9.0.4
3812 silly placeDep ROOT package-json-from-dist@1.0.1 OK for: glob@10.5.0 want: ^1.0.0
3813 silly placeDep node_modules/@jest/reporters path-scurry@1.11.1 OK for: glob@10.5.0 want: ^1.11.1
3814 silly fetch manifest @isaacs/cliui@^8.0.2
3815 silly packumentCache full:https://registry.npmjs.org/@isaacs%2fcliui cache-miss
3816 silly fetch manifest @pkgjs/parseargs@^0.11.0
3817 silly packumentCache full:https://registry.npmjs.org/@pkgjs%2fparseargs cache-miss
3818 silly fetch manifest brace-expansion@^2.0.2
3819 silly packumentCache full:https://registry.npmjs.org/brace-expansion cache-hit
3820 silly fetch manifest lru-cache@^10.2.0
3821 silly packumentCache full:https://registry.npmjs.org/lru-cache cache-hit
3822 http fetch GET 200 https://registry.npmjs.org/@isaacs%2fcliui 48ms (cache miss)
3823 silly packumentCache full:https://registry.npmjs.org/@isaacs%2fcliui set size:undefined disposed:false
3824 http fetch GET 200 https://registry.npmjs.org/@pkgjs%2fparseargs 50ms (cache miss)
3825 silly packumentCache full:https://registry.npmjs.org/@pkgjs%2fparseargs set size:undefined disposed:false
3826 silly placeDep ROOT @isaacs/cliui@8.0.2 OK for: jackspeak@3.4.3 want: ^8.0.2
3827 silly placeDep ROOT @pkgjs/parseargs@0.11.0 OK for: jackspeak@3.4.3 want: ^0.11.0
3828 silly fetch manifest wrap-ansi@^8.1.0
3829 silly packumentCache full:https://registry.npmjs.org/wrap-ansi cache-hit
3830 silly fetch manifest strip-ansi@^7.0.1
3831 silly packumentCache full:https://registry.npmjs.org/strip-ansi cache-hit
3832 silly fetch manifest string-width@^5.1.2
3833 silly packumentCache full:https://registry.npmjs.org/string-width cache-hit
3834 silly fetch manifest wrap-ansi-cjs@npm:wrap-ansi@^7.0.0
3835 silly packumentCache full:https://registry.npmjs.org/wrap-ansi cache-hit
3836 silly fetch manifest strip-ansi-cjs@npm:strip-ansi@^6.0.1
3837 silly packumentCache full:https://registry.npmjs.org/strip-ansi cache-hit
3838 silly fetch manifest string-width-cjs@npm:string-width@^4.2.0
3839 silly packumentCache full:https://registry.npmjs.org/string-width cache-hit
3840 silly placeDep node_modules/@isaacs/cliui string-width@5.1.2 OK for: @isaacs/cliui@8.0.2 want: ^5.1.2
3841 silly placeDep ROOT string-width-cjs@4.2.3 OK for: @isaacs/cliui@8.0.2 want: npm:string-width@^4.2.0
3842 silly placeDep node_modules/@isaacs/cliui strip-ansi@7.2.0 OK for: @isaacs/cliui@8.0.2 want: ^7.0.1
3843 silly placeDep ROOT strip-ansi-cjs@6.0.1 OK for: @isaacs/cliui@8.0.2 want: npm:strip-ansi@^6.0.1
3844 silly placeDep node_modules/@isaacs/cliui wrap-ansi@8.1.0 OK for: @isaacs/cliui@8.0.2 want: ^8.1.0
3845 silly placeDep ROOT wrap-ansi-cjs@7.0.0 OK for: @isaacs/cliui@8.0.2 want: npm:wrap-ansi@^7.0.0
3846 silly fetch manifest emoji-regex@^9.2.2
3847 silly packumentCache full:https://registry.npmjs.org/emoji-regex cache-miss
3848 silly fetch manifest eastasianwidth@^0.2.0
3849 silly packumentCache full:https://registry.npmjs.org/eastasianwidth cache-miss
3850 silly fetch manifest ansi-regex@^6.2.2
3851 silly packumentCache full:https://registry.npmjs.org/ansi-regex cache-miss
3852 silly fetch manifest ansi-styles@^6.1.0
3853 silly packumentCache full:https://registry.npmjs.org/ansi-styles cache-hit
3854 http cache https://registry.npmjs.org/ansi-regex 2ms (cache hit)
3855 silly packumentCache full:https://registry.npmjs.org/ansi-regex set size:43572 disposed:false
3856 http cache https://registry.npmjs.org/emoji-regex 4ms (cache hit)
3857 silly packumentCache full:https://registry.npmjs.org/emoji-regex set size:89064 disposed:false
3858 http fetch GET 200 https://registry.npmjs.org/eastasianwidth 35ms (cache miss)
3859 silly packumentCache full:https://registry.npmjs.org/eastasianwidth set size:undefined disposed:false
3860 silly placeDep ROOT eastasianwidth@0.2.0 OK for: string-width@5.1.2 want: ^0.2.0
3861 silly placeDep node_modules/@isaacs/cliui emoji-regex@9.2.2 OK for: string-width@5.1.2 want: ^9.2.2
3862 silly placeDep node_modules/@isaacs/cliui ansi-regex@6.2.2 OK for: strip-ansi@7.2.0 want: ^6.2.2
3863 silly placeDep node_modules/@isaacs/cliui ansi-styles@6.2.3 OK for: wrap-ansi@8.1.0 want: ^6.1.0
3864 silly placeDep node_modules/@jest/reporters brace-expansion@2.1.2 OK for: minimatch@9.0.9 want: ^2.0.2
3865 silly placeDep node_modules/@jest/reporters lru-cache@10.4.3 OK for: path-scurry@1.11.1 want: ^10.2.0
3866 silly placeDep ROOT @types/eslint-scope@3.7.7 OK for: webpack@5.106.2 want: ^3.7.7
3867 silly placeDep node_modules/@nestjs/cli eslint-scope@5.1.1 OK for: webpack@5.106.2 want: 5.1.1
3868 silly placeDep ROOT glob-to-regexp@0.4.1 OK for: webpack@5.106.2 want: ^0.4.1
3869 silly placeDep node_modules/@nestjs/cli schema-utils@4.3.3 OK for: webpack@5.106.2 want: ^4.3.3
3870 silly placeDep ROOT terser-webpack-plugin@5.6.1 OK for: webpack@5.106.2 want: ^5.3.17
3871 silly fetch manifest @types/eslint@*
3872 silly packumentCache full:https://registry.npmjs.org/@types%2feslint cache-miss
3873 http cache https://registry.npmjs.org/@types%2feslint 2ms (cache hit)
3874 silly packumentCache full:https://registry.npmjs.org/@types%2feslint set size:220085 disposed:false
3875 silly placeDep ROOT @types/eslint@9.6.1 OK for: @types/eslint-scope@3.7.7 want: *
3876 silly placeDep node_modules/terser-webpack-plugin jest-worker@27.5.1 OK for: terser-webpack-plugin@5.6.1 want: ^27.4.5
3877 silly placeDep node_modules/terser-webpack-plugin schema-utils@4.3.3 OK for: terser-webpack-plugin@5.6.1 want: ^4.3.0
3878 silly placeDep node_modules/@nestjs/cli estraverse@4.3.0 OK for: eslint-scope@5.1.1 want: ^4.1.1
3879 silly placeDep node_modules/@nestjs/cli ajv@8.20.0 OK for: schema-utils@4.3.3 want: ^8.9.0
3880 silly placeDep node_modules/@nestjs/cli ajv-formats@2.1.1 OK for: schema-utils@4.3.3 want: ^2.1.1
3881 silly placeDep node_modules/@nestjs/cli ajv-keywords@5.1.0 OK for: schema-utils@4.3.3 want: ^5.1.0
3882 silly placeDep node_modules/@nestjs/cli json-schema-traverse@1.0.0 OK for: ajv@8.20.0 want: ^1.0.0
3883 silly placeDep node_modules/@nestjs/schematics ajv@8.18.0 OK for: @angular-devkit/core@19.2.24 want: 8.18.0
3884 silly placeDep node_modules/@nestjs/schematics rxjs@7.8.1 OK for: @angular-devkit/core@19.2.24 want: 7.8.1
3885 silly placeDep node_modules/@nestjs/schematics json-schema-traverse@1.0.0 OK for: ajv@8.18.0 want: ^1.0.0
3886 silly placeDep node_modules/@typescript-eslint/typescript-estree brace-expansion@5.0.7 OK for: minimatch@10.2.5 want: ^5.0.5
3887 silly fetch manifest balanced-match@^4.0.2
3888 silly packumentCache full:https://registry.npmjs.org/balanced-match cache-miss
3889 http cache https://registry.npmjs.org/balanced-match 3ms (cache hit)
3890 silly packumentCache full:https://registry.npmjs.org/balanced-match set size:39082 disposed:false
3891 silly placeDep node_modules/@typescript-eslint/typescript-estree balanced-match@4.0.4 OK for: brace-expansion@5.0.7 want: ^4.0.2
3892 silly placeDep node_modules/ajv-formats json-schema-traverse@1.0.0 OK for: ajv@8.20.0 want: ^1.0.0
3893 silly placeDep node_modules/form-data mime-db@1.52.0 OK for: mime-types@2.1.35 want: 1.52.0
3894 silly placeDep node_modules/glob brace-expansion@5.0.7 OK for: minimatch@10.2.5 want: ^5.0.5
3895 silly placeDep node_modules/glob balanced-match@4.0.4 OK for: brace-expansion@5.0.7 want: ^4.0.2
3896 silly placeDep node_modules/jest-config minimatch@9.0.9 OK for: glob@10.5.0 want: ^9.0.4
3897 silly placeDep node_modules/jest-config path-scurry@1.11.1 OK for: glob@10.5.0 want: ^1.11.1
3898 silly placeDep node_modules/jest-config brace-expansion@2.1.2 OK for: minimatch@9.0.9 want: ^2.0.2
3899 silly placeDep node_modules/jest-config lru-cache@10.4.3 OK for: path-scurry@1.11.1 want: ^10.2.0
3900 silly placeDep node_modules/jest-runner source-map@0.6.1 OK for: source-map-support@0.5.13 want: ^0.6.0
3901 silly placeDep node_modules/jest-runtime minimatch@9.0.9 OK for: glob@10.5.0 want: ^9.0.4
3902 silly placeDep node_modules/jest-runtime path-scurry@1.11.1 OK for: glob@10.5.0 want: ^1.11.1
3903 silly placeDep node_modules/jest-runtime brace-expansion@2.1.2 OK for: minimatch@9.0.9 want: ^2.0.2
3904 silly placeDep node_modules/jest-runtime lru-cache@10.4.3 OK for: path-scurry@1.11.1 want: ^10.2.0
3905 silly placeDep node_modules/minimizer-webpack-plugin supports-color@8.1.1 OK for: jest-worker@27.5.1 want: ^8.0.0
3906 silly placeDep node_modules/minimizer-webpack-plugin ajv@8.20.0 OK for: schema-utils@4.3.3 want: ^8.9.0
3907 silly placeDep node_modules/minimizer-webpack-plugin ajv-formats@2.1.1 OK for: schema-utils@4.3.3 want: ^2.1.1
3908 silly placeDep node_modules/minimizer-webpack-plugin ajv-keywords@5.1.0 OK for: schema-utils@4.3.3 want: ^5.1.0
3909 silly placeDep node_modules/minimizer-webpack-plugin json-schema-traverse@1.0.0 OK for: ajv@8.20.0 want: ^1.0.0
3910 silly placeDep node_modules/multer media-typer@0.3.0 OK for: type-is@1.6.18 want: 0.3.0
3911 silly placeDep node_modules/multer mime-types@2.1.35 OK for: type-is@1.6.18 want: ~2.1.24
3912 silly placeDep node_modules/multer mime-db@1.52.0 OK for: mime-types@2.1.35 want: 1.52.0
3913 silly placeDep node_modules/pkg-dir locate-path@5.0.0 OK for: find-up@4.1.0 want: ^5.0.0
3914 silly placeDep node_modules/pkg-dir p-locate@4.1.0 OK for: locate-path@5.0.0 want: ^4.1.0
3915 silly placeDep node_modules/pkg-dir p-limit@2.3.0 OK for: p-locate@4.1.0 want: ^2.2.0
3916 silly placeDep node_modules/terser-webpack-plugin supports-color@8.1.1 OK for: jest-worker@27.5.1 want: ^8.0.0
3917 silly placeDep node_modules/terser-webpack-plugin ajv@8.20.0 OK for: schema-utils@4.3.3 want: ^8.9.0
3918 silly placeDep node_modules/terser-webpack-plugin ajv-formats@2.1.1 OK for: schema-utils@4.3.3 want: ^2.1.1
3919 silly placeDep node_modules/terser-webpack-plugin ajv-keywords@5.1.0 OK for: schema-utils@4.3.3 want: ^5.1.0
3920 silly placeDep node_modules/terser-webpack-plugin json-schema-traverse@1.0.0 OK for: ajv@8.20.0 want: ^1.0.0
3921 silly placeDep ROOT fs.realpath@1.0.0 OK for: glob@7.2.3 want: ^1.0.0
3922 silly placeDep ROOT inflight@1.0.6 OK for: glob@7.2.3 want: ^1.0.4
3923 silly placeDep ROOT path-is-absolute@1.0.1 OK for: glob@7.2.3 want: ^1.0.0
3924 silly placeDep node_modules/webpack estraverse@4.3.0 OK for: eslint-scope@5.1.1 want: ^4.1.1
3925 silly placeDep node_modules/webpack ajv@8.20.0 OK for: schema-utils@4.3.3 want: ^8.9.0
3926 silly placeDep node_modules/webpack ajv-formats@2.1.1 OK for: schema-utils@4.3.3 want: ^2.1.1
3927 silly placeDep node_modules/webpack ajv-keywords@5.1.0 OK for: schema-utils@4.3.3 want: ^5.1.0
3928 silly placeDep node_modules/webpack json-schema-traverse@1.0.0 OK for: ajv@8.20.0 want: ^1.0.0
3929 silly reify moves {}
3930 silly audit bulk request {
3930 silly audit   '@eslint/eslintrc': [ '3.3.6' ],
3930 silly audit   '@eslint/js': [ '9.39.5' ],
3930 silly audit   '@nestjs/cli': [ '11.0.24' ],
3930 silly audit   '@nestjs/common': [ '11.1.28' ],
3930 silly audit   'reflect-metadata': [ '0.2.2' ],
3930 silly audit   rxjs: [ '7.8.2', '7.8.1' ],
3930 silly audit   '@nestjs/core': [ '11.1.28' ],
3930 silly audit   '@nestjs/platform-express': [ '11.1.28' ],
3930 silly audit   '@nestjs/schematics': [ '11.1.0' ],
3930 silly audit   typescript: [ '5.9.3' ],
3930 silly audit   '@nestjs/testing': [ '11.1.28' ],
3930 silly audit   '@types/express': [ '5.0.6' ],
3930 silly audit   '@types/jest': [ '30.0.0' ],
3930 silly audit   '@types/node': [ '24.13.3' ],
3930 silly audit   '@types/supertest': [ '7.2.1' ],
3930 silly audit   eslint: [ '9.39.5' ],
3930 silly audit   'eslint-config-prettier': [ '10.1.8' ],
3930 silly audit   'eslint-plugin-prettier': [ '5.5.6' ],
3930 silly audit   prettier: [ '3.9.5' ],
3930 silly audit   globals: [ '17.7.0', '14.0.0' ],
3930 silly audit   jest: [ '30.4.2' ],
3930 silly audit   'source-map-support': [ '0.5.21', '0.5.13' ],
3930 silly audit   supertest: [ '7.2.2' ],
3930 silly audit   'ts-jest': [ '29.4.11' ],
3930 silly audit   'ts-loader': [ '9.6.2' ],
3930 silly audit   webpack: [ '5.108.4', '5.106.2' ],
3930 silly audit   'ts-node': [ '10.9.2' ],
3930 silly audit   'tsconfig-paths': [ '4.2.0' ],
3930 silly audit   'typescript-eslint': [ '8.64.0' ],
3930 silly audit   ajv: [ '6.15.0', '8.18.0', '8.20.0' ],
3930 silly audit   debug: [ '4.4.3' ],
3930 silly audit   espree: [ '10.4.0' ],
3930 silly audit   ignore: [ '5.3.2', '7.0.6' ],
3930 silly audit   'import-fresh': [ '3.3.1' ],
3930 silly audit   'js-yaml': [ '4.3.0', '3.15.0' ],
3930 silly audit   minimatch: [ '3.1.5', '10.2.5', '9.0.9' ],
3930 silly audit   'strip-json-comments': [ '3.1.1' ],
3930 silly audit   '@angular-devkit/core': [ '19.2.27', '19.2.24' ],
3930 silly audit   '@angular-devkit/schematics': [ '19.2.27', '19.2.24' ],
3930 silly audit   '@angular-devkit/schematics-cli': [ '19.2.27' ],
3930 silly audit   '@inquirer/prompts': [ '7.10.1', '7.3.2' ],
3930 silly audit   ansis: [ '4.2.0' ],
3930 silly audit   chokidar: [ '4.0.3' ],
3930 silly audit   'cli-table3': [ '0.6.5' ],
3930 silly audit   commander: [ '4.1.1', '2.20.3' ],
3930 silly audit   'fork-ts-checker-webpack-plugin': [ '9.1.0' ],
3930 silly audit   glob: [ '13.0.6', '10.5.0', '7.2.3' ],
3930 silly audit   'node-emoji': [ '1.11.0' ],
3930 silly audit   ora: [ '5.4.1' ],
3930 silly audit   'tsconfig-paths-webpack-plugin': [ '4.2.0' ],
3930 silly audit   'webpack-node-externals': [ '3.0.0' ],
3930 silly audit   'ajv-formats': [ '3.0.1', '2.1.1' ],
3930 silly audit   'jsonc-parser': [ '3.3.1' ],
3930 silly audit   picomatch: [ '4.0.4', '2.3.2' ],
3930 silly audit   'source-map': [ '0.7.4', '0.6.1' ],
3930 silly audit   'magic-string': [ '0.30.17' ],
3930 silly audit   'ansi-colors': [ '4.1.3' ],
3930 silly audit   'symbol-observable': [ '4.0.0' ],
3930 silly audit   'yargs-parser': [ '21.1.1' ],
3930 silly audit   '@inquirer/checkbox': [ '4.3.2' ],
3930 silly audit   '@inquirer/confirm': [ '5.1.21' ],
3930 silly audit   '@inquirer/editor': [ '4.2.23' ],
3930 silly audit   '@inquirer/expand': [ '4.0.23' ],
3930 silly audit   '@inquirer/input': [ '4.3.1' ],
3930 silly audit   '@inquirer/number': [ '3.0.23' ],
3930 silly audit   '@inquirer/password': [ '4.0.23' ],
3930 silly audit   '@inquirer/rawlist': [ '4.1.11' ],
3930 silly audit   '@inquirer/search': [ '3.2.2' ],
3930 silly audit   '@inquirer/select': [ '4.4.2' ],
3930 silly audit   '@inquirer/ansi': [ '1.0.2' ],
3930 silly audit   '@inquirer/core': [ '10.3.2' ],
3930 silly audit   '@inquirer/figures': [ '1.0.15' ],
3930 silly audit   '@inquirer/type': [ '3.0.10' ],
3930 silly audit   'yoctocolors-cjs': [ '2.1.3' ],
3930 silly audit   'cli-width': [ '4.1.0' ],
3930 silly audit   'mute-stream': [ '2.0.0' ],
3930 silly audit   'signal-exit': [ '4.1.0', '3.0.7' ],
3930 silly audit   'wrap-ansi': [ '6.2.0', '7.0.0', '8.1.0' ],
3930 silly audit   '@inquirer/external-editor': [ '1.0.3' ],
3930 silly audit   chardet: [ '2.2.0' ],
3930 silly audit   'iconv-lite': [ '0.7.3' ],
3930 silly audit   'file-type': [ '21.3.4' ],
3930 silly audit   iterare: [ '1.2.1' ],
3930 silly audit   'load-esm': [ '1.0.3' ],
3930 silly audit   tslib: [ '2.8.1' ],
3930 silly audit   uid: [ '2.0.2' ],
3930 silly audit   'fast-safe-stringify': [ '2.1.1' ],
3930 silly audit   'path-to-regexp': [ '8.4.2' ],
3930 silly audit   cors: [ '2.8.6' ],
3930 silly audit   express: [ '5.2.1' ],
3930 silly audit   multer: [ '2.2.0' ],
3930 silly audit   'comment-json': [ '5.0.0' ],
3930 silly audit   pluralize: [ '8.0.0' ],
3930 silly audit   '@types/body-parser': [ '1.19.6' ],
3930 silly audit   '@types/express-serve-static-core': [ '5.1.2' ],
3930 silly audit   '@types/serve-static': [ '2.2.0' ],
3930 silly audit   '@types/connect': [ '3.4.38' ],
3930 silly audit   '@types/qs': [ '6.15.1' ],
3930 silly audit   '@types/range-parser': [ '1.2.7' ],
3930 silly audit   '@types/send': [ '1.2.1' ],
3930 silly audit   expect: [ '30.4.1' ],
3930 silly audit   'pretty-format': [ '30.4.1' ],
3930 silly audit   'undici-types': [ '7.18.2' ],
3930 silly audit   '@types/http-errors': [ '2.0.5' ],
3930 silly audit   '@types/methods': [ '1.1.4' ],
3930 silly audit   '@types/superagent': [ '8.1.11' ],
3930 silly audit   '@types/cookiejar': [ '2.1.5' ],
3930 silly audit   'form-data': [ '4.0.6' ],
3930 silly audit   'fast-deep-equal': [ '3.1.3' ],
3930 silly audit   'fast-json-stable-stringify': [ '2.1.0' ],
3930 silly audit   'json-schema-traverse': [ '0.4.1', '1.0.0' ],
3930 silly audit   'uri-js': [ '4.4.1' ],
3930 silly audit   readdirp: [ '4.1.2' ],
3930 silly audit   '@colors/colors': [ '1.5.0' ],
3930 silly audit   'string-width': [ '4.2.3', '5.1.2' ],
3930 silly audit   'array-timsort': [ '1.0.3' ],
3930 silly audit   esprima: [ '4.0.1' ],
3930 silly audit   'object-assign': [ '4.1.1' ],
3930 silly audit   vary: [ '1.1.2' ],
3930 silly audit   ms: [ '2.1.3' ],
3930 silly audit   '@eslint-community/eslint-utils': [ '4.9.1' ],
3930 silly audit   '@eslint-community/regexpp': [ '4.12.2' ],
3930 silly audit   '@eslint/config-array': [ '0.21.2' ],
3930 silly audit   '@eslint/config-helpers': [ '0.4.2' ],
3930 silly audit   '@eslint/core': [ '0.17.0' ],
3930 silly audit   '@eslint/plugin-kit': [ '0.4.1' ],
3930 silly audit   '@humanfs/node': [ '0.16.8' ],
3930 silly audit   '@humanwhocodes/module-importer': [ '1.0.1' ],
3930 silly audit   '@humanwhocodes/retry': [ '0.4.3' ],
3930 silly audit   '@types/estree': [ '1.0.9' ],
3930 silly audit   chalk: [ '4.1.2' ],
3930 silly audit   'cross-spawn': [ '7.0.6' ],
3930 silly audit   'escape-string-regexp': [ '4.0.0', '2.0.0' ],
3930 silly audit   'eslint-scope': [ '8.4.0', '5.1.1' ],
3930 silly audit   'eslint-visitor-keys': [ '4.2.1', '3.4.3', '5.0.1' ],
3930 silly audit   esquery: [ '1.7.0' ],
3930 silly audit   esutils: [ '2.0.3' ],
3930 silly audit   'file-entry-cache': [ '8.0.0' ],
3930 silly audit   'find-up': [ '5.0.0', '4.1.0' ],
3930 silly audit   'glob-parent': [ '6.0.2' ],
3930 silly audit   imurmurhash: [ '0.1.4' ],
3930 silly audit   'is-glob': [ '4.0.3' ],
3930 silly audit   'json-stable-stringify-without-jsonify': [ '1.0.1' ],
3930 silly audit   'lodash.merge': [ '4.6.2' ],
3930 silly audit   'natural-compare': [ '1.4.0' ],
3930 silly audit   optionator: [ '0.9.4' ],
3930 silly audit   '@eslint/object-schema': [ '2.1.7' ],
3930 silly audit   '@types/json-schema': [ '7.0.15' ],
3930 silly audit   levn: [ '0.4.1' ],
3930 silly audit   '@humanfs/core': [ '0.19.2' ],
3930 silly audit   '@humanfs/types': [ '0.15.0' ],
3930 silly audit   'ansi-styles': [ '4.3.0', '5.2.0', '6.2.3' ],
3930 silly audit   'supports-color': [ '7.2.0', '8.1.1' ],
3930 silly audit   'color-convert': [ '2.0.1' ],
3930 silly audit   'color-name': [ '1.1.4' ],
3930 silly audit   'path-key': [ '3.1.1' ],
3930 silly audit   'shebang-command': [ '2.0.0' ],
3930 silly audit   which: [ '2.0.2' ],
3930 silly audit   'prettier-linter-helpers': [ '1.0.1' ],
3930 silly audit   synckit: [ '0.11.13' ],
3930 silly audit   esrecurse: [ '4.3.0' ],
3930 silly audit   estraverse: [ '5.3.0', '4.3.0' ],
3930 silly audit   acorn: [ '8.17.0' ],
3930 silly audit   'acorn-jsx': [ '5.3.2' ],
3930 silly audit   '@jest/expect-utils': [ '30.4.1' ],
3930 silly audit   '@jest/get-type': [ '30.1.0' ],
3930 silly audit   'jest-matcher-utils': [ '30.4.1' ],
3930 silly audit   'jest-message-util': [ '30.4.1' ],
3930 silly audit   'jest-mock': [ '30.4.1' ],
3930 silly audit   'jest-util': [ '30.4.1' ],
3930 silly audit   accepts: [ '2.0.0' ],
3930 silly audit   'body-parser': [ '2.3.0' ],
3930 silly audit   'content-disposition': [ '1.1.0' ],
3930 silly audit   'content-type': [ '1.0.5', '2.0.0' ],
3930 silly audit   cookie: [ '0.7.2' ],
3930 silly audit   'cookie-signature': [ '1.2.2' ],
3930 silly audit   depd: [ '2.0.0' ],
3930 silly audit   encodeurl: [ '2.0.0' ],
3930 silly audit   'escape-html': [ '1.0.3' ],
3930 silly audit   etag: [ '1.8.1' ],
3930 silly audit   finalhandler: [ '2.1.1' ],
3930 silly audit   fresh: [ '2.0.0' ],
3930 silly audit   'http-errors': [ '2.0.1' ],
3930 silly audit   'merge-descriptors': [ '2.0.0' ],
3930 silly audit   'mime-types': [ '3.0.2', '2.1.35' ],
3930 silly audit   'on-finished': [ '2.4.1' ],
3930 silly audit   once: [ '1.4.0' ],
3930 silly audit   parseurl: [ '1.3.3' ],
3930 silly audit   'proxy-addr': [ '2.0.7' ],
3930 silly audit   qs: [ '6.15.3' ],
3930 silly audit   'range-parser': [ '1.3.0' ],
3930 silly audit   router: [ '2.2.0' ],
3930 silly audit   send: [ '1.2.1' ],
3930 silly audit   'serve-static': [ '2.2.1' ],
3930 silly audit   statuses: [ '2.0.2' ],
3930 silly audit   'type-is': [ '2.1.0', '1.6.18' ],
3930 silly audit   negotiator: [ '1.0.0' ],
3930 silly audit   bytes: [ '3.1.2' ],
3930 silly audit   'raw-body': [ '3.0.2' ],
3930 silly audit   'flat-cache': [ '4.0.1' ],
3930 silly audit   '@tokenizer/inflate': [ '0.4.1' ],
3930 silly audit   strtok3: [ '10.3.5' ],
3930 silly audit   'token-types': [ '6.1.2' ],
3930 silly audit   'uint8array-extras': [ '1.5.0' ],
3930 silly audit   'locate-path': [ '6.0.0', '5.0.0' ],
3930 silly audit   'path-exists': [ '4.0.0' ],
3930 silly audit   flatted: [ '3.4.2' ],
3930 silly audit   keyv: [ '4.5.4' ],
3930 silly audit   '@babel/code-frame': [ '7.29.7' ],
3930 silly audit   cosmiconfig: [ '8.3.6' ],
3930 silly audit   deepmerge: [ '4.3.1' ],
3930 silly audit   'fs-extra': [ '10.1.0' ],
3930 silly audit   memfs: [ '3.5.3' ],
3930 silly audit   'node-abort-controller': [ '3.1.1' ],
3930 silly audit   'schema-utils': [ '3.3.0', '4.3.3' ],
3930 silly audit   semver: [ '7.8.5', '6.3.1' ],
3930 silly audit   tapable: [ '2.3.3' ],
3930 silly audit   '@babel/helper-validator-identifier': [ '7.29.7' ],
3930 silly audit   'js-tokens': [ '4.0.0' ],
3930 silly audit   picocolors: [ '1.1.1' ],
3930 silly audit   'parse-json': [ '5.2.0' ],
3930 silly audit   'path-type': [ '4.0.0' ],
3930 silly audit   asynckit: [ '0.4.0' ],
3930 silly audit   'combined-stream': [ '1.0.8' ],
3930 silly audit   'es-set-tostringtag': [ '2.1.0' ],
3930 silly audit   hasown: [ '2.0.4' ],
3930 silly audit   'delayed-stream': [ '1.0.0' ],
3930 silly audit   'es-errors': [ '1.3.0' ],
3930 silly audit   'get-intrinsic': [ '1.3.0' ],
3930 silly audit   'has-tostringtag': [ '1.0.2' ],
3930 silly audit   'graceful-fs': [ '4.2.11' ],
3930 silly audit   jsonfile: [ '6.2.1' ],
3930 silly audit   universalify: [ '2.0.1' ],
3930 silly audit   'call-bind-apply-helpers': [ '1.0.2' ],
3930 silly audit   'es-define-property': [ '1.0.1' ],
3930 silly audit   'es-object-atoms': [ '1.1.2' ],
3930 silly audit   'function-bind': [ '1.1.2' ],
3930 silly audit   'get-proto': [ '1.0.1' ],
3930 silly audit   gopd: [ '1.2.0' ],
3930 silly audit   'has-symbols': [ '1.1.0' ],
3930 silly audit   'math-intrinsics': [ '1.1.0' ],
3930 silly audit   'dunder-proto': [ '1.0.1' ],
3930 silly audit   minipass: [ '7.1.3' ],
3930 silly audit   'path-scurry': [ '2.0.2', '1.11.1' ],
3930 silly audit   inherits: [ '2.0.4' ],
3930 silly audit   setprototypeof: [ '1.2.0' ],
3930 silly audit   toidentifier: [ '1.0.1' ],
3930 silly audit   'safer-buffer': [ '2.1.2' ],
3930 silly audit   'parent-module': [ '1.0.1' ],
3930 silly audit   'resolve-from': [ '4.0.0', '5.0.0' ],
3930 silly audit   'is-extglob': [ '2.1.1' ],
3930 silly audit   '@jest/core': [ '30.4.2' ],
3930 silly audit   '@jest/types': [ '30.4.1' ],
3930 silly audit   'import-local': [ '3.2.0' ],
3930 silly audit   'jest-cli': [ '30.4.2' ],
3930 silly audit   '@jest/console': [ '30.4.1' ],
3930 silly audit   '@jest/pattern': [ '30.4.0' ],
3930 silly audit   '@jest/reporters': [ '30.4.1' ],
3930 silly audit   '@jest/test-result': [ '30.4.1' ],
3930 silly audit   '@jest/transform': [ '30.4.1' ],
3930 silly audit   'ansi-escapes': [ '4.3.2' ],
3930 silly audit   'ci-info': [ '4.4.0' ],
3930 silly audit   'exit-x': [ '0.2.2' ],
3930 silly audit   'jest-changed-files': [ '30.4.1' ],
3930 silly audit   'jest-config': [ '30.4.2' ],
3930 silly audit   'jest-haste-map': [ '30.4.1' ],
3930 silly audit   'jest-regex-util': [ '30.4.0' ],
3930 silly audit   'jest-resolve': [ '30.4.1' ],
3930 silly audit   'jest-resolve-dependencies': [ '30.4.2' ],
3930 silly audit   'jest-runner': [ '30.4.2' ],
3930 silly audit   'jest-runtime': [ '30.4.2' ],
3930 silly audit   'jest-snapshot': [ '30.4.1' ],
3930 silly audit   'jest-validate': [ '30.4.1' ],
3930 silly audit   'jest-watcher': [ '30.4.1' ],
3930 silly audit   slash: [ '3.0.0' ],
3930 silly audit   '@bcoe/v8-coverage': [ '0.2.3' ],
3930 silly audit   '@jridgewell/trace-mapping': [ '0.3.31', '0.3.9' ],
3930 silly audit   'collect-v8-coverage': [ '1.0.3' ],
3930 silly audit   'istanbul-lib-coverage': [ '3.2.2' ],
3930 silly audit   'istanbul-lib-instrument': [ '6.0.3' ],
3930 silly audit   'istanbul-lib-report': [ '3.0.1' ],
3930 silly audit   'istanbul-lib-source-maps': [ '5.0.6' ],
3930 silly audit   'istanbul-reports': [ '3.2.0' ],
3930 silly audit   'jest-worker': [ '30.4.1', '27.5.1' ],
3930 silly audit   'string-length': [ '4.0.2' ],
3930 silly audit   'v8-to-istanbul': [ '9.3.0' ],
3930 silly audit   '@types/istanbul-lib-coverage': [ '2.0.6' ],
3930 silly audit   '@babel/core': [ '7.29.7' ],
3930 silly audit   'babel-plugin-istanbul': [ '7.0.1' ],
3930 silly audit   'convert-source-map': [ '2.0.0' ],
3930 silly audit   pirates: [ '4.0.7' ],
3930 silly audit   'write-file-atomic': [ '5.0.1' ],
3930 silly audit   '@babel/generator': [ '7.29.7' ],
3930 silly audit   '@babel/helper-compilation-targets': [ '7.29.7' ],
3930 silly audit   '@babel/helper-module-transforms': [ '7.29.7' ],
3930 silly audit   '@babel/helpers': [ '7.29.7' ],
3930 silly audit   '@babel/parser': [ '7.29.7' ],
3930 silly audit   '@babel/template': [ '7.29.7' ],
3930 silly audit   '@babel/traverse': [ '7.29.7' ],
3930 silly audit   '@babel/types': [ '7.29.7' ],
3930 silly audit   '@jridgewell/remapping': [ '2.3.5' ],
3930 silly audit   gensync: [ '1.0.0-beta.2' ],
3930 silly audit   json5: [ '2.2.3' ],
3930 silly audit   '@jridgewell/gen-mapping': [ '0.3.13' ],
3930 silly audit   jsesc: [ '3.1.0' ],
3930 silly audit   '@babel/compat-data': [ '7.29.7' ],
3930 silly audit   '@babel/helper-validator-option': [ '7.29.7' ],
3930 silly audit   browserslist: [ '4.28.6' ],
3930 silly audit   'lru-cache': [ '5.1.1', '11.5.2', '10.4.3' ],
3930 silly audit   '@babel/helper-module-imports': [ '7.29.7' ],
3930 silly audit   '@babel/helper-globals': [ '7.29.7' ],
3930 silly audit   '@babel/helper-string-parser': [ '7.29.7' ],
3930 silly audit   '@jest/schemas': [ '30.4.1' ],
3930 silly audit   '@types/istanbul-reports': [ '3.0.4' ],
3930 silly audit   '@types/yargs': [ '17.0.35' ],
3930 silly audit   '@sinclair/typebox': [ '0.34.52' ],
3930 silly audit   '@jridgewell/sourcemap-codec': [ '1.5.5' ],
3930 silly audit   '@jridgewell/resolve-uri': [ '3.1.2' ],
3930 silly audit   '@types/istanbul-lib-report': [ '3.0.3' ],
3930 silly audit   '@types/yargs-parser': [ '21.0.3' ],
3930 silly audit   'type-fest': [ '0.21.3', '4.41.0' ],
3930 silly audit   '@babel/helper-plugin-utils': [ '7.29.7' ],
3930 silly audit   '@istanbuljs/load-nyc-config': [ '1.1.0' ],
3930 silly audit   '@istanbuljs/schema': [ '0.1.6' ],
3930 silly audit   'test-exclude': [ '6.0.0' ],
3930 silly audit   camelcase: [ '5.3.1', '6.3.0' ],
3930 silly audit   'get-package-type': [ '0.1.0' ],
3930 silly audit   'baseline-browser-mapping': [ '2.10.43' ],
3930 silly audit   'caniuse-lite': [ '1.0.30001806' ],
3930 silly audit   'electron-to-chromium': [ '1.5.392' ],
3930 silly audit   'node-releases': [ '2.0.51' ],
3930 silly audit   'update-browserslist-db': [ '1.2.3' ],
3930 silly audit   'pkg-dir': [ '4.2.0' ],
3930 silly audit   'resolve-cwd': [ '3.0.0' ],
3930 silly audit   'make-dir': [ '4.0.0' ],
3930 silly audit   'html-escaper': [ '2.0.2' ],
3930 silly audit   execa: [ '5.1.1' ],
3930 silly audit   'p-limit': [ '3.1.0', '2.3.0' ],
3930 silly audit   'get-stream': [ '6.0.1' ],
3930 silly audit   'human-signals': [ '2.1.0' ],
3930 silly audit   'is-stream': [ '2.0.1' ],
3930 silly audit   'merge-stream': [ '2.0.0' ],
3930 silly audit   'npm-run-path': [ '4.0.1' ],
3930 silly audit   onetime: [ '5.1.2' ],
3930 silly audit   'strip-final-newline': [ '2.0.0' ],
3930 silly audit   yargs: [ '17.7.3' ],
3930 silly audit   '@jest/test-sequencer': [ '30.4.1' ],
3930 silly audit   'babel-jest': [ '30.4.1' ],
3930 silly audit   'jest-circus': [ '30.4.2' ],
3930 silly audit   'jest-docblock': [ '30.4.0' ],
3930 silly audit   'jest-environment-node': [ '30.4.1' ],
3930 silly audit   '@types/babel__core': [ '7.20.5' ],
3930 silly audit   'babel-preset-jest': [ '30.4.0' ],
3930 silly audit   '@types/babel__generator': [ '7.27.0' ],
3930 silly audit   '@types/babel__template': [ '7.4.4' ],
3930 silly audit   '@types/babel__traverse': [ '7.28.0' ],
3930 silly audit   'babel-plugin-jest-hoist': [ '30.4.0' ],
3930 silly audit   'babel-preset-current-node-syntax': [ '1.2.0' ],
3930 silly audit   '@babel/plugin-syntax-async-generators': [ '7.8.4' ],
3930 silly audit   '@babel/plugin-syntax-bigint': [ '7.8.3' ],
3930 silly audit   '@babel/plugin-syntax-class-properties': [ '7.12.13' ],
3930 silly audit   '@babel/plugin-syntax-class-static-block': [ '7.14.5' ],
3930 silly audit   '@babel/plugin-syntax-import-attributes': [ '7.29.7' ],
3930 silly audit   '@babel/plugin-syntax-import-meta': [ '7.10.4' ],
3930 silly audit   '@babel/plugin-syntax-json-strings': [ '7.8.3' ],
3930 silly audit   '@babel/plugin-syntax-logical-assignment-operators': [ '7.10.4' ],
3930 silly audit   '@babel/plugin-syntax-nullish-coalescing-operator': [ '7.8.3' ],
3930 silly audit   '@babel/plugin-syntax-numeric-separator': [ '7.10.4' ],
3930 silly audit   '@babel/plugin-syntax-object-rest-spread': [ '7.8.3' ],
3930 silly audit   '@babel/plugin-syntax-optional-catch-binding': [ '7.8.3' ],
3930 silly audit   '@babel/plugin-syntax-optional-chaining': [ '7.8.3' ],
3930 silly audit   '@babel/plugin-syntax-private-property-in-object': [ '7.14.5' ],
3930 silly audit   '@babel/plugin-syntax-top-level-await': [ '7.14.5' ],
3930 silly audit   '@jest/environment': [ '30.4.1' ],
3930 silly audit   '@jest/expect': [ '30.4.1' ],
3930 silly audit   co: [ '4.6.0' ],
3930 silly audit   dedent: [ '1.7.2' ],
3930 silly audit   'is-generator-fn': [ '2.1.0' ],
3930 silly audit   'jest-each': [ '30.4.1' ],
3930 silly audit   'pure-rand': [ '7.0.1' ],
3930 silly audit   'stack-utils': [ '2.0.6' ],
3930 silly audit   '@jest/fake-timers': [ '30.4.1' ],
3930 silly audit   '@sinonjs/fake-timers': [ '15.4.0' ],
3930 silly audit   '@sinonjs/commons': [ '3.0.1' ],
3930 silly audit   'type-detect': [ '4.0.8' ],
3930 silly audit   'detect-newline': [ '3.1.0' ],
3930 silly audit   anymatch: [ '3.1.3' ],
3930 silly audit   'fb-watchman': [ '2.0.2' ],
3930 silly audit   fsevents: [ '2.3.3' ],
3930 silly audit   walker: [ '1.0.8' ],
3930 silly audit   'normalize-path': [ '3.0.0' ],
3930 silly audit   bser: [ '2.1.1' ],
3930 silly audit   'node-int64': [ '0.4.0' ],
3930 silly audit   'jest-diff': [ '30.4.1' ],
3930 silly audit   '@jest/diff-sequences': [ '30.4.0' ],
3930 silly audit   '@types/stack-utils': [ '2.0.3' ],
3930 silly audit   'jest-pnp-resolver': [ '1.2.3' ],
3930 silly audit   'unrs-resolver': [ '1.12.2' ],
3930 silly audit   emittery: [ '0.13.1' ],
3930 silly audit   'jest-leak-detector': [ '30.4.1' ],
3930 silly audit   '@jest/globals': [ '30.4.1' ],
3930 silly audit   '@jest/source-map': [ '30.0.1' ],
3930 silly audit   'cjs-module-lexer': [ '2.2.0' ],
3930 silly audit   'strip-bom': [ '4.0.0', '3.0.0' ],
3930 silly audit   callsites: [ '3.1.0' ],
3930 silly audit   '@babel/plugin-syntax-jsx': [ '7.29.7' ],
3930 silly audit   '@babel/plugin-syntax-typescript': [ '7.29.7' ],
3930 silly audit   '@jest/snapshot-utils': [ '30.4.1' ],
3930 silly audit   leven: [ '3.1.0' ],
3930 silly audit   '@ungap/structured-clone': [ '1.3.3' ],
3930 silly audit   argparse: [ '2.0.1', '1.0.10' ],
3930 silly audit   'json-buffer': [ '3.0.1' ],
3930 silly audit   'prelude-ls': [ '1.2.1' ],
3930 silly audit   'type-check': [ '0.4.0' ],
3930 silly audit   'p-locate': [ '5.0.0', '4.1.0' ],
3930 silly audit   yallist: [ '3.1.1' ],
3930 silly audit   'fs-monkey': [ '1.1.0' ],
3930 silly audit   'mime-db': [ '1.54.0', '1.52.0' ],
3930 silly audit   'brace-expansion': [ '1.1.16', '2.1.2', '5.0.7' ],
3930 silly audit   'balanced-match': [ '1.0.2', '4.0.4' ],
3930 silly audit   'concat-map': [ '0.0.1' ],
3930 silly audit   'append-field': [ '1.0.0' ],
3930 silly audit   busboy: [ '1.6.0' ],
3930 silly audit   'concat-stream': [ '2.0.0' ],
3930 silly audit   streamsearch: [ '1.1.0' ],
3930 silly audit   'buffer-from': [ '1.1.2' ],
3930 silly audit   'readable-stream': [ '3.6.2' ],
3930 silly audit   typedarray: [ '0.0.6' ],
3930 silly audit   lodash: [ '4.18.1' ],
3930 silly audit   'ee-first': [ '1.1.1' ],
3930 silly audit   wrappy: [ '1.0.2' ],
3930 silly audit   'mimic-fn': [ '2.1.0' ],
3930 silly audit   'deep-is': [ '0.1.4' ],
3930 silly audit   'fast-levenshtein': [ '2.0.6' ],
3930 silly audit   'word-wrap': [ '1.2.5' ],
3930 silly audit   bl: [ '4.1.0' ],
3930 silly audit   'cli-cursor': [ '3.1.0' ],
3930 silly audit   'cli-spinners': [ '2.9.2' ],
3930 silly audit   'is-interactive': [ '1.0.0' ],
3930 silly audit   'is-unicode-supported': [ '0.1.0' ],
3930 silly audit   'log-symbols': [ '4.1.0' ],
3930 silly audit   'strip-ansi': [ '6.0.1', '7.2.0' ],
3930 silly audit   wcwidth: [ '1.0.1' ],
3930 silly audit   buffer: [ '5.7.1' ],
3930 silly audit   'base64-js': [ '1.5.1' ],
3930 silly audit   ieee754: [ '1.2.1' ],
3930 silly audit   'restore-cursor': [ '3.1.0' ],
3930 silly audit   'yocto-queue': [ '0.1.0' ],
3930 silly audit   'error-ex': [ '1.3.4' ],
3930 silly audit   'json-parse-even-better-errors': [ '2.3.1' ],
3930 silly audit   'lines-and-columns': [ '1.2.4' ],
3930 silly audit   'is-arrayish': [ '0.2.1' ],
3930 silly audit   'fast-diff': [ '1.3.0' ],
3930 silly audit   'react-is': [ '18.3.1', '19.2.7' ],
3930 silly audit   forwarded: [ '0.2.0' ],
3930 silly audit   'ipaddr.js': [ '1.9.1' ],
3930 silly audit   'side-channel': [ '1.1.1' ],
3930 silly audit   unpipe: [ '1.0.0' ],
3930 silly audit   string_decoder: [ '1.3.0' ],
3930 silly audit   'util-deprecate': [ '1.0.2' ],
3930 silly audit   'is-promise': [ '4.0.0' ],
3930 silly audit   'ajv-keywords': [ '3.5.2', '5.1.0' ],
3930 silly audit   'shebang-regex': [ '3.0.0' ],
3930 silly audit   'object-inspect': [ '1.13.4' ],
3930 silly audit   'side-channel-list': [ '1.0.1' ],
3930 silly audit   'side-channel-map': [ '1.0.1' ],
3930 silly audit   'side-channel-weakmap': [ '1.0.2' ],
3930 silly audit   'call-bound': [ '1.0.4' ],
3930 silly audit   'safe-buffer': [ '5.2.1' ],
3930 silly audit   'char-regex': [ '1.0.2' ],
3930 silly audit   'emoji-regex': [ '8.0.0', '9.2.2' ],
3930 silly audit   'is-fullwidth-code-point': [ '3.0.0' ],
3930 silly audit   'ansi-regex': [ '5.0.1', '6.2.2' ],
3930 silly audit   '@tokenizer/token': [ '0.3.0' ],
3930 silly audit   methods: [ '1.1.2' ],
3930 silly audit   superagent: [ '10.3.0' ],
3930 silly audit   'component-emitter': [ '1.3.1' ],
3930 silly audit   cookiejar: [ '2.1.4' ],
3930 silly audit   formidable: [ '3.5.4' ],
3930 silly audit   mime: [ '2.6.0' ],
3930 silly audit   '@paralleldrive/cuid2': [ '2.3.1' ],
3930 silly audit   dezalgo: [ '1.0.4' ],
3930 silly audit   '@noble/hashes': [ '1.8.0' ],
3930 silly audit   asap: [ '2.0.6' ],
3930 silly audit   'has-flag': [ '4.0.0' ],
3930 silly audit   '@pkgr/core': [ '0.3.6' ],
3930 silly audit   '@borewit/text-codec': [ '0.2.2' ],
3930 silly audit   'bs-logger': [ '0.2.6' ],
3930 silly audit   handlebars: [ '4.7.9' ],
3930 silly audit   'lodash.memoize': [ '4.1.2' ],
3930 silly audit   'make-error': [ '1.3.6' ],
3930 silly audit   minimist: [ '1.2.8' ],
3930 silly audit   'neo-async': [ '2.6.2' ],
3930 silly audit   'uglify-js': [ '3.19.3' ],
3930 silly audit   wordwrap: [ '1.0.0' ],
3930 silly audit   '@cspotcode/source-map-support': [ '0.8.1' ],
3930 silly audit   '@tsconfig/node10': [ '1.0.12' ],
3930 silly audit   '@tsconfig/node12': [ '1.0.11' ],
3930 silly audit   '@tsconfig/node14': [ '1.0.3' ],
3930 silly audit   '@tsconfig/node16': [ '1.0.4' ],
3930 silly audit   'acorn-walk': [ '8.3.5' ],
3930 silly audit   arg: [ '4.1.3' ],
3930 silly audit   'create-require': [ '1.1.1' ],
3930 silly audit   diff: [ '4.0.4' ],
3930 silly audit   'v8-compile-cache-lib': [ '3.0.1' ],
3930 silly audit   yn: [ '3.1.1' ],
3930 silly audit   'enhanced-resolve': [ '5.24.2' ],
3930 silly audit   'media-typer': [ '1.1.0', '0.3.0' ],
3930 silly audit   '@typescript-eslint/eslint-plugin': [ '8.64.0' ],
3930 silly audit   '@typescript-eslint/parser': [ '8.64.0' ],
3930 silly audit   '@typescript-eslint/typescript-estree': [ '8.64.0' ],
3930 silly audit   '@typescript-eslint/utils': [ '8.64.0' ],
3930 silly audit   '@typescript-eslint/scope-manager': [ '8.64.0' ],
3930 silly audit   '@typescript-eslint/type-utils': [ '8.64.0' ],
3930 silly audit   '@typescript-eslint/visitor-keys': [ '8.64.0' ],
3930 silly audit   'ts-api-utils': [ '2.5.0' ],
3930 silly audit   '@typescript-eslint/types': [ '8.64.0' ],
3930 silly audit   '@typescript-eslint/project-service': [ '8.64.0' ],
3930 silly audit   '@typescript-eslint/tsconfig-utils': [ '8.64.0' ],
3930 silly audit   tinyglobby: [ '0.2.17' ],
3930 silly audit   fdir: [ '6.5.0' ],
3930 silly audit   '@lukeed/csprng': [ '1.1.0' ],
3930 silly audit   '@unrs/resolver-binding-android-arm-eabi': [ '1.12.2' ],
3930 silly audit   '@unrs/resolver-binding-android-arm64': [ '1.12.2' ],
3930 silly audit   '@unrs/resolver-binding-darwin-arm64': [ '1.12.2' ],
3930 silly audit   '@unrs/resolver-binding-darwin-x64': [ '1.12.2' ],
3930 silly audit   '@unrs/resolver-binding-freebsd-x64': [ '1.12.2' ],
3930 silly audit   '@unrs/resolver-binding-linux-arm-gnueabihf': [ '1.12.2' ],
3930 silly audit   '@unrs/resolver-binding-linux-arm-musleabihf': [ '1.12.2' ],
3930 silly audit   '@unrs/resolver-binding-linux-arm64-gnu': [ '1.12.2' ],
3930 silly audit   '@unrs/resolver-binding-linux-arm64-musl': [ '1.12.2' ],
3930 silly audit   '@unrs/resolver-binding-linux-loong64-gnu': [ '1.12.2' ],
3930 silly audit   '@unrs/resolver-binding-linux-loong64-musl': [ '1.12.2' ],
3930 silly audit   '@unrs/resolver-binding-linux-ppc64-gnu': [ '1.12.2' ],
3930 silly audit   '@unrs/resolver-binding-linux-riscv64-gnu': [ '1.12.2' ],
3930 silly audit   '@unrs/resolver-binding-linux-riscv64-musl': [ '1.12.2' ],
3930 silly audit   '@unrs/resolver-binding-linux-s390x-gnu': [ '1.12.2' ],
3930 silly audit   '@unrs/resolver-binding-linux-x64-gnu': [ '1.12.2' ],
3930 silly audit   '@unrs/resolver-binding-linux-x64-musl': [ '1.12.2' ],
3930 silly audit   '@unrs/resolver-binding-openharmony-arm64': [ '1.12.2' ],
3930 silly audit   '@unrs/resolver-binding-wasm32-wasi': [ '1.12.2' ],
3930 silly audit   '@unrs/resolver-binding-win32-arm64-msvc': [ '1.12.2' ],
3930 silly audit   '@unrs/resolver-binding-win32-ia32-msvc': [ '1.12.2' ],
3930 silly audit   '@unrs/resolver-binding-win32-x64-msvc': [ '1.12.2' ],
3930 silly audit   'napi-postinstall': [ '0.3.4' ],
3930 silly audit   '@emnapi/core': [ '1.10.0' ],
3930 silly audit   '@emnapi/runtime': [ '1.10.0' ],
3930 silly audit   '@napi-rs/wasm-runtime': [ '1.1.6' ],
3930 silly audit   '@emnapi/wasi-threads': [ '1.2.1' ],
3930 silly audit   '@tybys/wasm-util': [ '0.10.3' ],
3930 silly audit   escalade: [ '3.2.0' ],
3930 silly audit   punycode: [ '2.3.1' ],
3930 silly audit   makeerror: [ '1.0.12' ],
3930 silly audit   tmpl: [ '1.0.5' ],
3930 silly audit   defaults: [ '1.0.4' ],
3930 silly audit   clone: [ '1.0.4' ],
3930 silly audit   '@webassemblyjs/ast': [ '1.14.1' ],
3930 silly audit   '@webassemblyjs/wasm-edit': [ '1.14.1' ],
3930 silly audit   '@webassemblyjs/wasm-parser': [ '1.14.1' ],
3930 silly audit   'acorn-import-phases': [ '1.0.4' ],
3930 silly audit   'chrome-trace-event': [ '1.0.4' ],
3930 silly audit   'es-module-lexer': [ '2.3.1' ],
3930 silly audit   events: [ '3.3.0' ],
3930 silly audit   'loader-runner': [ '4.3.2' ],
3930 silly audit   'minimizer-webpack-plugin': [ '5.6.1' ],
3930 silly audit   watchpack: [ '2.5.2' ],
3930 silly audit   'webpack-sources': [ '3.5.1' ],
3930 silly audit   '@webassemblyjs/helper-numbers': [ '1.13.2' ],
3930 silly audit   '@webassemblyjs/helper-wasm-bytecode': [ '1.13.2' ],
3930 silly audit   '@webassemblyjs/floating-point-hex-parser': [ '1.13.2' ],
3930 silly audit   '@webassemblyjs/helper-api-error': [ '1.13.2' ],
3930 silly audit   '@xtuc/long': [ '4.2.2' ],
3930 silly audit   '@webassemblyjs/helper-buffer': [ '1.14.1' ],
3930 silly audit   '@webassemblyjs/helper-wasm-section': [ '1.14.1' ],
3930 silly audit   '@webassemblyjs/wasm-gen': [ '1.14.1' ],
3930 silly audit   '@webassemblyjs/wasm-opt': [ '1.14.1' ],
3930 silly audit   '@webassemblyjs/wast-printer': [ '1.14.1' ],
3930 silly audit   '@webassemblyjs/ieee754': [ '1.13.2' ],
3930 silly audit   '@webassemblyjs/leb128': [ '1.13.2' ],
3930 silly audit   '@webassemblyjs/utf8': [ '1.13.2' ],
3930 silly audit   '@xtuc/ieee754': [ '1.2.0' ],
3930 silly audit   terser: [ '5.49.0' ],
3930 silly audit   '@jridgewell/source-map': [ '0.3.11' ],
3930 silly audit   isexe: [ '2.0.0' ],
3930 silly audit   cliui: [ '8.0.1' ],
3930 silly audit   'get-caller-file': [ '2.0.5' ],
3930 silly audit   'require-directory': [ '2.1.1' ],
3930 silly audit   y18n: [ '5.0.8' ],
3930 silly audit   'fast-uri': [ '3.1.3' ],
3930 silly audit   'require-from-string': [ '2.0.2' ],
3930 silly audit   'sprintf-js': [ '1.0.3' ],
3930 silly audit   'p-try': [ '2.2.0' ],
3930 silly audit   'foreground-child': [ '3.3.1' ],
3930 silly audit   jackspeak: [ '3.4.3' ],
3930 silly audit   'package-json-from-dist': [ '1.0.1' ],
3930 silly audit   '@isaacs/cliui': [ '8.0.2' ],
3930 silly audit   '@pkgjs/parseargs': [ '0.11.0' ],
3930 silly audit   eastasianwidth: [ '0.2.0' ],
3930 silly audit   '@types/eslint-scope': [ '3.7.7' ],
3930 silly audit   'glob-to-regexp': [ '0.4.1' ],
3930 silly audit   'terser-webpack-plugin': [ '5.6.1' ],
3930 silly audit   '@types/eslint': [ '9.6.1' ],
3930 silly audit   'fs.realpath': [ '1.0.0' ],
3930 silly audit   inflight: [ '1.0.6' ],
3930 silly audit   'path-is-absolute': [ '1.0.1' ]
3930 silly audit }
3931 http cache path-is-absolute@https://registry.npmjs.org/path-is-absolute/-/path-is-absolute-1.0.1.tgz 0ms (cache hit)
3932 http cache inflight@https://registry.npmjs.org/inflight/-/inflight-1.0.6.tgz 0ms (cache hit)
3933 http cache fs.realpath@https://registry.npmjs.org/fs.realpath/-/fs.realpath-1.0.0.tgz 0ms (cache hit)
3934 http cache @types/eslint@https://registry.npmjs.org/@types/eslint/-/eslint-9.6.1.tgz 0ms (cache hit)
3935 http cache terser-webpack-plugin@https://registry.npmjs.org/terser-webpack-plugin/-/terser-webpack-plugin-5.6.1.tgz 0ms (cache hit)
3936 http cache @types/eslint-scope@https://registry.npmjs.org/@types/eslint-scope/-/eslint-scope-3.7.7.tgz 0ms (cache hit)
3937 http cache glob-to-regexp@https://registry.npmjs.org/glob-to-regexp/-/glob-to-regexp-0.4.1.tgz 0ms (cache hit)
3938 http cache eastasianwidth@https://registry.npmjs.org/eastasianwidth/-/eastasianwidth-0.2.0.tgz 0ms (cache hit)
3939 http cache wrap-ansi-cjs@https://registry.npmjs.org/wrap-ansi/-/wrap-ansi-7.0.0.tgz 0ms (cache hit)
3940 http cache strip-ansi-cjs@https://registry.npmjs.org/strip-ansi/-/strip-ansi-6.0.1.tgz 0ms (cache hit)
3941 http cache @pkgjs/parseargs@https://registry.npmjs.org/@pkgjs/parseargs/-/parseargs-0.11.0.tgz 0ms (cache hit)
3942 http cache string-width-cjs@https://registry.npmjs.org/string-width/-/string-width-4.2.3.tgz 0ms (cache hit)
3943 http cache package-json-from-dist@https://registry.npmjs.org/package-json-from-dist/-/package-json-from-dist-1.0.1.tgz 0ms (cache hit)
3944 http cache jackspeak@https://registry.npmjs.org/jackspeak/-/jackspeak-3.4.3.tgz 0ms (cache hit)
3945 http cache @isaacs/cliui@https://registry.npmjs.org/@isaacs/cliui/-/cliui-8.0.2.tgz 0ms (cache hit)
3946 http cache foreground-child@https://registry.npmjs.org/foreground-child/-/foreground-child-3.3.1.tgz 0ms (cache hit)
3947 http cache sprintf-js@https://registry.npmjs.org/sprintf-js/-/sprintf-js-1.0.3.tgz 0ms (cache hit)
3948 http cache require-from-string@https://registry.npmjs.org/require-from-string/-/require-from-string-2.0.2.tgz 0ms (cache hit)
3949 http cache fast-uri@https://registry.npmjs.org/fast-uri/-/fast-uri-3.1.3.tgz 0ms (cache hit)
3950 http cache y18n@https://registry.npmjs.org/y18n/-/y18n-5.0.8.tgz 0ms (cache hit)
3951 http cache p-try@https://registry.npmjs.org/p-try/-/p-try-2.2.0.tgz 0ms (cache hit)
3952 http cache require-directory@https://registry.npmjs.org/require-directory/-/require-directory-2.1.1.tgz 0ms (cache hit)
3953 http cache cliui@https://registry.npmjs.org/cliui/-/cliui-8.0.1.tgz 0ms (cache hit)
3954 http cache isexe@https://registry.npmjs.org/isexe/-/isexe-2.0.0.tgz 0ms (cache hit)
3955 http cache @jridgewell/source-map@https://registry.npmjs.org/@jridgewell/source-map/-/source-map-0.3.11.tgz 0ms (cache hit)
3956 http cache terser@https://registry.npmjs.org/terser/-/terser-5.49.0.tgz 0ms (cache hit)
3957 http cache get-caller-file@https://registry.npmjs.org/get-caller-file/-/get-caller-file-2.0.5.tgz 0ms (cache hit)
3958 http cache @xtuc/ieee754@https://registry.npmjs.org/@xtuc/ieee754/-/ieee754-1.2.0.tgz 0ms (cache hit)
3959 http cache @webassemblyjs/utf8@https://registry.npmjs.org/@webassemblyjs/utf8/-/utf8-1.13.2.tgz 0ms (cache hit)
3960 http cache @webassemblyjs/leb128@https://registry.npmjs.org/@webassemblyjs/leb128/-/leb128-1.13.2.tgz 0ms (cache hit)
3961 http cache @webassemblyjs/ieee754@https://registry.npmjs.org/@webassemblyjs/ieee754/-/ieee754-1.13.2.tgz 0ms (cache hit)
3962 http cache @webassemblyjs/wast-printer@https://registry.npmjs.org/@webassemblyjs/wast-printer/-/wast-printer-1.14.1.tgz 0ms (cache hit)
3963 http cache @webassemblyjs/wasm-opt@https://registry.npmjs.org/@webassemblyjs/wasm-opt/-/wasm-opt-1.14.1.tgz 0ms (cache hit)
3964 http cache @webassemblyjs/wasm-gen@https://registry.npmjs.org/@webassemblyjs/wasm-gen/-/wasm-gen-1.14.1.tgz 0ms (cache hit)
3965 http cache @xtuc/long@https://registry.npmjs.org/@xtuc/long/-/long-4.2.2.tgz 0ms (cache hit)
3966 http cache @webassemblyjs/helper-buffer@https://registry.npmjs.org/@webassemblyjs/helper-buffer/-/helper-buffer-1.14.1.tgz 0ms (cache hit)
3967 http cache @webassemblyjs/helper-wasm-section@https://registry.npmjs.org/@webassemblyjs/helper-wasm-section/-/helper-wasm-section-1.14.1.tgz 0ms (cache hit)
3968 http cache @webassemblyjs/floating-point-hex-parser@https://registry.npmjs.org/@webassemblyjs/floating-point-hex-parser/-/floating-point-hex-parser-1.13.2.tgz 0ms (cache hit)
3969 http cache @webassemblyjs/helper-wasm-bytecode@https://registry.npmjs.org/@webassemblyjs/helper-wasm-bytecode/-/helper-wasm-bytecode-1.13.2.tgz 0ms (cache hit)
3970 http cache @webassemblyjs/helper-api-error@https://registry.npmjs.org/@webassemblyjs/helper-api-error/-/helper-api-error-1.13.2.tgz 0ms (cache hit)
3971 http cache @webassemblyjs/helper-numbers@https://registry.npmjs.org/@webassemblyjs/helper-numbers/-/helper-numbers-1.13.2.tgz 0ms (cache hit)
3972 http cache webpack-sources@https://registry.npmjs.org/webpack-sources/-/webpack-sources-3.5.1.tgz 0ms (cache hit)
3973 http cache watchpack@https://registry.npmjs.org/watchpack/-/watchpack-2.5.2.tgz 0ms (cache hit)
3974 http cache minimizer-webpack-plugin@https://registry.npmjs.org/minimizer-webpack-plugin/-/minimizer-webpack-plugin-5.6.1.tgz 0ms (cache hit)
3975 http cache events@https://registry.npmjs.org/events/-/events-3.3.0.tgz 0ms (cache hit)
3976 http cache es-module-lexer@https://registry.npmjs.org/es-module-lexer/-/es-module-lexer-2.3.1.tgz 0ms (cache hit)
3977 http cache chrome-trace-event@https://registry.npmjs.org/chrome-trace-event/-/chrome-trace-event-1.0.4.tgz 0ms (cache hit)
3978 http cache loader-runner@https://registry.npmjs.org/loader-runner/-/loader-runner-4.3.2.tgz 0ms (cache hit)
3979 http cache acorn-import-phases@https://registry.npmjs.org/acorn-import-phases/-/acorn-import-phases-1.0.4.tgz 0ms (cache hit)
3980 http cache @webassemblyjs/wasm-parser@https://registry.npmjs.org/@webassemblyjs/wasm-parser/-/wasm-parser-1.14.1.tgz 0ms (cache hit)
3981 http cache @webassemblyjs/wasm-edit@https://registry.npmjs.org/@webassemblyjs/wasm-edit/-/wasm-edit-1.14.1.tgz 0ms (cache hit)
3982 http cache clone@https://registry.npmjs.org/clone/-/clone-1.0.4.tgz 0ms (cache hit)
3983 http cache defaults@https://registry.npmjs.org/defaults/-/defaults-1.0.4.tgz 0ms (cache hit)
3984 http cache @webassemblyjs/ast@https://registry.npmjs.org/@webassemblyjs/ast/-/ast-1.14.1.tgz 0ms (cache hit)
3985 http cache tmpl@https://registry.npmjs.org/tmpl/-/tmpl-1.0.5.tgz 0ms (cache hit)
3986 http cache makeerror@https://registry.npmjs.org/makeerror/-/makeerror-1.0.12.tgz 0ms (cache hit)
3987 http cache punycode@https://registry.npmjs.org/punycode/-/punycode-2.3.1.tgz 0ms (cache hit)
3988 http cache escalade@https://registry.npmjs.org/escalade/-/escalade-3.2.0.tgz 0ms (cache hit)
3989 http cache @unrs/resolver-binding-darwin-arm64@https://registry.npmjs.org/@unrs/resolver-binding-darwin-arm64/-/resolver-binding-darwin-arm64-1.12.2.tgz 0ms (cache hit)
3990 http cache fdir@https://registry.npmjs.org/fdir/-/fdir-6.5.0.tgz 0ms (cache hit)
3991 http cache @lukeed/csprng@https://registry.npmjs.org/@lukeed/csprng/-/csprng-1.1.0.tgz 0ms (cache hit)
3992 http cache @typescript-eslint/tsconfig-utils@https://registry.npmjs.org/@typescript-eslint/tsconfig-utils/-/tsconfig-utils-8.64.0.tgz 0ms (cache hit)
3993 http cache tinyglobby@https://registry.npmjs.org/tinyglobby/-/tinyglobby-0.2.17.tgz 0ms (cache hit)
3994 http cache napi-postinstall@https://registry.npmjs.org/napi-postinstall/-/napi-postinstall-0.3.4.tgz 0ms (cache hit)
3995 http cache @typescript-eslint/types@https://registry.npmjs.org/@typescript-eslint/types/-/types-8.64.0.tgz 0ms (cache hit)
3996 http cache @typescript-eslint/visitor-keys@https://registry.npmjs.org/@typescript-eslint/visitor-keys/-/visitor-keys-8.64.0.tgz 0ms (cache hit)
3997 http cache @typescript-eslint/project-service@https://registry.npmjs.org/@typescript-eslint/project-service/-/project-service-8.64.0.tgz 0ms (cache hit)
3998 http cache @typescript-eslint/scope-manager@https://registry.npmjs.org/@typescript-eslint/scope-manager/-/scope-manager-8.64.0.tgz 0ms (cache hit)
3999 http cache ts-api-utils@https://registry.npmjs.org/ts-api-utils/-/ts-api-utils-2.5.0.tgz 0ms (cache hit)
4000 http cache @typescript-eslint/type-utils@https://registry.npmjs.org/@typescript-eslint/type-utils/-/type-utils-8.64.0.tgz 0ms (cache hit)
4001 http cache @typescript-eslint/typescript-estree@https://registry.npmjs.org/@typescript-eslint/typescript-estree/-/typescript-estree-8.64.0.tgz 0ms (cache hit)
4002 http cache @typescript-eslint/parser@https://registry.npmjs.org/@typescript-eslint/parser/-/parser-8.64.0.tgz 0ms (cache hit)
4003 http cache @typescript-eslint/utils@https://registry.npmjs.org/@typescript-eslint/utils/-/utils-8.64.0.tgz 0ms (cache hit)
4004 http cache enhanced-resolve@https://registry.npmjs.org/enhanced-resolve/-/enhanced-resolve-5.24.2.tgz 0ms (cache hit)
4005 http cache media-typer@https://registry.npmjs.org/media-typer/-/media-typer-1.1.0.tgz 0ms (cache hit)
4006 http cache v8-compile-cache-lib@https://registry.npmjs.org/v8-compile-cache-lib/-/v8-compile-cache-lib-3.0.1.tgz 0ms (cache hit)
4007 http cache @typescript-eslint/eslint-plugin@https://registry.npmjs.org/@typescript-eslint/eslint-plugin/-/eslint-plugin-8.64.0.tgz 0ms (cache hit)
4008 http cache arg@https://registry.npmjs.org/arg/-/arg-4.1.3.tgz 0ms (cache hit)
4009 http cache @tsconfig/node16@https://registry.npmjs.org/@tsconfig/node16/-/node16-1.0.4.tgz 0ms (cache hit)
4010 http cache @tsconfig/node14@https://registry.npmjs.org/@tsconfig/node14/-/node14-1.0.3.tgz 0ms (cache hit)
4011 http cache diff@https://registry.npmjs.org/diff/-/diff-4.0.4.tgz 0ms (cache hit)
4012 http cache acorn-walk@https://registry.npmjs.org/acorn-walk/-/acorn-walk-8.3.5.tgz 0ms (cache hit)
4013 http cache @tsconfig/node12@https://registry.npmjs.org/@tsconfig/node12/-/node12-1.0.11.tgz 0ms (cache hit)
4014 http cache create-require@https://registry.npmjs.org/create-require/-/create-require-1.1.1.tgz 0ms (cache hit)
4015 http cache @tsconfig/node10@https://registry.npmjs.org/@tsconfig/node10/-/node10-1.0.12.tgz 0ms (cache hit)
4016 http cache @cspotcode/source-map-support@https://registry.npmjs.org/@cspotcode/source-map-support/-/source-map-support-0.8.1.tgz 0ms (cache hit)
4017 http cache uglify-js@https://registry.npmjs.org/uglify-js/-/uglify-js-3.19.3.tgz 0ms (cache hit)
4018 http cache neo-async@https://registry.npmjs.org/neo-async/-/neo-async-2.6.2.tgz 0ms (cache hit)
4019 http cache wordwrap@https://registry.npmjs.org/wordwrap/-/wordwrap-1.0.0.tgz 0ms (cache hit)
4020 http cache make-error@https://registry.npmjs.org/make-error/-/make-error-1.3.6.tgz 0ms (cache hit)
4021 http cache lodash.memoize@https://registry.npmjs.org/lodash.memoize/-/lodash.memoize-4.1.2.tgz 0ms (cache hit)
4022 http cache minimist@https://registry.npmjs.org/minimist/-/minimist-1.2.8.tgz 0ms (cache hit)
4023 http cache @borewit/text-codec@https://registry.npmjs.org/@borewit/text-codec/-/text-codec-0.2.2.tgz 0ms (cache hit)
4024 http cache @pkgr/core@https://registry.npmjs.org/@pkgr/core/-/core-0.3.6.tgz 0ms (cache hit)
4025 http cache handlebars@https://registry.npmjs.org/handlebars/-/handlebars-4.7.9.tgz 0ms (cache hit)
4026 http cache bs-logger@https://registry.npmjs.org/bs-logger/-/bs-logger-0.2.6.tgz 0ms (cache hit)
4027 http cache has-flag@https://registry.npmjs.org/has-flag/-/has-flag-4.0.0.tgz 0ms (cache hit)
4028 http cache @noble/hashes@https://registry.npmjs.org/@noble/hashes/-/hashes-1.8.0.tgz 0ms (cache hit)
4029 http cache asap@https://registry.npmjs.org/asap/-/asap-2.0.6.tgz 0ms (cache hit)
4030 http cache @paralleldrive/cuid2@https://registry.npmjs.org/@paralleldrive/cuid2/-/cuid2-2.3.1.tgz 0ms (cache hit)
4031 http cache dezalgo@https://registry.npmjs.org/dezalgo/-/dezalgo-1.0.4.tgz 0ms (cache hit)
4032 http cache formidable@https://registry.npmjs.org/formidable/-/formidable-3.5.4.tgz 0ms (cache hit)
4033 http cache cookiejar@https://registry.npmjs.org/cookiejar/-/cookiejar-2.1.4.tgz 0ms (cache hit)
4034 http cache mime@https://registry.npmjs.org/mime/-/mime-2.6.0.tgz 0ms (cache hit)
4035 http cache component-emitter@https://registry.npmjs.org/component-emitter/-/component-emitter-1.3.1.tgz 0ms (cache hit)
4036 http cache superagent@https://registry.npmjs.org/superagent/-/superagent-10.3.0.tgz 0ms (cache hit)
4037 http cache methods@https://registry.npmjs.org/methods/-/methods-1.1.2.tgz 0ms (cache hit)
4038 http cache @tokenizer/token@https://registry.npmjs.org/@tokenizer/token/-/token-0.3.0.tgz 0ms (cache hit)
4039 http cache ansi-regex@https://registry.npmjs.org/ansi-regex/-/ansi-regex-5.0.1.tgz 0ms (cache hit)
4040 http cache is-fullwidth-code-point@https://registry.npmjs.org/is-fullwidth-code-point/-/is-fullwidth-code-point-3.0.0.tgz 0ms (cache hit)
4041 http cache char-regex@https://registry.npmjs.org/char-regex/-/char-regex-1.0.2.tgz 0ms (cache hit)
4042 http cache emoji-regex@https://registry.npmjs.org/emoji-regex/-/emoji-regex-8.0.0.tgz 0ms (cache hit)
4043 http cache safe-buffer@https://registry.npmjs.org/safe-buffer/-/safe-buffer-5.2.1.tgz 0ms (cache hit)
4044 http cache call-bound@https://registry.npmjs.org/call-bound/-/call-bound-1.0.4.tgz 0ms (cache hit)
4045 http cache side-channel-weakmap@https://registry.npmjs.org/side-channel-weakmap/-/side-channel-weakmap-1.0.2.tgz 0ms (cache hit)
4046 http cache side-channel-map@https://registry.npmjs.org/side-channel-map/-/side-channel-map-1.0.1.tgz 0ms (cache hit)
4047 http cache object-inspect@https://registry.npmjs.org/object-inspect/-/object-inspect-1.13.4.tgz 0ms (cache hit)
4048 http cache side-channel-list@https://registry.npmjs.org/side-channel-list/-/side-channel-list-1.0.1.tgz 0ms (cache hit)
4049 http cache ajv-keywords@https://registry.npmjs.org/ajv-keywords/-/ajv-keywords-3.5.2.tgz 0ms (cache hit)
4050 http cache shebang-regex@https://registry.npmjs.org/shebang-regex/-/shebang-regex-3.0.0.tgz 0ms (cache hit)
4051 http cache util-deprecate@https://registry.npmjs.org/util-deprecate/-/util-deprecate-1.0.2.tgz 0ms (cache hit)
4052 http cache string_decoder@https://registry.npmjs.org/string_decoder/-/string_decoder-1.3.0.tgz 0ms (cache hit)
4053 http cache unpipe@https://registry.npmjs.org/unpipe/-/unpipe-1.0.0.tgz 0ms (cache hit)
4054 http cache side-channel@https://registry.npmjs.org/side-channel/-/side-channel-1.1.1.tgz 0ms (cache hit)
4055 http cache is-promise@https://registry.npmjs.org/is-promise/-/is-promise-4.0.0.tgz 0ms (cache hit)
4056 http cache ipaddr.js@https://registry.npmjs.org/ipaddr.js/-/ipaddr.js-1.9.1.tgz 0ms (cache hit)
4057 http cache forwarded@https://registry.npmjs.org/forwarded/-/forwarded-0.2.0.tgz 0ms (cache hit)
4058 http cache yn@https://registry.npmjs.org/yn/-/yn-3.1.1.tgz 0ms (cache hit)
4059 http cache react-is-19@https://registry.npmjs.org/react-is/-/react-is-19.2.7.tgz 0ms (cache hit)
4060 http cache react-is-18@https://registry.npmjs.org/react-is/-/react-is-18.3.1.tgz 0ms (cache hit)
4061 http cache fast-diff@https://registry.npmjs.org/fast-diff/-/fast-diff-1.3.0.tgz 0ms (cache hit)
4062 http cache lines-and-columns@https://registry.npmjs.org/lines-and-columns/-/lines-and-columns-1.2.4.tgz 0ms (cache hit)
4063 http cache json-parse-even-better-errors@https://registry.npmjs.org/json-parse-even-better-errors/-/json-parse-even-better-errors-2.3.1.tgz 0ms (cache hit)
4064 http cache error-ex@https://registry.npmjs.org/error-ex/-/error-ex-1.3.4.tgz 0ms (cache hit)
4065 http cache restore-cursor@https://registry.npmjs.org/restore-cursor/-/restore-cursor-3.1.0.tgz 0ms (cache hit)
4066 http cache yocto-queue@https://registry.npmjs.org/yocto-queue/-/yocto-queue-0.1.0.tgz 0ms (cache hit)
4067 http cache ieee754@https://registry.npmjs.org/ieee754/-/ieee754-1.2.1.tgz 0ms (cache hit)
4068 http cache is-arrayish@https://registry.npmjs.org/is-arrayish/-/is-arrayish-0.2.1.tgz 0ms (cache hit)
4069 http cache base64-js@https://registry.npmjs.org/base64-js/-/base64-js-1.5.1.tgz 0ms (cache hit)
4070 http cache buffer@https://registry.npmjs.org/buffer/-/buffer-5.7.1.tgz 0ms (cache hit)
4071 http cache wcwidth@https://registry.npmjs.org/wcwidth/-/wcwidth-1.0.1.tgz 0ms (cache hit)
4072 http cache is-unicode-supported@https://registry.npmjs.org/is-unicode-supported/-/is-unicode-supported-0.1.0.tgz 0ms (cache hit)
4073 http cache is-interactive@https://registry.npmjs.org/is-interactive/-/is-interactive-1.0.0.tgz 0ms (cache hit)
4074 http cache log-symbols@https://registry.npmjs.org/log-symbols/-/log-symbols-4.1.0.tgz 0ms (cache hit)
4075 http cache cli-cursor@https://registry.npmjs.org/cli-cursor/-/cli-cursor-3.1.0.tgz 0ms (cache hit)
4076 http cache cli-spinners@https://registry.npmjs.org/cli-spinners/-/cli-spinners-2.9.2.tgz 0ms (cache hit)
4077 http cache bl@https://registry.npmjs.org/bl/-/bl-4.1.0.tgz 0ms (cache hit)
4078 http cache word-wrap@https://registry.npmjs.org/word-wrap/-/word-wrap-1.2.5.tgz 0ms (cache hit)
4079 http cache strip-ansi@https://registry.npmjs.org/strip-ansi/-/strip-ansi-6.0.1.tgz 0ms (cache hit)
4080 http cache fast-levenshtein@https://registry.npmjs.org/fast-levenshtein/-/fast-levenshtein-2.0.6.tgz 0ms (cache hit)
4081 http cache deep-is@https://registry.npmjs.org/deep-is/-/deep-is-0.1.4.tgz 0ms (cache hit)
4082 http cache wrappy@https://registry.npmjs.org/wrappy/-/wrappy-1.0.2.tgz 0ms (cache hit)
4083 http cache ee-first@https://registry.npmjs.org/ee-first/-/ee-first-1.1.1.tgz 0ms (cache hit)
4084 http cache lodash@https://registry.npmjs.org/lodash/-/lodash-4.18.1.tgz 0ms (cache hit)
4085 http cache typedarray@https://registry.npmjs.org/typedarray/-/typedarray-0.0.6.tgz 0ms (cache hit)
4086 http cache readable-stream@https://registry.npmjs.org/readable-stream/-/readable-stream-3.6.2.tgz 0ms (cache hit)
4087 http cache buffer-from@https://registry.npmjs.org/buffer-from/-/buffer-from-1.1.2.tgz 0ms (cache hit)
4088 http cache concat-stream@https://registry.npmjs.org/concat-stream/-/concat-stream-2.0.0.tgz 0ms (cache hit)
4089 http cache streamsearch@https://registry.npmjs.org/streamsearch/-/streamsearch-1.1.0.tgz 0ms (cache hit)
4090 http cache busboy@https://registry.npmjs.org/busboy/-/busboy-1.6.0.tgz 0ms (cache hit)
4091 http cache append-field@https://registry.npmjs.org/append-field/-/append-field-1.0.0.tgz 0ms (cache hit)
4092 http cache concat-map@https://registry.npmjs.org/concat-map/-/concat-map-0.0.1.tgz 0ms (cache hit)
4093 http cache balanced-match@https://registry.npmjs.org/balanced-match/-/balanced-match-1.0.2.tgz 0ms (cache hit)
4094 http cache mimic-fn@https://registry.npmjs.org/mimic-fn/-/mimic-fn-2.1.0.tgz 0ms (cache hit)
4095 http cache brace-expansion@https://registry.npmjs.org/brace-expansion/-/brace-expansion-1.1.16.tgz 0ms (cache hit)
4096 http cache mime-db@https://registry.npmjs.org/mime-db/-/mime-db-1.54.0.tgz 0ms (cache hit)
4097 http cache fs-monkey@https://registry.npmjs.org/fs-monkey/-/fs-monkey-1.1.0.tgz 0ms (cache hit)
4098 http cache p-locate@https://registry.npmjs.org/p-locate/-/p-locate-5.0.0.tgz 0ms (cache hit)
4099 http cache yallist@https://registry.npmjs.org/yallist/-/yallist-3.1.1.tgz 0ms (cache hit)
4100 http cache type-check@https://registry.npmjs.org/type-check/-/type-check-0.4.0.tgz 0ms (cache hit)
4101 http cache prelude-ls@https://registry.npmjs.org/prelude-ls/-/prelude-ls-1.2.1.tgz 0ms (cache hit)
4102 http cache json-buffer@https://registry.npmjs.org/json-buffer/-/json-buffer-3.0.1.tgz 0ms (cache hit)
4103 http cache argparse@https://registry.npmjs.org/argparse/-/argparse-2.0.1.tgz 0ms (cache hit)
4104 http cache leven@https://registry.npmjs.org/leven/-/leven-3.1.0.tgz 0ms (cache hit)
4105 http cache @ungap/structured-clone@https://registry.npmjs.org/@ungap/structured-clone/-/structured-clone-1.3.3.tgz 0ms (cache hit)
4106 http cache @jest/snapshot-utils@https://registry.npmjs.org/@jest/snapshot-utils/-/snapshot-utils-30.4.1.tgz 0ms (cache hit)
4107 http cache @babel/plugin-syntax-typescript@https://registry.npmjs.org/@babel/plugin-syntax-typescript/-/plugin-syntax-typescript-7.29.7.tgz 0ms (cache hit)
4108 http cache callsites@https://registry.npmjs.org/callsites/-/callsites-3.1.0.tgz 0ms (cache hit)
4109 http cache strip-bom@https://registry.npmjs.org/strip-bom/-/strip-bom-4.0.0.tgz 0ms (cache hit)
4110 http cache @babel/plugin-syntax-jsx@https://registry.npmjs.org/@babel/plugin-syntax-jsx/-/plugin-syntax-jsx-7.29.7.tgz 0ms (cache hit)
4111 http cache cjs-module-lexer@https://registry.npmjs.org/cjs-module-lexer/-/cjs-module-lexer-2.2.0.tgz 0ms (cache hit)
4112 http cache @jest/source-map@https://registry.npmjs.org/@jest/source-map/-/source-map-30.0.1.tgz 0ms (cache hit)
4113 http cache jest-leak-detector@https://registry.npmjs.org/jest-leak-detector/-/jest-leak-detector-30.4.1.tgz 0ms (cache hit)
4114 http cache emittery@https://registry.npmjs.org/emittery/-/emittery-0.13.1.tgz 0ms (cache hit)
4115 http cache @jest/globals@https://registry.npmjs.org/@jest/globals/-/globals-30.4.1.tgz 0ms (cache hit)
4116 http cache unrs-resolver@https://registry.npmjs.org/unrs-resolver/-/unrs-resolver-1.12.2.tgz 0ms (cache hit)
4117 http cache @types/stack-utils@https://registry.npmjs.org/@types/stack-utils/-/stack-utils-2.0.3.tgz 0ms (cache hit)
4118 http cache @jest/diff-sequences@https://registry.npmjs.org/@jest/diff-sequences/-/diff-sequences-30.4.0.tgz 0ms (cache hit)
4119 http cache jest-diff@https://registry.npmjs.org/jest-diff/-/jest-diff-30.4.1.tgz 0ms (cache hit)
4120 http cache node-int64@https://registry.npmjs.org/node-int64/-/node-int64-0.4.0.tgz 0ms (cache hit)
4121 http cache jest-pnp-resolver@https://registry.npmjs.org/jest-pnp-resolver/-/jest-pnp-resolver-1.2.3.tgz 0ms (cache hit)
4122 http cache normalize-path@https://registry.npmjs.org/normalize-path/-/normalize-path-3.0.0.tgz 0ms (cache hit)
4123 http cache bser@https://registry.npmjs.org/bser/-/bser-2.1.1.tgz 0ms (cache hit)
4124 http cache walker@https://registry.npmjs.org/walker/-/walker-1.0.8.tgz 0ms (cache hit)
4125 http cache fsevents@https://registry.npmjs.org/fsevents/-/fsevents-2.3.3.tgz 0ms (cache hit)
4126 http cache fb-watchman@https://registry.npmjs.org/fb-watchman/-/fb-watchman-2.0.2.tgz 0ms (cache hit)
4127 http cache anymatch@https://registry.npmjs.org/anymatch/-/anymatch-3.1.3.tgz 0ms (cache hit)
4128 http cache detect-newline@https://registry.npmjs.org/detect-newline/-/detect-newline-3.1.0.tgz 0ms (cache hit)
4129 http cache @sinonjs/commons@https://registry.npmjs.org/@sinonjs/commons/-/commons-3.0.1.tgz 0ms (cache hit)
4130 http cache @jest/fake-timers@https://registry.npmjs.org/@jest/fake-timers/-/fake-timers-30.4.1.tgz 0ms (cache hit)
4131 http cache type-detect@https://registry.npmjs.org/type-detect/-/type-detect-4.0.8.tgz 0ms (cache hit)
4132 http cache stack-utils@https://registry.npmjs.org/stack-utils/-/stack-utils-2.0.6.tgz 0ms (cache hit)
4133 http cache pure-rand@https://registry.npmjs.org/pure-rand/-/pure-rand-7.0.1.tgz 0ms (cache hit)
4134 http cache jest-each@https://registry.npmjs.org/jest-each/-/jest-each-30.4.1.tgz 0ms (cache hit)
4135 http cache @sinonjs/fake-timers@https://registry.npmjs.org/@sinonjs/fake-timers/-/fake-timers-15.4.0.tgz 0ms (cache hit)
4136 http cache is-generator-fn@https://registry.npmjs.org/is-generator-fn/-/is-generator-fn-2.1.0.tgz 0ms (cache hit)
4137 http cache dedent@https://registry.npmjs.org/dedent/-/dedent-1.7.2.tgz 0ms (cache hit)
4138 http cache co@https://registry.npmjs.org/co/-/co-4.6.0.tgz 0ms (cache hit)
4139 http cache @jest/environment@https://registry.npmjs.org/@jest/environment/-/environment-30.4.1.tgz 0ms (cache hit)
4140 http cache @babel/plugin-syntax-top-level-await@https://registry.npmjs.org/@babel/plugin-syntax-top-level-await/-/plugin-syntax-top-level-await-7.14.5.tgz 0ms (cache hit)
4141 http cache @babel/plugin-syntax-private-property-in-object@https://registry.npmjs.org/@babel/plugin-syntax-private-property-in-object/-/plugin-syntax-private-property-in-object-7.14.5.tgz 0ms (cache hit)
4142 http cache @babel/plugin-syntax-optional-chaining@https://registry.npmjs.org/@babel/plugin-syntax-optional-chaining/-/plugin-syntax-optional-chaining-7.8.3.tgz 0ms (cache hit)
4143 http cache @babel/plugin-syntax-optional-catch-binding@https://registry.npmjs.org/@babel/plugin-syntax-optional-catch-binding/-/plugin-syntax-optional-catch-binding-7.8.3.tgz 0ms (cache hit)
4144 http cache @babel/plugin-syntax-object-rest-spread@https://registry.npmjs.org/@babel/plugin-syntax-object-rest-spread/-/plugin-syntax-object-rest-spread-7.8.3.tgz 0ms (cache hit)
4145 http cache @babel/plugin-syntax-numeric-separator@https://registry.npmjs.org/@babel/plugin-syntax-numeric-separator/-/plugin-syntax-numeric-separator-7.10.4.tgz 0ms (cache hit)
4146 http cache @jest/expect@https://registry.npmjs.org/@jest/expect/-/expect-30.4.1.tgz 0ms (cache hit)
4147 http cache @babel/plugin-syntax-nullish-coalescing-operator@https://registry.npmjs.org/@babel/plugin-syntax-nullish-coalescing-operator/-/plugin-syntax-nullish-coalescing-operator-7.8.3.tgz 0ms (cache hit)
4148 http cache @babel/plugin-syntax-logical-assignment-operators@https://registry.npmjs.org/@babel/plugin-syntax-logical-assignment-operators/-/plugin-syntax-logical-assignment-operators-7.10.4.tgz 0ms (cache hit)
4149 http cache @babel/plugin-syntax-json-strings@https://registry.npmjs.org/@babel/plugin-syntax-json-strings/-/plugin-syntax-json-strings-7.8.3.tgz 0ms (cache hit)
4150 http cache @babel/plugin-syntax-import-meta@https://registry.npmjs.org/@babel/plugin-syntax-import-meta/-/plugin-syntax-import-meta-7.10.4.tgz 0ms (cache hit)
4151 http cache @babel/plugin-syntax-import-attributes@https://registry.npmjs.org/@babel/plugin-syntax-import-attributes/-/plugin-syntax-import-attributes-7.29.7.tgz 0ms (cache hit)
4152 http cache @babel/plugin-syntax-class-static-block@https://registry.npmjs.org/@babel/plugin-syntax-class-static-block/-/plugin-syntax-class-static-block-7.14.5.tgz 0ms (cache hit)
4153 http cache @babel/plugin-syntax-class-properties@https://registry.npmjs.org/@babel/plugin-syntax-class-properties/-/plugin-syntax-class-properties-7.12.13.tgz 0ms (cache hit)
4154 http cache @babel/plugin-syntax-bigint@https://registry.npmjs.org/@babel/plugin-syntax-bigint/-/plugin-syntax-bigint-7.8.3.tgz 0ms (cache hit)
4155 http cache @babel/plugin-syntax-async-generators@https://registry.npmjs.org/@babel/plugin-syntax-async-generators/-/plugin-syntax-async-generators-7.8.4.tgz 0ms (cache hit)
4156 http cache babel-preset-current-node-syntax@https://registry.npmjs.org/babel-preset-current-node-syntax/-/babel-preset-current-node-syntax-1.2.0.tgz 0ms (cache hit)
4157 http cache babel-plugin-jest-hoist@https://registry.npmjs.org/babel-plugin-jest-hoist/-/babel-plugin-jest-hoist-30.4.0.tgz 0ms (cache hit)
4158 http cache @types/babel__traverse@https://registry.npmjs.org/@types/babel__traverse/-/babel__traverse-7.28.0.tgz 0ms (cache hit)
4159 http cache @types/babel__template@https://registry.npmjs.org/@types/babel__template/-/babel__template-7.4.4.tgz 0ms (cache hit)
4160 http cache @types/babel__generator@https://registry.npmjs.org/@types/babel__generator/-/babel__generator-7.27.0.tgz 0ms (cache hit)
4161 http cache babel-preset-jest@https://registry.npmjs.org/babel-preset-jest/-/babel-preset-jest-30.4.0.tgz 0ms (cache hit)
4162 http cache @types/babel__core@https://registry.npmjs.org/@types/babel__core/-/babel__core-7.20.5.tgz 0ms (cache hit)
4163 http cache jest-environment-node@https://registry.npmjs.org/jest-environment-node/-/jest-environment-node-30.4.1.tgz 0ms (cache hit)
4164 http cache jest-docblock@https://registry.npmjs.org/jest-docblock/-/jest-docblock-30.4.0.tgz 0ms (cache hit)
4165 http cache jest-circus@https://registry.npmjs.org/jest-circus/-/jest-circus-30.4.2.tgz 0ms (cache hit)
4166 http cache babel-jest@https://registry.npmjs.org/babel-jest/-/babel-jest-30.4.1.tgz 0ms (cache hit)
4167 http cache @jest/test-sequencer@https://registry.npmjs.org/@jest/test-sequencer/-/test-sequencer-30.4.1.tgz 0ms (cache hit)
4168 http cache yargs@https://registry.npmjs.org/yargs/-/yargs-17.7.3.tgz 0ms (cache hit)
4169 http cache strip-final-newline@https://registry.npmjs.org/strip-final-newline/-/strip-final-newline-2.0.0.tgz 0ms (cache hit)
4170 http cache onetime@https://registry.npmjs.org/onetime/-/onetime-5.1.2.tgz 0ms (cache hit)
4171 http cache npm-run-path@https://registry.npmjs.org/npm-run-path/-/npm-run-path-4.0.1.tgz 0ms (cache hit)
4172 http cache merge-stream@https://registry.npmjs.org/merge-stream/-/merge-stream-2.0.0.tgz 0ms (cache hit)
4173 http cache is-stream@https://registry.npmjs.org/is-stream/-/is-stream-2.0.1.tgz 0ms (cache hit)
4174 http cache human-signals@https://registry.npmjs.org/human-signals/-/human-signals-2.1.0.tgz 0ms (cache hit)
4175 http cache p-limit@https://registry.npmjs.org/p-limit/-/p-limit-3.1.0.tgz 0ms (cache hit)
4176 http cache get-stream@https://registry.npmjs.org/get-stream/-/get-stream-6.0.1.tgz 0ms (cache hit)
4177 http cache execa@https://registry.npmjs.org/execa/-/execa-5.1.1.tgz 0ms (cache hit)
4178 http cache html-escaper@https://registry.npmjs.org/html-escaper/-/html-escaper-2.0.2.tgz 0ms (cache hit)
4179 http cache make-dir@https://registry.npmjs.org/make-dir/-/make-dir-4.0.0.tgz 0ms (cache hit)
4180 http cache resolve-cwd@https://registry.npmjs.org/resolve-cwd/-/resolve-cwd-3.0.0.tgz 0ms (cache hit)
4181 http cache pkg-dir@https://registry.npmjs.org/pkg-dir/-/pkg-dir-4.2.0.tgz 0ms (cache hit)
4182 http cache update-browserslist-db@https://registry.npmjs.org/update-browserslist-db/-/update-browserslist-db-1.2.3.tgz 0ms (cache hit)
4183 http cache node-releases@https://registry.npmjs.org/node-releases/-/node-releases-2.0.51.tgz 0ms (cache hit)
4184 http cache electron-to-chromium@https://registry.npmjs.org/electron-to-chromium/-/electron-to-chromium-1.5.392.tgz 0ms (cache hit)
4185 http cache caniuse-lite@https://registry.npmjs.org/caniuse-lite/-/caniuse-lite-1.0.30001806.tgz 0ms (cache hit)
4186 http cache baseline-browser-mapping@https://registry.npmjs.org/baseline-browser-mapping/-/baseline-browser-mapping-2.10.43.tgz 0ms (cache hit)
4187 http cache get-package-type@https://registry.npmjs.org/get-package-type/-/get-package-type-0.1.0.tgz 0ms (cache hit)
4188 http cache camelcase@https://registry.npmjs.org/camelcase/-/camelcase-5.3.1.tgz 0ms (cache hit)
4189 http cache test-exclude@https://registry.npmjs.org/test-exclude/-/test-exclude-6.0.0.tgz 0ms (cache hit)
4190 http cache @istanbuljs/schema@https://registry.npmjs.org/@istanbuljs/schema/-/schema-0.1.6.tgz 0ms (cache hit)
4191 http cache @istanbuljs/load-nyc-config@https://registry.npmjs.org/@istanbuljs/load-nyc-config/-/load-nyc-config-1.1.0.tgz 0ms (cache hit)
4192 http cache @babel/helper-plugin-utils@https://registry.npmjs.org/@babel/helper-plugin-utils/-/helper-plugin-utils-7.29.7.tgz 0ms (cache hit)
4193 http cache type-fest@https://registry.npmjs.org/type-fest/-/type-fest-0.21.3.tgz 0ms (cache hit)
4194 http cache @types/yargs-parser@https://registry.npmjs.org/@types/yargs-parser/-/yargs-parser-21.0.3.tgz 0ms (cache hit)
4195 http cache @types/istanbul-lib-report@https://registry.npmjs.org/@types/istanbul-lib-report/-/istanbul-lib-report-3.0.3.tgz 0ms (cache hit)
4196 http cache @jridgewell/sourcemap-codec@https://registry.npmjs.org/@jridgewell/sourcemap-codec/-/sourcemap-codec-1.5.5.tgz 0ms (cache hit)
4197 http cache @jridgewell/resolve-uri@https://registry.npmjs.org/@jridgewell/resolve-uri/-/resolve-uri-3.1.2.tgz 0ms (cache hit)
4198 http cache @types/yargs@https://registry.npmjs.org/@types/yargs/-/yargs-17.0.35.tgz 0ms (cache hit)
4199 http cache @types/istanbul-reports@https://registry.npmjs.org/@types/istanbul-reports/-/istanbul-reports-3.0.4.tgz 0ms (cache hit)
4200 http cache @jest/schemas@https://registry.npmjs.org/@jest/schemas/-/schemas-30.4.1.tgz 0ms (cache hit)
4201 http cache @babel/helper-string-parser@https://registry.npmjs.org/@babel/helper-string-parser/-/helper-string-parser-7.29.7.tgz 0ms (cache hit)
4202 http cache @sinclair/typebox@https://registry.npmjs.org/@sinclair/typebox/-/typebox-0.34.52.tgz 0ms (cache hit)
4203 http cache @babel/helper-globals@https://registry.npmjs.org/@babel/helper-globals/-/helper-globals-7.29.7.tgz 0ms (cache hit)
4204 http cache @babel/helper-module-imports@https://registry.npmjs.org/@babel/helper-module-imports/-/helper-module-imports-7.29.7.tgz 0ms (cache hit)
4205 http cache lru-cache@https://registry.npmjs.org/lru-cache/-/lru-cache-5.1.1.tgz 0ms (cache hit)
4206 http cache browserslist@https://registry.npmjs.org/browserslist/-/browserslist-4.28.6.tgz 0ms (cache hit)
4207 http cache @babel/helper-validator-option@https://registry.npmjs.org/@babel/helper-validator-option/-/helper-validator-option-7.29.7.tgz 0ms (cache hit)
4208 http cache @babel/compat-data@https://registry.npmjs.org/@babel/compat-data/-/compat-data-7.29.7.tgz 0ms (cache hit)
4209 http cache jsesc@https://registry.npmjs.org/jsesc/-/jsesc-3.1.0.tgz 0ms (cache hit)
4210 http cache @jridgewell/gen-mapping@https://registry.npmjs.org/@jridgewell/gen-mapping/-/gen-mapping-0.3.13.tgz 0ms (cache hit)
4211 http cache json5@https://registry.npmjs.org/json5/-/json5-2.2.3.tgz 0ms (cache hit)
4212 http cache gensync@https://registry.npmjs.org/gensync/-/gensync-1.0.0-beta.2.tgz 0ms (cache hit)
4213 http cache @jridgewell/remapping@https://registry.npmjs.org/@jridgewell/remapping/-/remapping-2.3.5.tgz 0ms (cache hit)
4214 http cache @babel/types@https://registry.npmjs.org/@babel/types/-/types-7.29.7.tgz 0ms (cache hit)
4215 http cache @babel/traverse@https://registry.npmjs.org/@babel/traverse/-/traverse-7.29.7.tgz 0ms (cache hit)
4216 http cache @babel/template@https://registry.npmjs.org/@babel/template/-/template-7.29.7.tgz 0ms (cache hit)
4217 http cache @babel/parser@https://registry.npmjs.org/@babel/parser/-/parser-7.29.7.tgz 0ms (cache hit)
4218 http cache @babel/helpers@https://registry.npmjs.org/@babel/helpers/-/helpers-7.29.7.tgz 0ms (cache hit)
4219 http cache @babel/helper-module-transforms@https://registry.npmjs.org/@babel/helper-module-transforms/-/helper-module-transforms-7.29.7.tgz 0ms (cache hit)
4220 http cache @babel/generator@https://registry.npmjs.org/@babel/generator/-/generator-7.29.7.tgz 0ms (cache hit)
4221 http cache write-file-atomic@https://registry.npmjs.org/write-file-atomic/-/write-file-atomic-5.0.1.tgz 0ms (cache hit)
4222 http cache @babel/helper-compilation-targets@https://registry.npmjs.org/@babel/helper-compilation-targets/-/helper-compilation-targets-7.29.7.tgz 0ms (cache hit)
4223 http cache convert-source-map@https://registry.npmjs.org/convert-source-map/-/convert-source-map-2.0.0.tgz 0ms (cache hit)
4224 http cache @babel/core@https://registry.npmjs.org/@babel/core/-/core-7.29.7.tgz 0ms (cache hit)
4225 http cache babel-plugin-istanbul@https://registry.npmjs.org/babel-plugin-istanbul/-/babel-plugin-istanbul-7.0.1.tgz 0ms (cache hit)
4226 http cache @types/istanbul-lib-coverage@https://registry.npmjs.org/@types/istanbul-lib-coverage/-/istanbul-lib-coverage-2.0.6.tgz 0ms (cache hit)
4227 http cache v8-to-istanbul@https://registry.npmjs.org/v8-to-istanbul/-/v8-to-istanbul-9.3.0.tgz 0ms (cache hit)
4228 http cache string-length@https://registry.npmjs.org/string-length/-/string-length-4.0.2.tgz 0ms (cache hit)
4229 http cache jest-worker@https://registry.npmjs.org/jest-worker/-/jest-worker-30.4.1.tgz 0ms (cache hit)
4230 http cache istanbul-reports@https://registry.npmjs.org/istanbul-reports/-/istanbul-reports-3.2.0.tgz 0ms (cache hit)
4231 http cache istanbul-lib-source-maps@https://registry.npmjs.org/istanbul-lib-source-maps/-/istanbul-lib-source-maps-5.0.6.tgz 0ms (cache hit)
4232 http cache istanbul-lib-report@https://registry.npmjs.org/istanbul-lib-report/-/istanbul-lib-report-3.0.1.tgz 0ms (cache hit)
4233 http cache istanbul-lib-instrument@https://registry.npmjs.org/istanbul-lib-instrument/-/istanbul-lib-instrument-6.0.3.tgz 0ms (cache hit)
4234 http cache istanbul-lib-coverage@https://registry.npmjs.org/istanbul-lib-coverage/-/istanbul-lib-coverage-3.2.2.tgz 0ms (cache hit)
4235 http cache collect-v8-coverage@https://registry.npmjs.org/collect-v8-coverage/-/collect-v8-coverage-1.0.3.tgz 0ms (cache hit)
4236 http cache @jridgewell/trace-mapping@https://registry.npmjs.org/@jridgewell/trace-mapping/-/trace-mapping-0.3.31.tgz 0ms (cache hit)
4237 http cache @bcoe/v8-coverage@https://registry.npmjs.org/@bcoe/v8-coverage/-/v8-coverage-0.2.3.tgz 0ms (cache hit)
4238 http cache slash@https://registry.npmjs.org/slash/-/slash-3.0.0.tgz 0ms (cache hit)
4239 http cache jest-watcher@https://registry.npmjs.org/jest-watcher/-/jest-watcher-30.4.1.tgz 0ms (cache hit)
4240 http cache jest-validate@https://registry.npmjs.org/jest-validate/-/jest-validate-30.4.1.tgz 0ms (cache hit)
4241 http cache jest-snapshot@https://registry.npmjs.org/jest-snapshot/-/jest-snapshot-30.4.1.tgz 0ms (cache hit)
4242 http cache jest-runtime@https://registry.npmjs.org/jest-runtime/-/jest-runtime-30.4.2.tgz 0ms (cache hit)
4243 http cache jest-runner@https://registry.npmjs.org/jest-runner/-/jest-runner-30.4.2.tgz 0ms (cache hit)
4244 http cache jest-resolve-dependencies@https://registry.npmjs.org/jest-resolve-dependencies/-/jest-resolve-dependencies-30.4.2.tgz 0ms (cache hit)
4245 http cache jest-resolve@https://registry.npmjs.org/jest-resolve/-/jest-resolve-30.4.1.tgz 0ms (cache hit)
4246 http cache jest-regex-util@https://registry.npmjs.org/jest-regex-util/-/jest-regex-util-30.4.0.tgz 0ms (cache hit)
4247 http cache jest-haste-map@https://registry.npmjs.org/jest-haste-map/-/jest-haste-map-30.4.1.tgz 0ms (cache hit)
4248 http cache jest-changed-files@https://registry.npmjs.org/jest-changed-files/-/jest-changed-files-30.4.1.tgz 0ms (cache hit)
4249 http cache pirates@https://registry.npmjs.org/pirates/-/pirates-4.0.7.tgz 0ms (cache hit)
4250 http cache exit-x@https://registry.npmjs.org/exit-x/-/exit-x-0.2.2.tgz 0ms (cache hit)
4251 http cache jest-config@https://registry.npmjs.org/jest-config/-/jest-config-30.4.2.tgz 0ms (cache hit)
4252 http cache ci-info@https://registry.npmjs.org/ci-info/-/ci-info-4.4.0.tgz 0ms (cache hit)
4253 http cache ansi-escapes@https://registry.npmjs.org/ansi-escapes/-/ansi-escapes-4.3.2.tgz 0ms (cache hit)
4254 http cache @jest/transform@https://registry.npmjs.org/@jest/transform/-/transform-30.4.1.tgz 0ms (cache hit)
4255 http cache @jest/test-result@https://registry.npmjs.org/@jest/test-result/-/test-result-30.4.1.tgz 0ms (cache hit)
4256 http cache @jest/reporters@https://registry.npmjs.org/@jest/reporters/-/reporters-30.4.1.tgz 0ms (cache hit)
4257 http cache @jest/pattern@https://registry.npmjs.org/@jest/pattern/-/pattern-30.4.0.tgz 0ms (cache hit)
4258 http cache @jest/console@https://registry.npmjs.org/@jest/console/-/console-30.4.1.tgz 0ms (cache hit)
4259 http cache jest-cli@https://registry.npmjs.org/jest-cli/-/jest-cli-30.4.2.tgz 0ms (cache hit)
4260 http cache import-local@https://registry.npmjs.org/import-local/-/import-local-3.2.0.tgz 0ms (cache hit)
4261 http cache @jest/types@https://registry.npmjs.org/@jest/types/-/types-30.4.1.tgz 0ms (cache hit)
4262 http cache @jest/core@https://registry.npmjs.org/@jest/core/-/core-30.4.2.tgz 0ms (cache hit)
4263 http cache is-extglob@https://registry.npmjs.org/is-extglob/-/is-extglob-2.1.1.tgz 0ms (cache hit)
4264 http cache resolve-from@https://registry.npmjs.org/resolve-from/-/resolve-from-4.0.0.tgz 0ms (cache hit)
4265 http cache parent-module@https://registry.npmjs.org/parent-module/-/parent-module-1.0.1.tgz 0ms (cache hit)
4266 http cache toidentifier@https://registry.npmjs.org/toidentifier/-/toidentifier-1.0.1.tgz 0ms (cache hit)
4267 http cache safer-buffer@https://registry.npmjs.org/safer-buffer/-/safer-buffer-2.1.2.tgz 0ms (cache hit)
4268 http cache setprototypeof@https://registry.npmjs.org/setprototypeof/-/setprototypeof-1.2.0.tgz 0ms (cache hit)
4269 http cache inherits@https://registry.npmjs.org/inherits/-/inherits-2.0.4.tgz 0ms (cache hit)
4270 http cache path-scurry@https://registry.npmjs.org/path-scurry/-/path-scurry-2.0.2.tgz 0ms (cache hit)
4271 http cache minipass@https://registry.npmjs.org/minipass/-/minipass-7.1.3.tgz 0ms (cache hit)
4272 http cache math-intrinsics@https://registry.npmjs.org/math-intrinsics/-/math-intrinsics-1.1.0.tgz 0ms (cache hit)
4273 http cache has-symbols@https://registry.npmjs.org/has-symbols/-/has-symbols-1.1.0.tgz 0ms (cache hit)
4274 http cache gopd@https://registry.npmjs.org/gopd/-/gopd-1.2.0.tgz 0ms (cache hit)
4275 http cache get-proto@https://registry.npmjs.org/get-proto/-/get-proto-1.0.1.tgz 0ms (cache hit)
4276 http cache function-bind@https://registry.npmjs.org/function-bind/-/function-bind-1.1.2.tgz 0ms (cache hit)
4277 http cache es-object-atoms@https://registry.npmjs.org/es-object-atoms/-/es-object-atoms-1.1.2.tgz 0ms (cache hit)
4278 http cache call-bind-apply-helpers@https://registry.npmjs.org/call-bind-apply-helpers/-/call-bind-apply-helpers-1.0.2.tgz 0ms (cache hit)
4279 http cache universalify@https://registry.npmjs.org/universalify/-/universalify-2.0.1.tgz 0ms (cache hit)
4280 http cache es-define-property@https://registry.npmjs.org/es-define-property/-/es-define-property-1.0.1.tgz 0ms (cache hit)
4281 http cache jsonfile@https://registry.npmjs.org/jsonfile/-/jsonfile-6.2.1.tgz 0ms (cache hit)
4282 http cache graceful-fs@https://registry.npmjs.org/graceful-fs/-/graceful-fs-4.2.11.tgz 0ms (cache hit)
4283 http cache has-tostringtag@https://registry.npmjs.org/has-tostringtag/-/has-tostringtag-1.0.2.tgz 0ms (cache hit)
4284 http cache dunder-proto@https://registry.npmjs.org/dunder-proto/-/dunder-proto-1.0.1.tgz 0ms (cache hit)
4285 http cache es-errors@https://registry.npmjs.org/es-errors/-/es-errors-1.3.0.tgz 0ms (cache hit)
4286 http cache get-intrinsic@https://registry.npmjs.org/get-intrinsic/-/get-intrinsic-1.3.0.tgz 0ms (cache hit)
4287 http cache hasown@https://registry.npmjs.org/hasown/-/hasown-2.0.4.tgz 0ms (cache hit)
4288 http cache es-set-tostringtag@https://registry.npmjs.org/es-set-tostringtag/-/es-set-tostringtag-2.1.0.tgz 0ms (cache hit)
4289 http cache combined-stream@https://registry.npmjs.org/combined-stream/-/combined-stream-1.0.8.tgz 0ms (cache hit)
4290 http cache asynckit@https://registry.npmjs.org/asynckit/-/asynckit-0.4.0.tgz 0ms (cache hit)
4291 http cache parse-json@https://registry.npmjs.org/parse-json/-/parse-json-5.2.0.tgz 0ms (cache hit)
4292 http cache path-type@https://registry.npmjs.org/path-type/-/path-type-4.0.0.tgz 0ms (cache hit)
4293 http cache picocolors@https://registry.npmjs.org/picocolors/-/picocolors-1.1.1.tgz 0ms (cache hit)
4294 http cache @babel/helper-validator-identifier@https://registry.npmjs.org/@babel/helper-validator-identifier/-/helper-validator-identifier-7.29.7.tgz 0ms (cache hit)
4295 http cache js-tokens@https://registry.npmjs.org/js-tokens/-/js-tokens-4.0.0.tgz 0ms (cache hit)
4296 http cache tapable@https://registry.npmjs.org/tapable/-/tapable-2.3.3.tgz 0ms (cache hit)
4297 http cache delayed-stream@https://registry.npmjs.org/delayed-stream/-/delayed-stream-1.0.0.tgz 0ms (cache hit)
4298 http cache semver@https://registry.npmjs.org/semver/-/semver-7.8.5.tgz 0ms (cache hit)
4299 http cache node-abort-controller@https://registry.npmjs.org/node-abort-controller/-/node-abort-controller-3.1.1.tgz 0ms (cache hit)
4300 http cache deepmerge@https://registry.npmjs.org/deepmerge/-/deepmerge-4.3.1.tgz 0ms (cache hit)
4301 http cache schema-utils@https://registry.npmjs.org/schema-utils/-/schema-utils-3.3.0.tgz 0ms (cache hit)
4302 http cache fs-extra@https://registry.npmjs.org/fs-extra/-/fs-extra-10.1.0.tgz 0ms (cache hit)
4303 http cache cosmiconfig@https://registry.npmjs.org/cosmiconfig/-/cosmiconfig-8.3.6.tgz 0ms (cache hit)
4304 http cache @babel/code-frame@https://registry.npmjs.org/@babel/code-frame/-/code-frame-7.29.7.tgz 0ms (cache hit)
4305 http cache memfs@https://registry.npmjs.org/memfs/-/memfs-3.5.3.tgz 0ms (cache hit)
4306 http cache keyv@https://registry.npmjs.org/keyv/-/keyv-4.5.4.tgz 0ms (cache hit)
4307 http cache flatted@https://registry.npmjs.org/flatted/-/flatted-3.4.2.tgz 0ms (cache hit)
4308 http cache path-exists@https://registry.npmjs.org/path-exists/-/path-exists-4.0.0.tgz 0ms (cache hit)
4309 http cache token-types@https://registry.npmjs.org/token-types/-/token-types-6.1.2.tgz 0ms (cache hit)
4310 http cache strtok3@https://registry.npmjs.org/strtok3/-/strtok3-10.3.5.tgz 0ms (cache hit)
4311 http cache uint8array-extras@https://registry.npmjs.org/uint8array-extras/-/uint8array-extras-1.5.0.tgz 0ms (cache hit)
4312 http cache @tokenizer/inflate@https://registry.npmjs.org/@tokenizer/inflate/-/inflate-0.4.1.tgz 0ms (cache hit)
4313 http cache flat-cache@https://registry.npmjs.org/flat-cache/-/flat-cache-4.0.1.tgz 0ms (cache hit)
4314 http cache raw-body@https://registry.npmjs.org/raw-body/-/raw-body-3.0.2.tgz 0ms (cache hit)
4315 http cache bytes@https://registry.npmjs.org/bytes/-/bytes-3.1.2.tgz 0ms (cache hit)
4316 http cache locate-path@https://registry.npmjs.org/locate-path/-/locate-path-6.0.0.tgz 0ms (cache hit)
4317 http cache negotiator@https://registry.npmjs.org/negotiator/-/negotiator-1.0.0.tgz 0ms (cache hit)
4318 http cache statuses@https://registry.npmjs.org/statuses/-/statuses-2.0.2.tgz 0ms (cache hit)
4319 http cache serve-static@https://registry.npmjs.org/serve-static/-/serve-static-2.2.1.tgz 0ms (cache hit)
4320 http cache send@https://registry.npmjs.org/send/-/send-1.2.1.tgz 0ms (cache hit)
4321 http cache router@https://registry.npmjs.org/router/-/router-2.2.0.tgz 0ms (cache hit)
4322 http cache range-parser@https://registry.npmjs.org/range-parser/-/range-parser-1.3.0.tgz 0ms (cache hit)
4323 http cache proxy-addr@https://registry.npmjs.org/proxy-addr/-/proxy-addr-2.0.7.tgz 0ms (cache hit)
4324 http cache parseurl@https://registry.npmjs.org/parseurl/-/parseurl-1.3.3.tgz 0ms (cache hit)
4325 http cache qs@https://registry.npmjs.org/qs/-/qs-6.15.3.tgz 0ms (cache hit)
4326 http cache once@https://registry.npmjs.org/once/-/once-1.4.0.tgz 0ms (cache hit)
4327 http cache on-finished@https://registry.npmjs.org/on-finished/-/on-finished-2.4.1.tgz 0ms (cache hit)
4328 http cache type-is@https://registry.npmjs.org/type-is/-/type-is-2.1.0.tgz 0ms (cache hit)
4329 http cache mime-types@https://registry.npmjs.org/mime-types/-/mime-types-3.0.2.tgz 0ms (cache hit)
4330 http cache merge-descriptors@https://registry.npmjs.org/merge-descriptors/-/merge-descriptors-2.0.0.tgz 0ms (cache hit)
4331 http cache http-errors@https://registry.npmjs.org/http-errors/-/http-errors-2.0.1.tgz 0ms (cache hit)
4332 http cache fresh@https://registry.npmjs.org/fresh/-/fresh-2.0.0.tgz 0ms (cache hit)
4333 http cache etag@https://registry.npmjs.org/etag/-/etag-1.8.1.tgz 0ms (cache hit)
4334 http cache finalhandler@https://registry.npmjs.org/finalhandler/-/finalhandler-2.1.1.tgz 0ms (cache hit)
4335 http cache encodeurl@https://registry.npmjs.org/encodeurl/-/encodeurl-2.0.0.tgz 0ms (cache hit)
4336 http cache escape-html@https://registry.npmjs.org/escape-html/-/escape-html-1.0.3.tgz 0ms (cache hit)
4337 http cache depd@https://registry.npmjs.org/depd/-/depd-2.0.0.tgz 0ms (cache hit)
4338 http cache cookie-signature@https://registry.npmjs.org/cookie-signature/-/cookie-signature-1.2.2.tgz 0ms (cache hit)
4339 http cache cookie@https://registry.npmjs.org/cookie/-/cookie-0.7.2.tgz 0ms (cache hit)
4340 http cache content-type@https://registry.npmjs.org/content-type/-/content-type-1.0.5.tgz 0ms (cache hit)
4341 http cache content-disposition@https://registry.npmjs.org/content-disposition/-/content-disposition-1.1.0.tgz 0ms (cache hit)
4342 http cache body-parser@https://registry.npmjs.org/body-parser/-/body-parser-2.3.0.tgz 0ms (cache hit)
4343 http cache accepts@https://registry.npmjs.org/accepts/-/accepts-2.0.0.tgz 0ms (cache hit)
4344 http cache jest-util@https://registry.npmjs.org/jest-util/-/jest-util-30.4.1.tgz 0ms (cache hit)
4345 http cache jest-mock@https://registry.npmjs.org/jest-mock/-/jest-mock-30.4.1.tgz 0ms (cache hit)
4346 http cache jest-message-util@https://registry.npmjs.org/jest-message-util/-/jest-message-util-30.4.1.tgz 0ms (cache hit)
4347 http cache jest-matcher-utils@https://registry.npmjs.org/jest-matcher-utils/-/jest-matcher-utils-30.4.1.tgz 0ms (cache hit)
4348 http cache @jest/get-type@https://registry.npmjs.org/@jest/get-type/-/get-type-30.1.0.tgz 0ms (cache hit)
4349 http cache @jest/expect-utils@https://registry.npmjs.org/@jest/expect-utils/-/expect-utils-30.4.1.tgz 0ms (cache hit)
4350 http cache acorn-jsx@https://registry.npmjs.org/acorn-jsx/-/acorn-jsx-5.3.2.tgz 0ms (cache hit)
4351 http cache acorn@https://registry.npmjs.org/acorn/-/acorn-8.17.0.tgz 0ms (cache hit)
4352 http cache estraverse@https://registry.npmjs.org/estraverse/-/estraverse-5.3.0.tgz 0ms (cache hit)
4353 http cache esrecurse@https://registry.npmjs.org/esrecurse/-/esrecurse-4.3.0.tgz 0ms (cache hit)
4354 http cache prettier-linter-helpers@https://registry.npmjs.org/prettier-linter-helpers/-/prettier-linter-helpers-1.0.1.tgz 0ms (cache hit)
4355 http cache synckit@https://registry.npmjs.org/synckit/-/synckit-0.11.13.tgz 0ms (cache hit)
4356 http cache which@https://registry.npmjs.org/which/-/which-2.0.2.tgz 0ms (cache hit)
4357 http cache shebang-command@https://registry.npmjs.org/shebang-command/-/shebang-command-2.0.0.tgz 0ms (cache hit)
4358 http cache color-name@https://registry.npmjs.org/color-name/-/color-name-1.1.4.tgz 0ms (cache hit)
4359 http cache path-key@https://registry.npmjs.org/path-key/-/path-key-3.1.1.tgz 1ms (cache hit)
4360 http cache color-convert@https://registry.npmjs.org/color-convert/-/color-convert-2.0.1.tgz 0ms (cache hit)
4361 http cache supports-color@https://registry.npmjs.org/supports-color/-/supports-color-7.2.0.tgz 0ms (cache hit)
4362 http cache ansi-styles@https://registry.npmjs.org/ansi-styles/-/ansi-styles-4.3.0.tgz 0ms (cache hit)
4363 http cache @humanfs/types@https://registry.npmjs.org/@humanfs/types/-/types-0.15.0.tgz 0ms (cache hit)
4364 http cache levn@https://registry.npmjs.org/levn/-/levn-0.4.1.tgz 0ms (cache hit)
4365 http cache @humanfs/core@https://registry.npmjs.org/@humanfs/core/-/core-0.19.2.tgz 0ms (cache hit)
4366 http cache @types/json-schema@https://registry.npmjs.org/@types/json-schema/-/json-schema-7.0.15.tgz 0ms (cache hit)
4367 http cache @eslint/object-schema@https://registry.npmjs.org/@eslint/object-schema/-/object-schema-2.1.7.tgz 0ms (cache hit)
4368 http cache optionator@https://registry.npmjs.org/optionator/-/optionator-0.9.4.tgz 0ms (cache hit)
4369 http cache lodash.merge@https://registry.npmjs.org/lodash.merge/-/lodash.merge-4.6.2.tgz 0ms (cache hit)
4370 http cache natural-compare@https://registry.npmjs.org/natural-compare/-/natural-compare-1.4.0.tgz 0ms (cache hit)
4371 http cache json-stable-stringify-without-jsonify@https://registry.npmjs.org/json-stable-stringify-without-jsonify/-/json-stable-stringify-without-jsonify-1.0.1.tgz 0ms (cache hit)
4372 http cache is-glob@https://registry.npmjs.org/is-glob/-/is-glob-4.0.3.tgz 0ms (cache hit)
4373 http cache imurmurhash@https://registry.npmjs.org/imurmurhash/-/imurmurhash-0.1.4.tgz 0ms (cache hit)
4374 http cache find-up@https://registry.npmjs.org/find-up/-/find-up-5.0.0.tgz 0ms (cache hit)
4375 http cache glob-parent@https://registry.npmjs.org/glob-parent/-/glob-parent-6.0.2.tgz 0ms (cache hit)
4376 http cache file-entry-cache@https://registry.npmjs.org/file-entry-cache/-/file-entry-cache-8.0.0.tgz 0ms (cache hit)
4377 http cache esutils@https://registry.npmjs.org/esutils/-/esutils-2.0.3.tgz 0ms (cache hit)
4378 http cache esquery@https://registry.npmjs.org/esquery/-/esquery-1.7.0.tgz 0ms (cache hit)
4379 http cache eslint-visitor-keys@https://registry.npmjs.org/eslint-visitor-keys/-/eslint-visitor-keys-4.2.1.tgz 0ms (cache hit)
4380 http cache eslint-scope@https://registry.npmjs.org/eslint-scope/-/eslint-scope-8.4.0.tgz 0ms (cache hit)
4381 http cache escape-string-regexp@https://registry.npmjs.org/escape-string-regexp/-/escape-string-regexp-4.0.0.tgz 0ms (cache hit)
4382 http cache cross-spawn@https://registry.npmjs.org/cross-spawn/-/cross-spawn-7.0.6.tgz 0ms (cache hit)
4383 http cache chalk@https://registry.npmjs.org/chalk/-/chalk-4.1.2.tgz 0ms (cache hit)
4384 http cache @types/estree@https://registry.npmjs.org/@types/estree/-/estree-1.0.9.tgz 0ms (cache hit)
4385 http cache @humanwhocodes/retry@https://registry.npmjs.org/@humanwhocodes/retry/-/retry-0.4.3.tgz 0ms (cache hit)
4386 http cache @humanwhocodes/module-importer@https://registry.npmjs.org/@humanwhocodes/module-importer/-/module-importer-1.0.1.tgz 0ms (cache hit)
4387 http cache @humanfs/node@https://registry.npmjs.org/@humanfs/node/-/node-0.16.8.tgz 0ms (cache hit)
4388 http cache @eslint/plugin-kit@https://registry.npmjs.org/@eslint/plugin-kit/-/plugin-kit-0.4.1.tgz 0ms (cache hit)
4389 http cache @eslint/core@https://registry.npmjs.org/@eslint/core/-/core-0.17.0.tgz 0ms (cache hit)
4390 http cache @eslint/config-helpers@https://registry.npmjs.org/@eslint/config-helpers/-/config-helpers-0.4.2.tgz 0ms (cache hit)
4391 http cache @eslint/config-array@https://registry.npmjs.org/@eslint/config-array/-/config-array-0.21.2.tgz 0ms (cache hit)
4392 http cache @eslint-community/regexpp@https://registry.npmjs.org/@eslint-community/regexpp/-/regexpp-4.12.2.tgz 0ms (cache hit)
4393 http cache @eslint-community/eslint-utils@https://registry.npmjs.org/@eslint-community/eslint-utils/-/eslint-utils-4.9.1.tgz 0ms (cache hit)
4394 http cache ms@https://registry.npmjs.org/ms/-/ms-2.1.3.tgz 0ms (cache hit)
4395 http cache vary@https://registry.npmjs.org/vary/-/vary-1.1.2.tgz 0ms (cache hit)
4396 http cache object-assign@https://registry.npmjs.org/object-assign/-/object-assign-4.1.1.tgz 0ms (cache hit)
4397 http cache esprima@https://registry.npmjs.org/esprima/-/esprima-4.0.1.tgz 0ms (cache hit)
4398 http cache array-timsort@https://registry.npmjs.org/array-timsort/-/array-timsort-1.0.3.tgz 0ms (cache hit)
4399 http cache string-width@https://registry.npmjs.org/string-width/-/string-width-4.2.3.tgz 0ms (cache hit)
4400 http cache @colors/colors@https://registry.npmjs.org/@colors/colors/-/colors-1.5.0.tgz 0ms (cache hit)
4401 http cache readdirp@https://registry.npmjs.org/readdirp/-/readdirp-4.1.2.tgz 0ms (cache hit)
4402 http cache uri-js@https://registry.npmjs.org/uri-js/-/uri-js-4.4.1.tgz 0ms (cache hit)
4403 http cache fast-deep-equal@https://registry.npmjs.org/fast-deep-equal/-/fast-deep-equal-3.1.3.tgz 0ms (cache hit)
4404 http cache form-data@https://registry.npmjs.org/form-data/-/form-data-4.0.6.tgz 0ms (cache hit)
4405 http cache @types/cookiejar@https://registry.npmjs.org/@types/cookiejar/-/cookiejar-2.1.5.tgz 0ms (cache hit)
4406 http cache @types/superagent@https://registry.npmjs.org/@types/superagent/-/superagent-8.1.11.tgz 0ms (cache hit)
4407 http cache fast-json-stable-stringify@https://registry.npmjs.org/fast-json-stable-stringify/-/fast-json-stable-stringify-2.1.0.tgz 0ms (cache hit)
4408 http cache @types/methods@https://registry.npmjs.org/@types/methods/-/methods-1.1.4.tgz 0ms (cache hit)
4409 http cache json-schema-traverse@https://registry.npmjs.org/json-schema-traverse/-/json-schema-traverse-0.4.1.tgz 0ms (cache hit)
4410 http cache @types/http-errors@https://registry.npmjs.org/@types/http-errors/-/http-errors-2.0.5.tgz 0ms (cache hit)
4411 http cache undici-types@https://registry.npmjs.org/undici-types/-/undici-types-7.18.2.tgz 0ms (cache hit)
4412 http cache pretty-format@https://registry.npmjs.org/pretty-format/-/pretty-format-30.4.1.tgz 0ms (cache hit)
4413 http cache expect@https://registry.npmjs.org/expect/-/expect-30.4.1.tgz 0ms (cache hit)
4414 http cache @types/send@https://registry.npmjs.org/@types/send/-/send-1.2.1.tgz 0ms (cache hit)
4415 http cache @types/range-parser@https://registry.npmjs.org/@types/range-parser/-/range-parser-1.2.7.tgz 0ms (cache hit)
4416 http cache @types/qs@https://registry.npmjs.org/@types/qs/-/qs-6.15.1.tgz 0ms (cache hit)
4417 http cache @types/connect@https://registry.npmjs.org/@types/connect/-/connect-3.4.38.tgz 0ms (cache hit)
4418 http cache @types/serve-static@https://registry.npmjs.org/@types/serve-static/-/serve-static-2.2.0.tgz 0ms (cache hit)
4419 http cache @types/express-serve-static-core@https://registry.npmjs.org/@types/express-serve-static-core/-/express-serve-static-core-5.1.2.tgz 0ms (cache hit)
4420 http cache @types/body-parser@https://registry.npmjs.org/@types/body-parser/-/body-parser-1.19.6.tgz 0ms (cache hit)
4421 http cache pluralize@https://registry.npmjs.org/pluralize/-/pluralize-8.0.0.tgz 0ms (cache hit)
4422 http cache comment-json@https://registry.npmjs.org/comment-json/-/comment-json-5.0.0.tgz 0ms (cache hit)
4423 http cache multer@https://registry.npmjs.org/multer/-/multer-2.2.0.tgz 0ms (cache hit)
4424 http cache express@https://registry.npmjs.org/express/-/express-5.2.1.tgz 0ms (cache hit)
4425 http cache cors@https://registry.npmjs.org/cors/-/cors-2.8.6.tgz 0ms (cache hit)
4426 http cache path-to-regexp@https://registry.npmjs.org/path-to-regexp/-/path-to-regexp-8.4.2.tgz 0ms (cache hit)
4427 http cache fast-safe-stringify@https://registry.npmjs.org/fast-safe-stringify/-/fast-safe-stringify-2.1.1.tgz 0ms (cache hit)
4428 http cache uid@https://registry.npmjs.org/uid/-/uid-2.0.2.tgz 0ms (cache hit)
4429 http cache tslib@https://registry.npmjs.org/tslib/-/tslib-2.8.1.tgz 0ms (cache hit)
4430 http cache load-esm@https://registry.npmjs.org/load-esm/-/load-esm-1.0.3.tgz 0ms (cache hit)
4431 http cache file-type@https://registry.npmjs.org/file-type/-/file-type-21.3.4.tgz 0ms (cache hit)
4432 http cache iterare@https://registry.npmjs.org/iterare/-/iterare-1.2.1.tgz 0ms (cache hit)
4433 http cache @inquirer/external-editor@https://registry.npmjs.org/@inquirer/external-editor/-/external-editor-1.0.3.tgz 0ms (cache hit)
4434 http cache iconv-lite@https://registry.npmjs.org/iconv-lite/-/iconv-lite-0.7.3.tgz 0ms (cache hit)
4435 http cache wrap-ansi@https://registry.npmjs.org/wrap-ansi/-/wrap-ansi-6.2.0.tgz 0ms (cache hit)
4436 http cache signal-exit@https://registry.npmjs.org/signal-exit/-/signal-exit-4.1.0.tgz 0ms (cache hit)
4437 http cache mute-stream@https://registry.npmjs.org/mute-stream/-/mute-stream-2.0.0.tgz 0ms (cache hit)
4438 http cache cli-width@https://registry.npmjs.org/cli-width/-/cli-width-4.1.0.tgz 0ms (cache hit)
4439 http cache yoctocolors-cjs@https://registry.npmjs.org/yoctocolors-cjs/-/yoctocolors-cjs-2.1.3.tgz 0ms (cache hit)
4440 http cache chardet@https://registry.npmjs.org/chardet/-/chardet-2.2.0.tgz 0ms (cache hit)
4441 http cache @inquirer/type@https://registry.npmjs.org/@inquirer/type/-/type-3.0.10.tgz 0ms (cache hit)
4442 http cache @inquirer/figures@https://registry.npmjs.org/@inquirer/figures/-/figures-1.0.15.tgz 0ms (cache hit)
4443 http cache @inquirer/core@https://registry.npmjs.org/@inquirer/core/-/core-10.3.2.tgz 0ms (cache hit)
4444 http cache @inquirer/select@https://registry.npmjs.org/@inquirer/select/-/select-4.4.2.tgz 0ms (cache hit)
4445 http cache @inquirer/password@https://registry.npmjs.org/@inquirer/password/-/password-4.0.23.tgz 0ms (cache hit)
4446 http cache @inquirer/input@https://registry.npmjs.org/@inquirer/input/-/input-4.3.1.tgz 0ms (cache hit)
4447 http cache @inquirer/rawlist@https://registry.npmjs.org/@inquirer/rawlist/-/rawlist-4.1.11.tgz 0ms (cache hit)
4448 http cache @inquirer/expand@https://registry.npmjs.org/@inquirer/expand/-/expand-4.0.23.tgz 0ms (cache hit)
4449 http cache @inquirer/search@https://registry.npmjs.org/@inquirer/search/-/search-3.2.2.tgz 0ms (cache hit)
4450 http cache @inquirer/number@https://registry.npmjs.org/@inquirer/number/-/number-3.0.23.tgz 0ms (cache hit)
4451 http cache @inquirer/ansi@https://registry.npmjs.org/@inquirer/ansi/-/ansi-1.0.2.tgz 0ms (cache hit)
4452 http cache @inquirer/editor@https://registry.npmjs.org/@inquirer/editor/-/editor-4.2.23.tgz 0ms (cache hit)
4453 http cache @inquirer/confirm@https://registry.npmjs.org/@inquirer/confirm/-/confirm-5.1.21.tgz 0ms (cache hit)
4454 http cache @inquirer/checkbox@https://registry.npmjs.org/@inquirer/checkbox/-/checkbox-4.3.2.tgz 0ms (cache hit)
4455 http cache symbol-observable@https://registry.npmjs.org/symbol-observable/-/symbol-observable-4.0.0.tgz 0ms (cache hit)
4456 http cache ansi-colors@https://registry.npmjs.org/ansi-colors/-/ansi-colors-4.1.3.tgz 0ms (cache hit)
4457 http cache magic-string@https://registry.npmjs.org/magic-string/-/magic-string-0.30.17.tgz 0ms (cache hit)
4458 http cache jsonc-parser@https://registry.npmjs.org/jsonc-parser/-/jsonc-parser-3.3.1.tgz 0ms (cache hit)
4459 http cache yargs-parser@https://registry.npmjs.org/yargs-parser/-/yargs-parser-21.1.1.tgz 0ms (cache hit)
4460 http cache ajv-formats@https://registry.npmjs.org/ajv-formats/-/ajv-formats-3.0.1.tgz 0ms (cache hit)
4461 http cache webpack-node-externals@https://registry.npmjs.org/webpack-node-externals/-/webpack-node-externals-3.0.0.tgz 0ms (cache hit)
4462 http cache tsconfig-paths-webpack-plugin@https://registry.npmjs.org/tsconfig-paths-webpack-plugin/-/tsconfig-paths-webpack-plugin-4.2.0.tgz 0ms (cache hit)
4463 http cache ora@https://registry.npmjs.org/ora/-/ora-5.4.1.tgz 0ms (cache hit)
4464 http cache picomatch@https://registry.npmjs.org/picomatch/-/picomatch-4.0.4.tgz 0ms (cache hit)
4465 http cache glob@https://registry.npmjs.org/glob/-/glob-13.0.6.tgz 0ms (cache hit)
4466 http cache source-map@https://registry.npmjs.org/source-map/-/source-map-0.7.4.tgz 0ms (cache hit)
4467 http cache fork-ts-checker-webpack-plugin@https://registry.npmjs.org/fork-ts-checker-webpack-plugin/-/fork-ts-checker-webpack-plugin-9.1.0.tgz 0ms (cache hit)
4468 http cache commander@https://registry.npmjs.org/commander/-/commander-4.1.1.tgz 0ms (cache hit)
4469 http cache cli-table3@https://registry.npmjs.org/cli-table3/-/cli-table3-0.6.5.tgz 0ms (cache hit)
4470 http cache ansis@https://registry.npmjs.org/ansis/-/ansis-4.2.0.tgz 0ms (cache hit)
4471 http cache @inquirer/prompts@https://registry.npmjs.org/@inquirer/prompts/-/prompts-7.10.1.tgz 0ms (cache hit)
4472 http cache @angular-devkit/schematics-cli@https://registry.npmjs.org/@angular-devkit/schematics-cli/-/schematics-cli-19.2.27.tgz 0ms (cache hit)
4473 http cache node-emoji@https://registry.npmjs.org/node-emoji/-/node-emoji-1.11.0.tgz 0ms (cache hit)
4474 http cache @angular-devkit/schematics@https://registry.npmjs.org/@angular-devkit/schematics/-/schematics-19.2.27.tgz 0ms (cache hit)
4475 http cache @angular-devkit/core@https://registry.npmjs.org/@angular-devkit/core/-/core-19.2.27.tgz 0ms (cache hit)
4476 http cache minimatch@https://registry.npmjs.org/minimatch/-/minimatch-3.1.5.tgz 0ms (cache hit)
4477 http cache chokidar@https://registry.npmjs.org/chokidar/-/chokidar-4.0.3.tgz 0ms (cache hit)
4478 http cache strip-json-comments@https://registry.npmjs.org/strip-json-comments/-/strip-json-comments-3.1.1.tgz 0ms (cache hit)
4479 http cache js-yaml@https://registry.npmjs.org/js-yaml/-/js-yaml-4.3.0.tgz 0ms (cache hit)
4480 http cache import-fresh@https://registry.npmjs.org/import-fresh/-/import-fresh-3.3.1.tgz 0ms (cache hit)
4481 http cache ignore@https://registry.npmjs.org/ignore/-/ignore-5.3.2.tgz 0ms (cache hit)
4482 http cache debug@https://registry.npmjs.org/debug/-/debug-4.4.3.tgz 0ms (cache hit)
4483 http cache espree@https://registry.npmjs.org/espree/-/espree-10.4.0.tgz 0ms (cache hit)
4484 http cache typescript-eslint@https://registry.npmjs.org/typescript-eslint/-/typescript-eslint-8.64.0.tgz 0ms (cache hit)
4485 http cache tsconfig-paths@https://registry.npmjs.org/tsconfig-paths/-/tsconfig-paths-4.2.0.tgz 0ms (cache hit)
4486 http cache ajv@https://registry.npmjs.org/ajv/-/ajv-6.15.0.tgz 0ms (cache hit)
4487 http cache ts-node@https://registry.npmjs.org/ts-node/-/ts-node-10.9.2.tgz 0ms (cache hit)
4488 http cache ts-loader@https://registry.npmjs.org/ts-loader/-/ts-loader-9.6.2.tgz 0ms (cache hit)
4489 http cache supertest@https://registry.npmjs.org/supertest/-/supertest-7.2.2.tgz 0ms (cache hit)
4490 http cache ts-jest@https://registry.npmjs.org/ts-jest/-/ts-jest-29.4.11.tgz 0ms (cache hit)
4491 http cache jest@https://registry.npmjs.org/jest/-/jest-30.4.2.tgz 0ms (cache hit)
4492 http cache source-map-support@https://registry.npmjs.org/source-map-support/-/source-map-support-0.5.21.tgz 0ms (cache hit)
4493 http cache webpack@https://registry.npmjs.org/webpack/-/webpack-5.108.4.tgz 0ms (cache hit)
4494 http cache eslint-plugin-prettier@https://registry.npmjs.org/eslint-plugin-prettier/-/eslint-plugin-prettier-5.5.6.tgz 0ms (cache hit)
4495 http cache prettier@https://registry.npmjs.org/prettier/-/prettier-3.9.5.tgz 0ms (cache hit)
4496 http cache eslint-config-prettier@https://registry.npmjs.org/eslint-config-prettier/-/eslint-config-prettier-10.1.8.tgz 0ms (cache hit)
4497 http cache @types/supertest@https://registry.npmjs.org/@types/supertest/-/supertest-7.2.1.tgz 0ms (cache hit)
4498 http cache @types/node@https://registry.npmjs.org/@types/node/-/node-24.13.3.tgz 0ms (cache hit)
4499 http cache @types/jest@https://registry.npmjs.org/@types/jest/-/jest-30.0.0.tgz 0ms (cache hit)
4500 http cache eslint@https://registry.npmjs.org/eslint/-/eslint-9.39.5.tgz 0ms (cache hit)
4501 http cache @nestjs/testing@https://registry.npmjs.org/@nestjs/testing/-/testing-11.1.28.tgz 0ms (cache hit)
4502 http cache @types/express@https://registry.npmjs.org/@types/express/-/express-5.0.6.tgz 0ms (cache hit)
4503 http cache @nestjs/schematics@https://registry.npmjs.org/@nestjs/schematics/-/schematics-11.1.0.tgz 0ms (cache hit)
4504 http cache typescript@https://registry.npmjs.org/typescript/-/typescript-5.9.3.tgz 0ms (cache hit)
4505 http cache @nestjs/platform-express@https://registry.npmjs.org/@nestjs/platform-express/-/platform-express-11.1.28.tgz 0ms (cache hit)
4506 http cache globals@https://registry.npmjs.org/globals/-/globals-17.7.0.tgz 0ms (cache hit)
4507 http cache @nestjs/core@https://registry.npmjs.org/@nestjs/core/-/core-11.1.28.tgz 0ms (cache hit)
4508 http cache rxjs@https://registry.npmjs.org/rxjs/-/rxjs-7.8.2.tgz 0ms (cache hit)
4509 http cache reflect-metadata@https://registry.npmjs.org/reflect-metadata/-/reflect-metadata-0.2.2.tgz 0ms (cache hit)
4510 http cache @nestjs/common@https://registry.npmjs.org/@nestjs/common/-/common-11.1.28.tgz 0ms (cache hit)
4511 http cache @nestjs/cli@https://registry.npmjs.org/@nestjs/cli/-/cli-11.0.24.tgz 0ms (cache hit)
4512 http cache @eslint/js@https://registry.npmjs.org/@eslint/js/-/js-9.39.5.tgz 0ms (cache hit)
4513 http cache ajv-keywords@https://registry.npmjs.org/ajv-keywords/-/ajv-keywords-5.1.0.tgz 0ms (cache hit)
4514 http cache json-schema-traverse@https://registry.npmjs.org/json-schema-traverse/-/json-schema-traverse-1.0.0.tgz 0ms (cache hit)
4515 http cache jest-worker@https://registry.npmjs.org/jest-worker/-/jest-worker-27.5.1.tgz 0ms (cache hit)
4516 http cache ansi-styles@https://registry.npmjs.org/ansi-styles/-/ansi-styles-6.2.3.tgz 0ms (cache hit)
4517 http cache @eslint/eslintrc@https://registry.npmjs.org/@eslint/eslintrc/-/eslintrc-3.3.6.tgz 0ms (cache hit)
4518 http cache schema-utils@https://registry.npmjs.org/schema-utils/-/schema-utils-4.3.3.tgz 0ms (cache hit)
4519 http cache supports-color@https://registry.npmjs.org/supports-color/-/supports-color-8.1.1.tgz 0ms (cache hit)
4520 http cache ansi-regex@https://registry.npmjs.org/ansi-regex/-/ansi-regex-6.2.2.tgz 0ms (cache hit)
4521 http cache emoji-regex@https://registry.npmjs.org/emoji-regex/-/emoji-regex-9.2.2.tgz 0ms (cache hit)
4522 http cache wrap-ansi@https://registry.npmjs.org/wrap-ansi/-/wrap-ansi-8.1.0.tgz 0ms (cache hit)
4523 http cache ajv-formats@https://registry.npmjs.org/ajv-formats/-/ajv-formats-2.1.1.tgz 0ms (cache hit)
4524 http cache strip-ansi@https://registry.npmjs.org/strip-ansi/-/strip-ansi-7.2.0.tgz 0ms (cache hit)
4525 http cache wrap-ansi@https://registry.npmjs.org/wrap-ansi/-/wrap-ansi-7.0.0.tgz 0ms (cache hit)
4526 http cache ajv@https://registry.npmjs.org/ajv/-/ajv-8.20.0.tgz 0ms (cache hit)
4527 http cache string-width@https://registry.npmjs.org/string-width/-/string-width-5.1.2.tgz 0ms (cache hit)
4528 http cache commander@https://registry.npmjs.org/commander/-/commander-2.20.3.tgz 0ms (cache hit)
4529 http cache json-schema-traverse@https://registry.npmjs.org/json-schema-traverse/-/json-schema-traverse-1.0.0.tgz 0ms (cache hit)
4530 http cache ajv-keywords@https://registry.npmjs.org/ajv-keywords/-/ajv-keywords-5.1.0.tgz 0ms (cache hit)
4531 http cache ajv-formats@https://registry.npmjs.org/ajv-formats/-/ajv-formats-2.1.1.tgz 0ms (cache hit)
4532 http cache ajv@https://registry.npmjs.org/ajv/-/ajv-8.20.0.tgz 0ms (cache hit)
4533 http cache supports-color@https://registry.npmjs.org/supports-color/-/supports-color-8.1.1.tgz 0ms (cache hit)
4534 http cache jest-worker@https://registry.npmjs.org/jest-worker/-/jest-worker-27.5.1.tgz 0ms (cache hit)
4535 http cache schema-utils@https://registry.npmjs.org/schema-utils/-/schema-utils-4.3.3.tgz 0ms (cache hit)
4536 http cache balanced-match@https://registry.npmjs.org/balanced-match/-/balanced-match-4.0.4.tgz 0ms (cache hit)
4537 http cache eslint-visitor-keys@https://registry.npmjs.org/eslint-visitor-keys/-/eslint-visitor-keys-5.0.1.tgz 0ms (cache hit)
4538 http cache brace-expansion@https://registry.npmjs.org/brace-expansion/-/brace-expansion-5.0.7.tgz 0ms (cache hit)
4539 http cache @jridgewell/trace-mapping@https://registry.npmjs.org/@jridgewell/trace-mapping/-/trace-mapping-0.3.9.tgz 0ms (cache hit)
4540 http cache source-map@https://registry.npmjs.org/source-map/-/source-map-0.6.1.tgz 0ms (cache hit)
4541 http cache ignore@https://registry.npmjs.org/ignore/-/ignore-7.0.6.tgz 0ms (cache hit)
4542 http cache signal-exit@https://registry.npmjs.org/signal-exit/-/signal-exit-3.0.7.tgz 0ms (cache hit)
4543 http cache escape-string-regexp@https://registry.npmjs.org/escape-string-regexp/-/escape-string-regexp-2.0.0.tgz 0ms (cache hit)
4544 http cache minimatch@https://registry.npmjs.org/minimatch/-/minimatch-10.2.5.tgz 0ms (cache hit)
4545 http cache signal-exit@https://registry.npmjs.org/signal-exit/-/signal-exit-3.0.7.tgz 0ms (cache hit)
4546 http cache picomatch@https://registry.npmjs.org/picomatch/-/picomatch-2.3.2.tgz 0ms (cache hit)
4547 http cache resolve-from@https://registry.npmjs.org/resolve-from/-/resolve-from-5.0.0.tgz 0ms (cache hit)
4548 http cache p-limit@https://registry.npmjs.org/p-limit/-/p-limit-2.3.0.tgz 0ms (cache hit)
4549 http cache p-locate@https://registry.npmjs.org/p-locate/-/p-locate-4.1.0.tgz 0ms (cache hit)
4550 http cache find-up@https://registry.npmjs.org/find-up/-/find-up-4.1.0.tgz 0ms (cache hit)
4551 http cache locate-path@https://registry.npmjs.org/locate-path/-/locate-path-5.0.0.tgz 0ms (cache hit)
4552 http cache glob@https://registry.npmjs.org/glob/-/glob-7.2.3.tgz 0ms (cache hit)
4553 http cache p-limit@https://registry.npmjs.org/p-limit/-/p-limit-2.3.0.tgz 0ms (cache hit)
4554 http cache p-locate@https://registry.npmjs.org/p-locate/-/p-locate-4.1.0.tgz 0ms (cache hit)
4555 http cache argparse@https://registry.npmjs.org/argparse/-/argparse-1.0.10.tgz 0ms (cache hit)
4556 http cache resolve-from@https://registry.npmjs.org/resolve-from/-/resolve-from-5.0.0.tgz 0ms (cache hit)
4557 http cache js-yaml@https://registry.npmjs.org/js-yaml/-/js-yaml-3.15.0.tgz 0ms (cache hit)
4558 http cache find-up@https://registry.npmjs.org/find-up/-/find-up-4.1.0.tgz 0ms (cache hit)
4559 http cache semver@https://registry.npmjs.org/semver/-/semver-6.3.1.tgz 0ms (cache hit)
4560 http cache semver@https://registry.npmjs.org/semver/-/semver-6.3.1.tgz 0ms (cache hit)
4561 http cache supports-color@https://registry.npmjs.org/supports-color/-/supports-color-8.1.1.tgz 0ms (cache hit)
4562 http cache camelcase@https://registry.npmjs.org/camelcase/-/camelcase-6.3.0.tgz 0ms (cache hit)
4563 http cache locate-path@https://registry.npmjs.org/locate-path/-/locate-path-5.0.0.tgz 0ms (cache hit)
4564 http cache brace-expansion@https://registry.npmjs.org/brace-expansion/-/brace-expansion-2.1.2.tgz 0ms (cache hit)
4565 http cache path-scurry@https://registry.npmjs.org/path-scurry/-/path-scurry-1.11.1.tgz 0ms (cache hit)
4566 http cache glob@https://registry.npmjs.org/glob/-/glob-10.5.0.tgz 0ms (cache hit)
4567 http cache source-map@https://registry.npmjs.org/source-map/-/source-map-0.6.1.tgz 0ms (cache hit)
4568 http cache source-map-support@https://registry.npmjs.org/source-map-support/-/source-map-support-0.5.13.tgz 0ms (cache hit)
4569 http cache lru-cache@https://registry.npmjs.org/lru-cache/-/lru-cache-10.4.3.tgz 0ms (cache hit)
4570 http cache lru-cache@https://registry.npmjs.org/lru-cache/-/lru-cache-10.4.3.tgz 0ms (cache hit)
4571 http cache glob@https://registry.npmjs.org/glob/-/glob-10.5.0.tgz 0ms (cache hit)
4572 http cache minimatch@https://registry.npmjs.org/minimatch/-/minimatch-9.0.9.tgz 0ms (cache hit)
4573 http cache brace-expansion@https://registry.npmjs.org/brace-expansion/-/brace-expansion-2.1.2.tgz 0ms (cache hit)
4574 http cache minimatch@https://registry.npmjs.org/minimatch/-/minimatch-9.0.9.tgz 0ms (cache hit)
4575 http cache path-scurry@https://registry.npmjs.org/path-scurry/-/path-scurry-1.11.1.tgz 0ms (cache hit)
4576 http cache brace-expansion@https://registry.npmjs.org/brace-expansion/-/brace-expansion-2.1.2.tgz 0ms (cache hit)
4577 http cache minimatch@https://registry.npmjs.org/minimatch/-/minimatch-9.0.9.tgz 0ms (cache hit)
4578 http cache lru-cache@https://registry.npmjs.org/lru-cache/-/lru-cache-10.4.3.tgz 0ms (cache hit)
4579 http cache lru-cache@https://registry.npmjs.org/lru-cache/-/lru-cache-11.5.2.tgz 0ms (cache hit)
4580 http cache glob@https://registry.npmjs.org/glob/-/glob-10.5.0.tgz 0ms (cache hit)
4581 http cache path-scurry@https://registry.npmjs.org/path-scurry/-/path-scurry-1.11.1.tgz 0ms (cache hit)
4582 http cache mime-types@https://registry.npmjs.org/mime-types/-/mime-types-2.1.35.tgz 0ms (cache hit)
4583 http cache content-type@https://registry.npmjs.org/content-type/-/content-type-2.0.0.tgz 0ms (cache hit)
4584 http cache content-type@https://registry.npmjs.org/content-type/-/content-type-2.0.0.tgz 0ms (cache hit)
4585 http cache ansi-styles@https://registry.npmjs.org/ansi-styles/-/ansi-styles-5.2.0.tgz 0ms (cache hit)
4586 http cache mime-db@https://registry.npmjs.org/mime-db/-/mime-db-1.52.0.tgz 0ms (cache hit)
4587 http cache mime-db@https://registry.npmjs.org/mime-db/-/mime-db-1.52.0.tgz 0ms (cache hit)
4588 http cache type-is@https://registry.npmjs.org/type-is/-/type-is-1.6.18.tgz 0ms (cache hit)
4589 http cache ajv@https://registry.npmjs.org/ajv/-/ajv-8.20.0.tgz 0ms (cache hit)
4590 http cache media-typer@https://registry.npmjs.org/media-typer/-/media-typer-0.3.0.tgz 0ms (cache hit)
4591 http cache mime-types@https://registry.npmjs.org/mime-types/-/mime-types-2.1.35.tgz 0ms (cache hit)
4592 http cache eslint-visitor-keys@https://registry.npmjs.org/eslint-visitor-keys/-/eslint-visitor-keys-3.4.3.tgz 0ms (cache hit)
4593 http cache json-schema-traverse@https://registry.npmjs.org/json-schema-traverse/-/json-schema-traverse-1.0.0.tgz 0ms (cache hit)
4594 http cache brace-expansion@https://registry.npmjs.org/brace-expansion/-/brace-expansion-5.0.7.tgz 0ms (cache hit)
4595 http cache json-schema-traverse@https://registry.npmjs.org/json-schema-traverse/-/json-schema-traverse-1.0.0.tgz 0ms (cache hit)
4596 http cache rxjs@https://registry.npmjs.org/rxjs/-/rxjs-7.8.1.tgz 0ms (cache hit)
4597 http cache @inquirer/prompts@https://registry.npmjs.org/@inquirer/prompts/-/prompts-7.3.2.tgz 0ms (cache hit)
4598 http cache rxjs@https://registry.npmjs.org/rxjs/-/rxjs-7.8.1.tgz 0ms (cache hit)
4599 http cache minimatch@https://registry.npmjs.org/minimatch/-/minimatch-10.2.5.tgz 0ms (cache hit)
4600 http cache ajv@https://registry.npmjs.org/ajv/-/ajv-8.18.0.tgz 0ms (cache hit)
4601 http cache json-schema-traverse@https://registry.npmjs.org/json-schema-traverse/-/json-schema-traverse-1.0.0.tgz 0ms (cache hit)
4602 http cache balanced-match@https://registry.npmjs.org/balanced-match/-/balanced-match-4.0.4.tgz 0ms (cache hit)
4603 http cache strip-bom@https://registry.npmjs.org/strip-bom/-/strip-bom-3.0.0.tgz 0ms (cache hit)
4604 http cache ajv-formats@https://registry.npmjs.org/ajv-formats/-/ajv-formats-2.1.1.tgz 0ms (cache hit)
4605 http cache estraverse@https://registry.npmjs.org/estraverse/-/estraverse-4.3.0.tgz 0ms (cache hit)
4606 http cache ajv-keywords@https://registry.npmjs.org/ajv-keywords/-/ajv-keywords-5.1.0.tgz 0ms (cache hit)
4607 http cache schema-utils@https://registry.npmjs.org/schema-utils/-/schema-utils-4.3.3.tgz 0ms (cache hit)
4608 http cache ajv@https://registry.npmjs.org/ajv/-/ajv-8.20.0.tgz 0ms (cache hit)
4609 http cache type-fest@https://registry.npmjs.org/type-fest/-/type-fest-4.41.0.tgz 0ms (cache hit)
4610 http cache source-map@https://registry.npmjs.org/source-map/-/source-map-0.6.1.tgz 0ms (cache hit)
4611 http cache json-schema-traverse@https://registry.npmjs.org/json-schema-traverse/-/json-schema-traverse-1.0.0.tgz 0ms (cache hit)
4612 http cache eslint-scope@https://registry.npmjs.org/eslint-scope/-/eslint-scope-5.1.1.tgz 0ms (cache hit)
4613 http cache rxjs@https://registry.npmjs.org/rxjs/-/rxjs-7.8.1.tgz 0ms (cache hit)
4614 http cache ajv@https://registry.npmjs.org/ajv/-/ajv-8.18.0.tgz 0ms (cache hit)
4615 http cache @angular-devkit/schematics@https://registry.npmjs.org/@angular-devkit/schematics/-/schematics-19.2.24.tgz 0ms (cache hit)
4616 http cache ajv-keywords@https://registry.npmjs.org/ajv-keywords/-/ajv-keywords-5.1.0.tgz 0ms (cache hit)
4617 http cache @angular-devkit/core@https://registry.npmjs.org/@angular-devkit/core/-/core-19.2.24.tgz 0ms (cache hit)
4618 http cache ajv-formats@https://registry.npmjs.org/ajv-formats/-/ajv-formats-2.1.1.tgz 0ms (cache hit)
4619 http cache ajv@https://registry.npmjs.org/ajv/-/ajv-8.20.0.tgz 0ms (cache hit)
4620 http cache schema-utils@https://registry.npmjs.org/schema-utils/-/schema-utils-4.3.3.tgz 0ms (cache hit)
4621 http cache estraverse@https://registry.npmjs.org/estraverse/-/estraverse-4.3.0.tgz 0ms (cache hit)
4622 http cache json-schema-traverse@https://registry.npmjs.org/json-schema-traverse/-/json-schema-traverse-1.0.0.tgz 0ms (cache hit)
4623 http cache eslint-scope@https://registry.npmjs.org/eslint-scope/-/eslint-scope-5.1.1.tgz 0ms (cache hit)
4624 http cache globals@https://registry.npmjs.org/globals/-/globals-14.0.0.tgz 0ms (cache hit)
4625 http cache webpack@https://registry.npmjs.org/webpack/-/webpack-5.106.2.tgz 0ms (cache hit)
4626 silly tarball no local data for path-is-absolute@https://registry.npmjs.org/path-is-absolute/-/path-is-absolute-1.0.1.tgz. Extracting by manifest.
4627 silly tarball no local data for inflight@https://registry.npmjs.org/inflight/-/inflight-1.0.6.tgz. Extracting by manifest.
4628 silly tarball no local data for fs.realpath@https://registry.npmjs.org/fs.realpath/-/fs.realpath-1.0.0.tgz. Extracting by manifest.
4629 silly tarball no local data for @types/eslint@https://registry.npmjs.org/@types/eslint/-/eslint-9.6.1.tgz. Extracting by manifest.
4630 silly tarball no local data for terser-webpack-plugin@https://registry.npmjs.org/terser-webpack-plugin/-/terser-webpack-plugin-5.6.1.tgz. Extracting by manifest.
4631 silly tarball no local data for @types/eslint-scope@https://registry.npmjs.org/@types/eslint-scope/-/eslint-scope-3.7.7.tgz. Extracting by manifest.
4632 silly tarball no local data for glob-to-regexp@https://registry.npmjs.org/glob-to-regexp/-/glob-to-regexp-0.4.1.tgz. Extracting by manifest.
4633 silly tarball no local data for eastasianwidth@https://registry.npmjs.org/eastasianwidth/-/eastasianwidth-0.2.0.tgz. Extracting by manifest.
4634 silly tarball no local data for wrap-ansi-cjs@https://registry.npmjs.org/wrap-ansi/-/wrap-ansi-7.0.0.tgz. Extracting by manifest.
4635 silly tarball no local data for strip-ansi-cjs@https://registry.npmjs.org/strip-ansi/-/strip-ansi-6.0.1.tgz. Extracting by manifest.
4636 silly tarball no local data for @pkgjs/parseargs@https://registry.npmjs.org/@pkgjs/parseargs/-/parseargs-0.11.0.tgz. Extracting by manifest.
4637 silly tarball no local data for string-width-cjs@https://registry.npmjs.org/string-width/-/string-width-4.2.3.tgz. Extracting by manifest.
4638 silly tarball no local data for package-json-from-dist@https://registry.npmjs.org/package-json-from-dist/-/package-json-from-dist-1.0.1.tgz. Extracting by manifest.
4639 silly tarball no local data for jackspeak@https://registry.npmjs.org/jackspeak/-/jackspeak-3.4.3.tgz. Extracting by manifest.
4640 silly tarball no local data for @isaacs/cliui@https://registry.npmjs.org/@isaacs/cliui/-/cliui-8.0.2.tgz. Extracting by manifest.
4641 silly tarball no local data for foreground-child@https://registry.npmjs.org/foreground-child/-/foreground-child-3.3.1.tgz. Extracting by manifest.
4642 silly tarball no local data for sprintf-js@https://registry.npmjs.org/sprintf-js/-/sprintf-js-1.0.3.tgz. Extracting by manifest.
4643 silly tarball no local data for require-from-string@https://registry.npmjs.org/require-from-string/-/require-from-string-2.0.2.tgz. Extracting by manifest.
4644 silly tarball no local data for fast-uri@https://registry.npmjs.org/fast-uri/-/fast-uri-3.1.3.tgz. Extracting by manifest.
4645 silly tarball no local data for y18n@https://registry.npmjs.org/y18n/-/y18n-5.0.8.tgz. Extracting by manifest.
4646 silly tarball no local data for p-try@https://registry.npmjs.org/p-try/-/p-try-2.2.0.tgz. Extracting by manifest.
4647 silly tarball no local data for require-directory@https://registry.npmjs.org/require-directory/-/require-directory-2.1.1.tgz. Extracting by manifest.
4648 silly tarball no local data for cliui@https://registry.npmjs.org/cliui/-/cliui-8.0.1.tgz. Extracting by manifest.
4649 silly tarball no local data for isexe@https://registry.npmjs.org/isexe/-/isexe-2.0.0.tgz. Extracting by manifest.
4650 silly tarball no local data for @jridgewell/source-map@https://registry.npmjs.org/@jridgewell/source-map/-/source-map-0.3.11.tgz. Extracting by manifest.
4651 silly tarball no local data for terser@https://registry.npmjs.org/terser/-/terser-5.49.0.tgz. Extracting by manifest.
4652 silly tarball no local data for get-caller-file@https://registry.npmjs.org/get-caller-file/-/get-caller-file-2.0.5.tgz. Extracting by manifest.
4653 silly tarball no local data for @xtuc/ieee754@https://registry.npmjs.org/@xtuc/ieee754/-/ieee754-1.2.0.tgz. Extracting by manifest.
4654 silly tarball no local data for @webassemblyjs/utf8@https://registry.npmjs.org/@webassemblyjs/utf8/-/utf8-1.13.2.tgz. Extracting by manifest.
4655 silly tarball no local data for @webassemblyjs/leb128@https://registry.npmjs.org/@webassemblyjs/leb128/-/leb128-1.13.2.tgz. Extracting by manifest.
4656 silly tarball no local data for @webassemblyjs/ieee754@https://registry.npmjs.org/@webassemblyjs/ieee754/-/ieee754-1.13.2.tgz. Extracting by manifest.
4657 silly tarball no local data for @webassemblyjs/wast-printer@https://registry.npmjs.org/@webassemblyjs/wast-printer/-/wast-printer-1.14.1.tgz. Extracting by manifest.
4658 silly tarball no local data for @webassemblyjs/wasm-opt@https://registry.npmjs.org/@webassemblyjs/wasm-opt/-/wasm-opt-1.14.1.tgz. Extracting by manifest.
4659 silly tarball no local data for @webassemblyjs/wasm-gen@https://registry.npmjs.org/@webassemblyjs/wasm-gen/-/wasm-gen-1.14.1.tgz. Extracting by manifest.
4660 silly tarball no local data for @xtuc/long@https://registry.npmjs.org/@xtuc/long/-/long-4.2.2.tgz. Extracting by manifest.
4661 silly tarball no local data for @webassemblyjs/helper-buffer@https://registry.npmjs.org/@webassemblyjs/helper-buffer/-/helper-buffer-1.14.1.tgz. Extracting by manifest.
4662 silly tarball no local data for @webassemblyjs/helper-wasm-section@https://registry.npmjs.org/@webassemblyjs/helper-wasm-section/-/helper-wasm-section-1.14.1.tgz. Extracting by manifest.
4663 silly tarball no local data for @webassemblyjs/floating-point-hex-parser@https://registry.npmjs.org/@webassemblyjs/floating-point-hex-parser/-/floating-point-hex-parser-1.13.2.tgz. Extracting by manifest.
4664 silly tarball no local data for @webassemblyjs/helper-wasm-bytecode@https://registry.npmjs.org/@webassemblyjs/helper-wasm-bytecode/-/helper-wasm-bytecode-1.13.2.tgz. Extracting by manifest.
4665 silly tarball no local data for @webassemblyjs/helper-api-error@https://registry.npmjs.org/@webassemblyjs/helper-api-error/-/helper-api-error-1.13.2.tgz. Extracting by manifest.
4666 silly tarball no local data for @webassemblyjs/helper-numbers@https://registry.npmjs.org/@webassemblyjs/helper-numbers/-/helper-numbers-1.13.2.tgz. Extracting by manifest.
4667 silly tarball no local data for webpack-sources@https://registry.npmjs.org/webpack-sources/-/webpack-sources-3.5.1.tgz. Extracting by manifest.
4668 silly tarball no local data for watchpack@https://registry.npmjs.org/watchpack/-/watchpack-2.5.2.tgz. Extracting by manifest.
4669 silly tarball no local data for minimizer-webpack-plugin@https://registry.npmjs.org/minimizer-webpack-plugin/-/minimizer-webpack-plugin-5.6.1.tgz. Extracting by manifest.
4670 silly tarball no local data for events@https://registry.npmjs.org/events/-/events-3.3.0.tgz. Extracting by manifest.
4671 silly tarball no local data for es-module-lexer@https://registry.npmjs.org/es-module-lexer/-/es-module-lexer-2.3.1.tgz. Extracting by manifest.
4672 silly tarball no local data for chrome-trace-event@https://registry.npmjs.org/chrome-trace-event/-/chrome-trace-event-1.0.4.tgz. Extracting by manifest.
4673 silly tarball no local data for loader-runner@https://registry.npmjs.org/loader-runner/-/loader-runner-4.3.2.tgz. Extracting by manifest.
4674 silly tarball no local data for acorn-import-phases@https://registry.npmjs.org/acorn-import-phases/-/acorn-import-phases-1.0.4.tgz. Extracting by manifest.
4675 silly tarball no local data for @webassemblyjs/wasm-parser@https://registry.npmjs.org/@webassemblyjs/wasm-parser/-/wasm-parser-1.14.1.tgz. Extracting by manifest.
4676 silly tarball no local data for @webassemblyjs/wasm-edit@https://registry.npmjs.org/@webassemblyjs/wasm-edit/-/wasm-edit-1.14.1.tgz. Extracting by manifest.
4677 silly tarball no local data for clone@https://registry.npmjs.org/clone/-/clone-1.0.4.tgz. Extracting by manifest.
4678 silly tarball no local data for defaults@https://registry.npmjs.org/defaults/-/defaults-1.0.4.tgz. Extracting by manifest.
4679 silly tarball no local data for @webassemblyjs/ast@https://registry.npmjs.org/@webassemblyjs/ast/-/ast-1.14.1.tgz. Extracting by manifest.
4680 silly tarball no local data for tmpl@https://registry.npmjs.org/tmpl/-/tmpl-1.0.5.tgz. Extracting by manifest.
4681 silly tarball no local data for makeerror@https://registry.npmjs.org/makeerror/-/makeerror-1.0.12.tgz. Extracting by manifest.
4682 silly tarball no local data for punycode@https://registry.npmjs.org/punycode/-/punycode-2.3.1.tgz. Extracting by manifest.
4683 silly tarball no local data for escalade@https://registry.npmjs.org/escalade/-/escalade-3.2.0.tgz. Extracting by manifest.
4684 silly tarball no local data for @unrs/resolver-binding-darwin-arm64@https://registry.npmjs.org/@unrs/resolver-binding-darwin-arm64/-/resolver-binding-darwin-arm64-1.12.2.tgz. Extracting by manifest.
4685 silly tarball no local data for fdir@https://registry.npmjs.org/fdir/-/fdir-6.5.0.tgz. Extracting by manifest.
4686 silly tarball no local data for @lukeed/csprng@https://registry.npmjs.org/@lukeed/csprng/-/csprng-1.1.0.tgz. Extracting by manifest.
4687 silly tarball no local data for @typescript-eslint/tsconfig-utils@https://registry.npmjs.org/@typescript-eslint/tsconfig-utils/-/tsconfig-utils-8.64.0.tgz. Extracting by manifest.
4688 silly tarball no local data for tinyglobby@https://registry.npmjs.org/tinyglobby/-/tinyglobby-0.2.17.tgz. Extracting by manifest.
4689 silly tarball no local data for napi-postinstall@https://registry.npmjs.org/napi-postinstall/-/napi-postinstall-0.3.4.tgz. Extracting by manifest.
4690 silly tarball no local data for @typescript-eslint/types@https://registry.npmjs.org/@typescript-eslint/types/-/types-8.64.0.tgz. Extracting by manifest.
4691 silly tarball no local data for @typescript-eslint/visitor-keys@https://registry.npmjs.org/@typescript-eslint/visitor-keys/-/visitor-keys-8.64.0.tgz. Extracting by manifest.
4692 silly tarball no local data for @typescript-eslint/project-service@https://registry.npmjs.org/@typescript-eslint/project-service/-/project-service-8.64.0.tgz. Extracting by manifest.
4693 silly tarball no local data for @typescript-eslint/scope-manager@https://registry.npmjs.org/@typescript-eslint/scope-manager/-/scope-manager-8.64.0.tgz. Extracting by manifest.
4694 silly tarball no local data for ts-api-utils@https://registry.npmjs.org/ts-api-utils/-/ts-api-utils-2.5.0.tgz. Extracting by manifest.
4695 silly tarball no local data for @typescript-eslint/type-utils@https://registry.npmjs.org/@typescript-eslint/type-utils/-/type-utils-8.64.0.tgz. Extracting by manifest.
4696 silly tarball no local data for @typescript-eslint/typescript-estree@https://registry.npmjs.org/@typescript-eslint/typescript-estree/-/typescript-estree-8.64.0.tgz. Extracting by manifest.
4697 silly tarball no local data for @typescript-eslint/parser@https://registry.npmjs.org/@typescript-eslint/parser/-/parser-8.64.0.tgz. Extracting by manifest.
4698 silly tarball no local data for @typescript-eslint/utils@https://registry.npmjs.org/@typescript-eslint/utils/-/utils-8.64.0.tgz. Extracting by manifest.
4699 silly tarball no local data for enhanced-resolve@https://registry.npmjs.org/enhanced-resolve/-/enhanced-resolve-5.24.2.tgz. Extracting by manifest.
4700 silly tarball no local data for media-typer@https://registry.npmjs.org/media-typer/-/media-typer-1.1.0.tgz. Extracting by manifest.
4701 silly tarball no local data for v8-compile-cache-lib@https://registry.npmjs.org/v8-compile-cache-lib/-/v8-compile-cache-lib-3.0.1.tgz. Extracting by manifest.
4702 silly tarball no local data for @typescript-eslint/eslint-plugin@https://registry.npmjs.org/@typescript-eslint/eslint-plugin/-/eslint-plugin-8.64.0.tgz. Extracting by manifest.
4703 silly tarball no local data for arg@https://registry.npmjs.org/arg/-/arg-4.1.3.tgz. Extracting by manifest.
4704 silly tarball no local data for @tsconfig/node16@https://registry.npmjs.org/@tsconfig/node16/-/node16-1.0.4.tgz. Extracting by manifest.
4705 silly tarball no local data for @tsconfig/node14@https://registry.npmjs.org/@tsconfig/node14/-/node14-1.0.3.tgz. Extracting by manifest.
4706 silly tarball no local data for diff@https://registry.npmjs.org/diff/-/diff-4.0.4.tgz. Extracting by manifest.
4707 silly tarball no local data for acorn-walk@https://registry.npmjs.org/acorn-walk/-/acorn-walk-8.3.5.tgz. Extracting by manifest.
4708 silly tarball no local data for @tsconfig/node12@https://registry.npmjs.org/@tsconfig/node12/-/node12-1.0.11.tgz. Extracting by manifest.
4709 silly tarball no local data for create-require@https://registry.npmjs.org/create-require/-/create-require-1.1.1.tgz. Extracting by manifest.
4710 silly tarball no local data for @tsconfig/node10@https://registry.npmjs.org/@tsconfig/node10/-/node10-1.0.12.tgz. Extracting by manifest.
4711 silly tarball no local data for @cspotcode/source-map-support@https://registry.npmjs.org/@cspotcode/source-map-support/-/source-map-support-0.8.1.tgz. Extracting by manifest.
4712 silly tarball no local data for uglify-js@https://registry.npmjs.org/uglify-js/-/uglify-js-3.19.3.tgz. Extracting by manifest.
4713 silly tarball no local data for neo-async@https://registry.npmjs.org/neo-async/-/neo-async-2.6.2.tgz. Extracting by manifest.
4714 silly tarball no local data for wordwrap@https://registry.npmjs.org/wordwrap/-/wordwrap-1.0.0.tgz. Extracting by manifest.
4715 silly tarball no local data for make-error@https://registry.npmjs.org/make-error/-/make-error-1.3.6.tgz. Extracting by manifest.
4716 silly tarball no local data for lodash.memoize@https://registry.npmjs.org/lodash.memoize/-/lodash.memoize-4.1.2.tgz. Extracting by manifest.
4717 silly tarball no local data for minimist@https://registry.npmjs.org/minimist/-/minimist-1.2.8.tgz. Extracting by manifest.
4718 silly tarball no local data for @borewit/text-codec@https://registry.npmjs.org/@borewit/text-codec/-/text-codec-0.2.2.tgz. Extracting by manifest.
4719 silly tarball no local data for @pkgr/core@https://registry.npmjs.org/@pkgr/core/-/core-0.3.6.tgz. Extracting by manifest.
4720 silly tarball no local data for handlebars@https://registry.npmjs.org/handlebars/-/handlebars-4.7.9.tgz. Extracting by manifest.
4721 silly tarball no local data for bs-logger@https://registry.npmjs.org/bs-logger/-/bs-logger-0.2.6.tgz. Extracting by manifest.
4722 silly tarball no local data for has-flag@https://registry.npmjs.org/has-flag/-/has-flag-4.0.0.tgz. Extracting by manifest.
4723 silly tarball no local data for @noble/hashes@https://registry.npmjs.org/@noble/hashes/-/hashes-1.8.0.tgz. Extracting by manifest.
4724 silly tarball no local data for asap@https://registry.npmjs.org/asap/-/asap-2.0.6.tgz. Extracting by manifest.
4725 silly tarball no local data for @paralleldrive/cuid2@https://registry.npmjs.org/@paralleldrive/cuid2/-/cuid2-2.3.1.tgz. Extracting by manifest.
4726 silly tarball no local data for dezalgo@https://registry.npmjs.org/dezalgo/-/dezalgo-1.0.4.tgz. Extracting by manifest.
4727 silly tarball no local data for formidable@https://registry.npmjs.org/formidable/-/formidable-3.5.4.tgz. Extracting by manifest.
4728 silly tarball no local data for cookiejar@https://registry.npmjs.org/cookiejar/-/cookiejar-2.1.4.tgz. Extracting by manifest.
4729 silly tarball no local data for mime@https://registry.npmjs.org/mime/-/mime-2.6.0.tgz. Extracting by manifest.
4730 silly tarball no local data for component-emitter@https://registry.npmjs.org/component-emitter/-/component-emitter-1.3.1.tgz. Extracting by manifest.
4731 silly tarball no local data for superagent@https://registry.npmjs.org/superagent/-/superagent-10.3.0.tgz. Extracting by manifest.
4732 silly tarball no local data for methods@https://registry.npmjs.org/methods/-/methods-1.1.2.tgz. Extracting by manifest.
4733 silly tarball no local data for @tokenizer/token@https://registry.npmjs.org/@tokenizer/token/-/token-0.3.0.tgz. Extracting by manifest.
4734 silly tarball no local data for ansi-regex@https://registry.npmjs.org/ansi-regex/-/ansi-regex-5.0.1.tgz. Extracting by manifest.
4735 silly tarball no local data for is-fullwidth-code-point@https://registry.npmjs.org/is-fullwidth-code-point/-/is-fullwidth-code-point-3.0.0.tgz. Extracting by manifest.
4736 silly tarball no local data for char-regex@https://registry.npmjs.org/char-regex/-/char-regex-1.0.2.tgz. Extracting by manifest.
4737 silly tarball no local data for emoji-regex@https://registry.npmjs.org/emoji-regex/-/emoji-regex-8.0.0.tgz. Extracting by manifest.
4738 silly tarball no local data for safe-buffer@https://registry.npmjs.org/safe-buffer/-/safe-buffer-5.2.1.tgz. Extracting by manifest.
4739 silly tarball no local data for call-bound@https://registry.npmjs.org/call-bound/-/call-bound-1.0.4.tgz. Extracting by manifest.
4740 silly tarball no local data for side-channel-weakmap@https://registry.npmjs.org/side-channel-weakmap/-/side-channel-weakmap-1.0.2.tgz. Extracting by manifest.
4741 silly tarball no local data for side-channel-map@https://registry.npmjs.org/side-channel-map/-/side-channel-map-1.0.1.tgz. Extracting by manifest.
4742 silly tarball no local data for object-inspect@https://registry.npmjs.org/object-inspect/-/object-inspect-1.13.4.tgz. Extracting by manifest.
4743 silly tarball no local data for side-channel-list@https://registry.npmjs.org/side-channel-list/-/side-channel-list-1.0.1.tgz. Extracting by manifest.
4744 silly tarball no local data for ajv-keywords@https://registry.npmjs.org/ajv-keywords/-/ajv-keywords-3.5.2.tgz. Extracting by manifest.
4745 silly tarball no local data for shebang-regex@https://registry.npmjs.org/shebang-regex/-/shebang-regex-3.0.0.tgz. Extracting by manifest.
4746 silly tarball no local data for util-deprecate@https://registry.npmjs.org/util-deprecate/-/util-deprecate-1.0.2.tgz. Extracting by manifest.
4747 silly tarball no local data for string_decoder@https://registry.npmjs.org/string_decoder/-/string_decoder-1.3.0.tgz. Extracting by manifest.
4748 silly tarball no local data for unpipe@https://registry.npmjs.org/unpipe/-/unpipe-1.0.0.tgz. Extracting by manifest.
4749 silly tarball no local data for side-channel@https://registry.npmjs.org/side-channel/-/side-channel-1.1.1.tgz. Extracting by manifest.
4750 silly tarball no local data for is-promise@https://registry.npmjs.org/is-promise/-/is-promise-4.0.0.tgz. Extracting by manifest.
4751 silly tarball no local data for ipaddr.js@https://registry.npmjs.org/ipaddr.js/-/ipaddr.js-1.9.1.tgz. Extracting by manifest.
4752 silly tarball no local data for forwarded@https://registry.npmjs.org/forwarded/-/forwarded-0.2.0.tgz. Extracting by manifest.
4753 silly tarball no local data for yn@https://registry.npmjs.org/yn/-/yn-3.1.1.tgz. Extracting by manifest.
4754 silly tarball no local data for react-is-19@https://registry.npmjs.org/react-is/-/react-is-19.2.7.tgz. Extracting by manifest.
4755 silly tarball no local data for react-is-18@https://registry.npmjs.org/react-is/-/react-is-18.3.1.tgz. Extracting by manifest.
4756 silly tarball no local data for fast-diff@https://registry.npmjs.org/fast-diff/-/fast-diff-1.3.0.tgz. Extracting by manifest.
4757 silly tarball no local data for lines-and-columns@https://registry.npmjs.org/lines-and-columns/-/lines-and-columns-1.2.4.tgz. Extracting by manifest.
4758 silly tarball no local data for json-parse-even-better-errors@https://registry.npmjs.org/json-parse-even-better-errors/-/json-parse-even-better-errors-2.3.1.tgz. Extracting by manifest.
4759 silly tarball no local data for error-ex@https://registry.npmjs.org/error-ex/-/error-ex-1.3.4.tgz. Extracting by manifest.
4760 silly tarball no local data for restore-cursor@https://registry.npmjs.org/restore-cursor/-/restore-cursor-3.1.0.tgz. Extracting by manifest.
4761 silly tarball no local data for yocto-queue@https://registry.npmjs.org/yocto-queue/-/yocto-queue-0.1.0.tgz. Extracting by manifest.
4762 silly tarball no local data for ieee754@https://registry.npmjs.org/ieee754/-/ieee754-1.2.1.tgz. Extracting by manifest.
4763 silly tarball no local data for is-arrayish@https://registry.npmjs.org/is-arrayish/-/is-arrayish-0.2.1.tgz. Extracting by manifest.
4764 silly tarball no local data for base64-js@https://registry.npmjs.org/base64-js/-/base64-js-1.5.1.tgz. Extracting by manifest.
4765 silly tarball no local data for buffer@https://registry.npmjs.org/buffer/-/buffer-5.7.1.tgz. Extracting by manifest.
4766 silly tarball no local data for wcwidth@https://registry.npmjs.org/wcwidth/-/wcwidth-1.0.1.tgz. Extracting by manifest.
4767 silly tarball no local data for is-unicode-supported@https://registry.npmjs.org/is-unicode-supported/-/is-unicode-supported-0.1.0.tgz. Extracting by manifest.
4768 silly tarball no local data for is-interactive@https://registry.npmjs.org/is-interactive/-/is-interactive-1.0.0.tgz. Extracting by manifest.
4769 silly tarball no local data for log-symbols@https://registry.npmjs.org/log-symbols/-/log-symbols-4.1.0.tgz. Extracting by manifest.
4770 silly tarball no local data for cli-cursor@https://registry.npmjs.org/cli-cursor/-/cli-cursor-3.1.0.tgz. Extracting by manifest.
4771 silly tarball no local data for cli-spinners@https://registry.npmjs.org/cli-spinners/-/cli-spinners-2.9.2.tgz. Extracting by manifest.
4772 silly tarball no local data for bl@https://registry.npmjs.org/bl/-/bl-4.1.0.tgz. Extracting by manifest.
4773 silly tarball no local data for word-wrap@https://registry.npmjs.org/word-wrap/-/word-wrap-1.2.5.tgz. Extracting by manifest.
4774 silly tarball no local data for strip-ansi@https://registry.npmjs.org/strip-ansi/-/strip-ansi-6.0.1.tgz. Extracting by manifest.
4775 silly tarball no local data for fast-levenshtein@https://registry.npmjs.org/fast-levenshtein/-/fast-levenshtein-2.0.6.tgz. Extracting by manifest.
4776 silly tarball no local data for deep-is@https://registry.npmjs.org/deep-is/-/deep-is-0.1.4.tgz. Extracting by manifest.
4777 silly tarball no local data for wrappy@https://registry.npmjs.org/wrappy/-/wrappy-1.0.2.tgz. Extracting by manifest.
4778 silly tarball no local data for ee-first@https://registry.npmjs.org/ee-first/-/ee-first-1.1.1.tgz. Extracting by manifest.
4779 silly tarball no local data for lodash@https://registry.npmjs.org/lodash/-/lodash-4.18.1.tgz. Extracting by manifest.
4780 silly tarball no local data for typedarray@https://registry.npmjs.org/typedarray/-/typedarray-0.0.6.tgz. Extracting by manifest.
4781 silly tarball no local data for readable-stream@https://registry.npmjs.org/readable-stream/-/readable-stream-3.6.2.tgz. Extracting by manifest.
4782 silly tarball no local data for buffer-from@https://registry.npmjs.org/buffer-from/-/buffer-from-1.1.2.tgz. Extracting by manifest.
4783 silly tarball no local data for concat-stream@https://registry.npmjs.org/concat-stream/-/concat-stream-2.0.0.tgz. Extracting by manifest.
4784 silly tarball no local data for streamsearch@https://registry.npmjs.org/streamsearch/-/streamsearch-1.1.0.tgz. Extracting by manifest.
4785 silly tarball no local data for busboy@https://registry.npmjs.org/busboy/-/busboy-1.6.0.tgz. Extracting by manifest.
4786 silly tarball no local data for append-field@https://registry.npmjs.org/append-field/-/append-field-1.0.0.tgz. Extracting by manifest.
4787 silly tarball no local data for concat-map@https://registry.npmjs.org/concat-map/-/concat-map-0.0.1.tgz. Extracting by manifest.
4788 silly tarball no local data for balanced-match@https://registry.npmjs.org/balanced-match/-/balanced-match-1.0.2.tgz. Extracting by manifest.
4789 silly tarball no local data for mimic-fn@https://registry.npmjs.org/mimic-fn/-/mimic-fn-2.1.0.tgz. Extracting by manifest.
4790 silly tarball no local data for brace-expansion@https://registry.npmjs.org/brace-expansion/-/brace-expansion-1.1.16.tgz. Extracting by manifest.
4791 silly tarball no local data for mime-db@https://registry.npmjs.org/mime-db/-/mime-db-1.54.0.tgz. Extracting by manifest.
4792 silly tarball no local data for fs-monkey@https://registry.npmjs.org/fs-monkey/-/fs-monkey-1.1.0.tgz. Extracting by manifest.
4793 silly tarball no local data for p-locate@https://registry.npmjs.org/p-locate/-/p-locate-5.0.0.tgz. Extracting by manifest.
4794 silly tarball no local data for yallist@https://registry.npmjs.org/yallist/-/yallist-3.1.1.tgz. Extracting by manifest.
4795 silly tarball no local data for type-check@https://registry.npmjs.org/type-check/-/type-check-0.4.0.tgz. Extracting by manifest.
4796 silly tarball no local data for prelude-ls@https://registry.npmjs.org/prelude-ls/-/prelude-ls-1.2.1.tgz. Extracting by manifest.
4797 silly tarball no local data for json-buffer@https://registry.npmjs.org/json-buffer/-/json-buffer-3.0.1.tgz. Extracting by manifest.
4798 silly tarball no local data for argparse@https://registry.npmjs.org/argparse/-/argparse-2.0.1.tgz. Extracting by manifest.
4799 silly tarball no local data for leven@https://registry.npmjs.org/leven/-/leven-3.1.0.tgz. Extracting by manifest.
4800 silly tarball no local data for @ungap/structured-clone@https://registry.npmjs.org/@ungap/structured-clone/-/structured-clone-1.3.3.tgz. Extracting by manifest.
4801 silly tarball no local data for @jest/snapshot-utils@https://registry.npmjs.org/@jest/snapshot-utils/-/snapshot-utils-30.4.1.tgz. Extracting by manifest.
4802 silly tarball no local data for @babel/plugin-syntax-typescript@https://registry.npmjs.org/@babel/plugin-syntax-typescript/-/plugin-syntax-typescript-7.29.7.tgz. Extracting by manifest.
4803 silly tarball no local data for callsites@https://registry.npmjs.org/callsites/-/callsites-3.1.0.tgz. Extracting by manifest.
4804 silly tarball no local data for strip-bom@https://registry.npmjs.org/strip-bom/-/strip-bom-4.0.0.tgz. Extracting by manifest.
4805 silly tarball no local data for @babel/plugin-syntax-jsx@https://registry.npmjs.org/@babel/plugin-syntax-jsx/-/plugin-syntax-jsx-7.29.7.tgz. Extracting by manifest.
4806 silly tarball no local data for cjs-module-lexer@https://registry.npmjs.org/cjs-module-lexer/-/cjs-module-lexer-2.2.0.tgz. Extracting by manifest.
4807 silly tarball no local data for @jest/source-map@https://registry.npmjs.org/@jest/source-map/-/source-map-30.0.1.tgz. Extracting by manifest.
4808 silly tarball no local data for jest-leak-detector@https://registry.npmjs.org/jest-leak-detector/-/jest-leak-detector-30.4.1.tgz. Extracting by manifest.
4809 silly tarball no local data for emittery@https://registry.npmjs.org/emittery/-/emittery-0.13.1.tgz. Extracting by manifest.
4810 silly tarball no local data for @jest/globals@https://registry.npmjs.org/@jest/globals/-/globals-30.4.1.tgz. Extracting by manifest.
4811 silly tarball no local data for unrs-resolver@https://registry.npmjs.org/unrs-resolver/-/unrs-resolver-1.12.2.tgz. Extracting by manifest.
4812 silly tarball no local data for @types/stack-utils@https://registry.npmjs.org/@types/stack-utils/-/stack-utils-2.0.3.tgz. Extracting by manifest.
4813 silly tarball no local data for @jest/diff-sequences@https://registry.npmjs.org/@jest/diff-sequences/-/diff-sequences-30.4.0.tgz. Extracting by manifest.
4814 silly tarball no local data for jest-diff@https://registry.npmjs.org/jest-diff/-/jest-diff-30.4.1.tgz. Extracting by manifest.
4815 silly tarball no local data for node-int64@https://registry.npmjs.org/node-int64/-/node-int64-0.4.0.tgz. Extracting by manifest.
4816 silly tarball no local data for jest-pnp-resolver@https://registry.npmjs.org/jest-pnp-resolver/-/jest-pnp-resolver-1.2.3.tgz. Extracting by manifest.
4817 silly tarball no local data for normalize-path@https://registry.npmjs.org/normalize-path/-/normalize-path-3.0.0.tgz. Extracting by manifest.
4818 silly tarball no local data for bser@https://registry.npmjs.org/bser/-/bser-2.1.1.tgz. Extracting by manifest.
4819 silly tarball no local data for walker@https://registry.npmjs.org/walker/-/walker-1.0.8.tgz. Extracting by manifest.
4820 silly tarball no local data for fsevents@https://registry.npmjs.org/fsevents/-/fsevents-2.3.3.tgz. Extracting by manifest.
4821 silly tarball no local data for fb-watchman@https://registry.npmjs.org/fb-watchman/-/fb-watchman-2.0.2.tgz. Extracting by manifest.
4822 silly tarball no local data for anymatch@https://registry.npmjs.org/anymatch/-/anymatch-3.1.3.tgz. Extracting by manifest.
4823 silly tarball no local data for detect-newline@https://registry.npmjs.org/detect-newline/-/detect-newline-3.1.0.tgz. Extracting by manifest.
4824 silly tarball no local data for @sinonjs/commons@https://registry.npmjs.org/@sinonjs/commons/-/commons-3.0.1.tgz. Extracting by manifest.
4825 silly tarball no local data for @jest/fake-timers@https://registry.npmjs.org/@jest/fake-timers/-/fake-timers-30.4.1.tgz. Extracting by manifest.
4826 silly tarball no local data for type-detect@https://registry.npmjs.org/type-detect/-/type-detect-4.0.8.tgz. Extracting by manifest.
4827 silly tarball no local data for stack-utils@https://registry.npmjs.org/stack-utils/-/stack-utils-2.0.6.tgz. Extracting by manifest.
4828 silly tarball no local data for pure-rand@https://registry.npmjs.org/pure-rand/-/pure-rand-7.0.1.tgz. Extracting by manifest.
4829 silly tarball no local data for jest-each@https://registry.npmjs.org/jest-each/-/jest-each-30.4.1.tgz. Extracting by manifest.
4830 silly tarball no local data for @sinonjs/fake-timers@https://registry.npmjs.org/@sinonjs/fake-timers/-/fake-timers-15.4.0.tgz. Extracting by manifest.
4831 silly tarball no local data for is-generator-fn@https://registry.npmjs.org/is-generator-fn/-/is-generator-fn-2.1.0.tgz. Extracting by manifest.
4832 silly tarball no local data for dedent@https://registry.npmjs.org/dedent/-/dedent-1.7.2.tgz. Extracting by manifest.
4833 silly tarball no local data for co@https://registry.npmjs.org/co/-/co-4.6.0.tgz. Extracting by manifest.
4834 silly tarball no local data for @jest/environment@https://registry.npmjs.org/@jest/environment/-/environment-30.4.1.tgz. Extracting by manifest.
4835 silly tarball no local data for @babel/plugin-syntax-top-level-await@https://registry.npmjs.org/@babel/plugin-syntax-top-level-await/-/plugin-syntax-top-level-await-7.14.5.tgz. Extracting by manifest.
4836 silly tarball no local data for @babel/plugin-syntax-private-property-in-object@https://registry.npmjs.org/@babel/plugin-syntax-private-property-in-object/-/plugin-syntax-private-property-in-object-7.14.5.tgz. Extracting by manifest.
4837 silly tarball no local data for @babel/plugin-syntax-optional-chaining@https://registry.npmjs.org/@babel/plugin-syntax-optional-chaining/-/plugin-syntax-optional-chaining-7.8.3.tgz. Extracting by manifest.
4838 silly tarball no local data for @babel/plugin-syntax-optional-catch-binding@https://registry.npmjs.org/@babel/plugin-syntax-optional-catch-binding/-/plugin-syntax-optional-catch-binding-7.8.3.tgz. Extracting by manifest.
4839 silly tarball no local data for @babel/plugin-syntax-object-rest-spread@https://registry.npmjs.org/@babel/plugin-syntax-object-rest-spread/-/plugin-syntax-object-rest-spread-7.8.3.tgz. Extracting by manifest.
4840 silly tarball no local data for @babel/plugin-syntax-numeric-separator@https://registry.npmjs.org/@babel/plugin-syntax-numeric-separator/-/plugin-syntax-numeric-separator-7.10.4.tgz. Extracting by manifest.
4841 silly tarball no local data for @jest/expect@https://registry.npmjs.org/@jest/expect/-/expect-30.4.1.tgz. Extracting by manifest.
4842 silly tarball no local data for @babel/plugin-syntax-nullish-coalescing-operator@https://registry.npmjs.org/@babel/plugin-syntax-nullish-coalescing-operator/-/plugin-syntax-nullish-coalescing-operator-7.8.3.tgz. Extracting by manifest.
4843 silly tarball no local data for @babel/plugin-syntax-logical-assignment-operators@https://registry.npmjs.org/@babel/plugin-syntax-logical-assignment-operators/-/plugin-syntax-logical-assignment-operators-7.10.4.tgz. Extracting by manifest.
4844 silly tarball no local data for @babel/plugin-syntax-json-strings@https://registry.npmjs.org/@babel/plugin-syntax-json-strings/-/plugin-syntax-json-strings-7.8.3.tgz. Extracting by manifest.
4845 silly tarball no local data for @babel/plugin-syntax-import-meta@https://registry.npmjs.org/@babel/plugin-syntax-import-meta/-/plugin-syntax-import-meta-7.10.4.tgz. Extracting by manifest.
4846 silly tarball no local data for @babel/plugin-syntax-import-attributes@https://registry.npmjs.org/@babel/plugin-syntax-import-attributes/-/plugin-syntax-import-attributes-7.29.7.tgz. Extracting by manifest.
4847 silly tarball no local data for @babel/plugin-syntax-class-static-block@https://registry.npmjs.org/@babel/plugin-syntax-class-static-block/-/plugin-syntax-class-static-block-7.14.5.tgz. Extracting by manifest.
4848 silly tarball no local data for @babel/plugin-syntax-class-properties@https://registry.npmjs.org/@babel/plugin-syntax-class-properties/-/plugin-syntax-class-properties-7.12.13.tgz. Extracting by manifest.
4849 silly tarball no local data for @babel/plugin-syntax-bigint@https://registry.npmjs.org/@babel/plugin-syntax-bigint/-/plugin-syntax-bigint-7.8.3.tgz. Extracting by manifest.
4850 silly tarball no local data for @babel/plugin-syntax-async-generators@https://registry.npmjs.org/@babel/plugin-syntax-async-generators/-/plugin-syntax-async-generators-7.8.4.tgz. Extracting by manifest.
4851 silly tarball no local data for babel-preset-current-node-syntax@https://registry.npmjs.org/babel-preset-current-node-syntax/-/babel-preset-current-node-syntax-1.2.0.tgz. Extracting by manifest.
4852 silly tarball no local data for babel-plugin-jest-hoist@https://registry.npmjs.org/babel-plugin-jest-hoist/-/babel-plugin-jest-hoist-30.4.0.tgz. Extracting by manifest.
4853 silly tarball no local data for @types/babel__traverse@https://registry.npmjs.org/@types/babel__traverse/-/babel__traverse-7.28.0.tgz. Extracting by manifest.
4854 silly tarball no local data for @types/babel__template@https://registry.npmjs.org/@types/babel__template/-/babel__template-7.4.4.tgz. Extracting by manifest.
4855 silly tarball no local data for @types/babel__generator@https://registry.npmjs.org/@types/babel__generator/-/babel__generator-7.27.0.tgz. Extracting by manifest.
4856 silly tarball no local data for babel-preset-jest@https://registry.npmjs.org/babel-preset-jest/-/babel-preset-jest-30.4.0.tgz. Extracting by manifest.
4857 silly tarball no local data for @types/babel__core@https://registry.npmjs.org/@types/babel__core/-/babel__core-7.20.5.tgz. Extracting by manifest.
4858 silly tarball no local data for jest-environment-node@https://registry.npmjs.org/jest-environment-node/-/jest-environment-node-30.4.1.tgz. Extracting by manifest.
4859 silly tarball no local data for jest-docblock@https://registry.npmjs.org/jest-docblock/-/jest-docblock-30.4.0.tgz. Extracting by manifest.
4860 silly tarball no local data for jest-circus@https://registry.npmjs.org/jest-circus/-/jest-circus-30.4.2.tgz. Extracting by manifest.
4861 silly tarball no local data for babel-jest@https://registry.npmjs.org/babel-jest/-/babel-jest-30.4.1.tgz. Extracting by manifest.
4862 silly tarball no local data for @jest/test-sequencer@https://registry.npmjs.org/@jest/test-sequencer/-/test-sequencer-30.4.1.tgz. Extracting by manifest.
4863 silly tarball no local data for yargs@https://registry.npmjs.org/yargs/-/yargs-17.7.3.tgz. Extracting by manifest.
4864 silly tarball no local data for strip-final-newline@https://registry.npmjs.org/strip-final-newline/-/strip-final-newline-2.0.0.tgz. Extracting by manifest.
4865 silly tarball no local data for onetime@https://registry.npmjs.org/onetime/-/onetime-5.1.2.tgz. Extracting by manifest.
4866 silly tarball no local data for npm-run-path@https://registry.npmjs.org/npm-run-path/-/npm-run-path-4.0.1.tgz. Extracting by manifest.
4867 silly tarball no local data for merge-stream@https://registry.npmjs.org/merge-stream/-/merge-stream-2.0.0.tgz. Extracting by manifest.
4868 silly tarball no local data for is-stream@https://registry.npmjs.org/is-stream/-/is-stream-2.0.1.tgz. Extracting by manifest.
4869 silly tarball no local data for human-signals@https://registry.npmjs.org/human-signals/-/human-signals-2.1.0.tgz. Extracting by manifest.
4870 silly tarball no local data for p-limit@https://registry.npmjs.org/p-limit/-/p-limit-3.1.0.tgz. Extracting by manifest.
4871 silly tarball no local data for get-stream@https://registry.npmjs.org/get-stream/-/get-stream-6.0.1.tgz. Extracting by manifest.
4872 silly tarball no local data for execa@https://registry.npmjs.org/execa/-/execa-5.1.1.tgz. Extracting by manifest.
4873 silly tarball no local data for html-escaper@https://registry.npmjs.org/html-escaper/-/html-escaper-2.0.2.tgz. Extracting by manifest.
4874 silly tarball no local data for make-dir@https://registry.npmjs.org/make-dir/-/make-dir-4.0.0.tgz. Extracting by manifest.
4875 silly tarball no local data for resolve-cwd@https://registry.npmjs.org/resolve-cwd/-/resolve-cwd-3.0.0.tgz. Extracting by manifest.
4876 silly tarball no local data for pkg-dir@https://registry.npmjs.org/pkg-dir/-/pkg-dir-4.2.0.tgz. Extracting by manifest.
4877 silly tarball no local data for update-browserslist-db@https://registry.npmjs.org/update-browserslist-db/-/update-browserslist-db-1.2.3.tgz. Extracting by manifest.
4878 silly tarball no local data for node-releases@https://registry.npmjs.org/node-releases/-/node-releases-2.0.51.tgz. Extracting by manifest.
4879 silly tarball no local data for electron-to-chromium@https://registry.npmjs.org/electron-to-chromium/-/electron-to-chromium-1.5.392.tgz. Extracting by manifest.
4880 silly tarball no local data for caniuse-lite@https://registry.npmjs.org/caniuse-lite/-/caniuse-lite-1.0.30001806.tgz. Extracting by manifest.
4881 silly tarball no local data for baseline-browser-mapping@https://registry.npmjs.org/baseline-browser-mapping/-/baseline-browser-mapping-2.10.43.tgz. Extracting by manifest.
4882 silly tarball no local data for get-package-type@https://registry.npmjs.org/get-package-type/-/get-package-type-0.1.0.tgz. Extracting by manifest.
4883 silly tarball no local data for camelcase@https://registry.npmjs.org/camelcase/-/camelcase-5.3.1.tgz. Extracting by manifest.
4884 silly tarball no local data for test-exclude@https://registry.npmjs.org/test-exclude/-/test-exclude-6.0.0.tgz. Extracting by manifest.
4885 silly tarball no local data for @istanbuljs/schema@https://registry.npmjs.org/@istanbuljs/schema/-/schema-0.1.6.tgz. Extracting by manifest.
4886 silly tarball no local data for @istanbuljs/load-nyc-config@https://registry.npmjs.org/@istanbuljs/load-nyc-config/-/load-nyc-config-1.1.0.tgz. Extracting by manifest.
4887 silly tarball no local data for @babel/helper-plugin-utils@https://registry.npmjs.org/@babel/helper-plugin-utils/-/helper-plugin-utils-7.29.7.tgz. Extracting by manifest.
4888 silly tarball no local data for type-fest@https://registry.npmjs.org/type-fest/-/type-fest-0.21.3.tgz. Extracting by manifest.
4889 silly tarball no local data for @types/yargs-parser@https://registry.npmjs.org/@types/yargs-parser/-/yargs-parser-21.0.3.tgz. Extracting by manifest.
4890 silly tarball no local data for @types/istanbul-lib-report@https://registry.npmjs.org/@types/istanbul-lib-report/-/istanbul-lib-report-3.0.3.tgz. Extracting by manifest.
4891 silly tarball no local data for @jridgewell/sourcemap-codec@https://registry.npmjs.org/@jridgewell/sourcemap-codec/-/sourcemap-codec-1.5.5.tgz. Extracting by manifest.
4892 silly tarball no local data for @jridgewell/resolve-uri@https://registry.npmjs.org/@jridgewell/resolve-uri/-/resolve-uri-3.1.2.tgz. Extracting by manifest.
4893 silly tarball no local data for @types/yargs@https://registry.npmjs.org/@types/yargs/-/yargs-17.0.35.tgz. Extracting by manifest.
4894 silly tarball no local data for @types/istanbul-reports@https://registry.npmjs.org/@types/istanbul-reports/-/istanbul-reports-3.0.4.tgz. Extracting by manifest.
4895 silly tarball no local data for @jest/schemas@https://registry.npmjs.org/@jest/schemas/-/schemas-30.4.1.tgz. Extracting by manifest.
4896 silly tarball no local data for @babel/helper-string-parser@https://registry.npmjs.org/@babel/helper-string-parser/-/helper-string-parser-7.29.7.tgz. Extracting by manifest.
4897 silly tarball no local data for @sinclair/typebox@https://registry.npmjs.org/@sinclair/typebox/-/typebox-0.34.52.tgz. Extracting by manifest.
4898 silly tarball no local data for @babel/helper-globals@https://registry.npmjs.org/@babel/helper-globals/-/helper-globals-7.29.7.tgz. Extracting by manifest.
4899 silly tarball no local data for @babel/helper-module-imports@https://registry.npmjs.org/@babel/helper-module-imports/-/helper-module-imports-7.29.7.tgz. Extracting by manifest.
4900 silly tarball no local data for lru-cache@https://registry.npmjs.org/lru-cache/-/lru-cache-5.1.1.tgz. Extracting by manifest.
4901 silly tarball no local data for browserslist@https://registry.npmjs.org/browserslist/-/browserslist-4.28.6.tgz. Extracting by manifest.
4902 silly tarball no local data for @babel/helper-validator-option@https://registry.npmjs.org/@babel/helper-validator-option/-/helper-validator-option-7.29.7.tgz. Extracting by manifest.
4903 silly tarball no local data for @babel/compat-data@https://registry.npmjs.org/@babel/compat-data/-/compat-data-7.29.7.tgz. Extracting by manifest.
4904 silly tarball no local data for jsesc@https://registry.npmjs.org/jsesc/-/jsesc-3.1.0.tgz. Extracting by manifest.
4905 silly tarball no local data for @jridgewell/gen-mapping@https://registry.npmjs.org/@jridgewell/gen-mapping/-/gen-mapping-0.3.13.tgz. Extracting by manifest.
4906 silly tarball no local data for json5@https://registry.npmjs.org/json5/-/json5-2.2.3.tgz. Extracting by manifest.
4907 silly tarball no local data for gensync@https://registry.npmjs.org/gensync/-/gensync-1.0.0-beta.2.tgz. Extracting by manifest.
4908 silly tarball no local data for @jridgewell/remapping@https://registry.npmjs.org/@jridgewell/remapping/-/remapping-2.3.5.tgz. Extracting by manifest.
4909 silly tarball no local data for @babel/types@https://registry.npmjs.org/@babel/types/-/types-7.29.7.tgz. Extracting by manifest.
4910 silly tarball no local data for @babel/traverse@https://registry.npmjs.org/@babel/traverse/-/traverse-7.29.7.tgz. Extracting by manifest.
4911 silly tarball no local data for @babel/template@https://registry.npmjs.org/@babel/template/-/template-7.29.7.tgz. Extracting by manifest.
4912 silly tarball no local data for @babel/parser@https://registry.npmjs.org/@babel/parser/-/parser-7.29.7.tgz. Extracting by manifest.
4913 silly tarball no local data for @babel/helpers@https://registry.npmjs.org/@babel/helpers/-/helpers-7.29.7.tgz. Extracting by manifest.
4914 silly tarball no local data for @babel/helper-module-transforms@https://registry.npmjs.org/@babel/helper-module-transforms/-/helper-module-transforms-7.29.7.tgz. Extracting by manifest.
4915 silly tarball no local data for @babel/generator@https://registry.npmjs.org/@babel/generator/-/generator-7.29.7.tgz. Extracting by manifest.
4916 silly tarball no local data for write-file-atomic@https://registry.npmjs.org/write-file-atomic/-/write-file-atomic-5.0.1.tgz. Extracting by manifest.
4917 silly tarball no local data for @babel/helper-compilation-targets@https://registry.npmjs.org/@babel/helper-compilation-targets/-/helper-compilation-targets-7.29.7.tgz. Extracting by manifest.
4918 silly tarball no local data for convert-source-map@https://registry.npmjs.org/convert-source-map/-/convert-source-map-2.0.0.tgz. Extracting by manifest.
4919 silly tarball no local data for @babel/core@https://registry.npmjs.org/@babel/core/-/core-7.29.7.tgz. Extracting by manifest.
4920 silly tarball no local data for babel-plugin-istanbul@https://registry.npmjs.org/babel-plugin-istanbul/-/babel-plugin-istanbul-7.0.1.tgz. Extracting by manifest.
4921 silly tarball no local data for @types/istanbul-lib-coverage@https://registry.npmjs.org/@types/istanbul-lib-coverage/-/istanbul-lib-coverage-2.0.6.tgz. Extracting by manifest.
4922 silly tarball no local data for v8-to-istanbul@https://registry.npmjs.org/v8-to-istanbul/-/v8-to-istanbul-9.3.0.tgz. Extracting by manifest.
4923 silly tarball no local data for string-length@https://registry.npmjs.org/string-length/-/string-length-4.0.2.tgz. Extracting by manifest.
4924 silly tarball no local data for jest-worker@https://registry.npmjs.org/jest-worker/-/jest-worker-30.4.1.tgz. Extracting by manifest.
4925 silly tarball no local data for istanbul-reports@https://registry.npmjs.org/istanbul-reports/-/istanbul-reports-3.2.0.tgz. Extracting by manifest.
4926 silly tarball no local data for istanbul-lib-source-maps@https://registry.npmjs.org/istanbul-lib-source-maps/-/istanbul-lib-source-maps-5.0.6.tgz. Extracting by manifest.
4927 silly tarball no local data for istanbul-lib-report@https://registry.npmjs.org/istanbul-lib-report/-/istanbul-lib-report-3.0.1.tgz. Extracting by manifest.
4928 silly tarball no local data for istanbul-lib-instrument@https://registry.npmjs.org/istanbul-lib-instrument/-/istanbul-lib-instrument-6.0.3.tgz. Extracting by manifest.
4929 silly tarball no local data for istanbul-lib-coverage@https://registry.npmjs.org/istanbul-lib-coverage/-/istanbul-lib-coverage-3.2.2.tgz. Extracting by manifest.
4930 silly tarball no local data for collect-v8-coverage@https://registry.npmjs.org/collect-v8-coverage/-/collect-v8-coverage-1.0.3.tgz. Extracting by manifest.
4931 silly tarball no local data for @jridgewell/trace-mapping@https://registry.npmjs.org/@jridgewell/trace-mapping/-/trace-mapping-0.3.31.tgz. Extracting by manifest.
4932 silly tarball no local data for @bcoe/v8-coverage@https://registry.npmjs.org/@bcoe/v8-coverage/-/v8-coverage-0.2.3.tgz. Extracting by manifest.
4933 silly tarball no local data for slash@https://registry.npmjs.org/slash/-/slash-3.0.0.tgz. Extracting by manifest.
4934 silly tarball no local data for jest-watcher@https://registry.npmjs.org/jest-watcher/-/jest-watcher-30.4.1.tgz. Extracting by manifest.
4935 silly tarball no local data for jest-validate@https://registry.npmjs.org/jest-validate/-/jest-validate-30.4.1.tgz. Extracting by manifest.
4936 silly tarball no local data for jest-snapshot@https://registry.npmjs.org/jest-snapshot/-/jest-snapshot-30.4.1.tgz. Extracting by manifest.
4937 silly tarball no local data for jest-runtime@https://registry.npmjs.org/jest-runtime/-/jest-runtime-30.4.2.tgz. Extracting by manifest.
4938 silly tarball no local data for jest-runner@https://registry.npmjs.org/jest-runner/-/jest-runner-30.4.2.tgz. Extracting by manifest.
4939 silly tarball no local data for jest-resolve-dependencies@https://registry.npmjs.org/jest-resolve-dependencies/-/jest-resolve-dependencies-30.4.2.tgz. Extracting by manifest.
4940 silly tarball no local data for jest-resolve@https://registry.npmjs.org/jest-resolve/-/jest-resolve-30.4.1.tgz. Extracting by manifest.
4941 silly tarball no local data for jest-regex-util@https://registry.npmjs.org/jest-regex-util/-/jest-regex-util-30.4.0.tgz. Extracting by manifest.
4942 silly tarball no local data for jest-haste-map@https://registry.npmjs.org/jest-haste-map/-/jest-haste-map-30.4.1.tgz. Extracting by manifest.
4943 silly tarball no local data for jest-changed-files@https://registry.npmjs.org/jest-changed-files/-/jest-changed-files-30.4.1.tgz. Extracting by manifest.
4944 silly tarball no local data for pirates@https://registry.npmjs.org/pirates/-/pirates-4.0.7.tgz. Extracting by manifest.
4945 silly tarball no local data for exit-x@https://registry.npmjs.org/exit-x/-/exit-x-0.2.2.tgz. Extracting by manifest.
4946 silly tarball no local data for jest-config@https://registry.npmjs.org/jest-config/-/jest-config-30.4.2.tgz. Extracting by manifest.
4947 silly tarball no local data for ci-info@https://registry.npmjs.org/ci-info/-/ci-info-4.4.0.tgz. Extracting by manifest.
4948 silly tarball no local data for ansi-escapes@https://registry.npmjs.org/ansi-escapes/-/ansi-escapes-4.3.2.tgz. Extracting by manifest.
4949 silly tarball no local data for @jest/transform@https://registry.npmjs.org/@jest/transform/-/transform-30.4.1.tgz. Extracting by manifest.
4950 silly tarball no local data for @jest/test-result@https://registry.npmjs.org/@jest/test-result/-/test-result-30.4.1.tgz. Extracting by manifest.
4951 silly tarball no local data for @jest/reporters@https://registry.npmjs.org/@jest/reporters/-/reporters-30.4.1.tgz. Extracting by manifest.
4952 silly tarball no local data for @jest/pattern@https://registry.npmjs.org/@jest/pattern/-/pattern-30.4.0.tgz. Extracting by manifest.
4953 silly tarball no local data for @jest/console@https://registry.npmjs.org/@jest/console/-/console-30.4.1.tgz. Extracting by manifest.
4954 silly tarball no local data for jest-cli@https://registry.npmjs.org/jest-cli/-/jest-cli-30.4.2.tgz. Extracting by manifest.
4955 silly tarball no local data for import-local@https://registry.npmjs.org/import-local/-/import-local-3.2.0.tgz. Extracting by manifest.
4956 silly tarball no local data for @jest/types@https://registry.npmjs.org/@jest/types/-/types-30.4.1.tgz. Extracting by manifest.
4957 silly tarball no local data for @jest/core@https://registry.npmjs.org/@jest/core/-/core-30.4.2.tgz. Extracting by manifest.
4958 silly tarball no local data for is-extglob@https://registry.npmjs.org/is-extglob/-/is-extglob-2.1.1.tgz. Extracting by manifest.
4959 silly tarball no local data for resolve-from@https://registry.npmjs.org/resolve-from/-/resolve-from-4.0.0.tgz. Extracting by manifest.
4960 silly tarball no local data for parent-module@https://registry.npmjs.org/parent-module/-/parent-module-1.0.1.tgz. Extracting by manifest.
4961 silly tarball no local data for toidentifier@https://registry.npmjs.org/toidentifier/-/toidentifier-1.0.1.tgz. Extracting by manifest.
4962 silly tarball no local data for safer-buffer@https://registry.npmjs.org/safer-buffer/-/safer-buffer-2.1.2.tgz. Extracting by manifest.
4963 silly tarball no local data for setprototypeof@https://registry.npmjs.org/setprototypeof/-/setprototypeof-1.2.0.tgz. Extracting by manifest.
4964 silly tarball no local data for inherits@https://registry.npmjs.org/inherits/-/inherits-2.0.4.tgz. Extracting by manifest.
4965 silly tarball no local data for path-scurry@https://registry.npmjs.org/path-scurry/-/path-scurry-2.0.2.tgz. Extracting by manifest.
4966 silly tarball no local data for minipass@https://registry.npmjs.org/minipass/-/minipass-7.1.3.tgz. Extracting by manifest.
4967 silly tarball no local data for math-intrinsics@https://registry.npmjs.org/math-intrinsics/-/math-intrinsics-1.1.0.tgz. Extracting by manifest.
4968 silly tarball no local data for has-symbols@https://registry.npmjs.org/has-symbols/-/has-symbols-1.1.0.tgz. Extracting by manifest.
4969 silly tarball no local data for gopd@https://registry.npmjs.org/gopd/-/gopd-1.2.0.tgz. Extracting by manifest.
4970 silly tarball no local data for get-proto@https://registry.npmjs.org/get-proto/-/get-proto-1.0.1.tgz. Extracting by manifest.
4971 silly tarball no local data for function-bind@https://registry.npmjs.org/function-bind/-/function-bind-1.1.2.tgz. Extracting by manifest.
4972 silly tarball no local data for es-object-atoms@https://registry.npmjs.org/es-object-atoms/-/es-object-atoms-1.1.2.tgz. Extracting by manifest.
4973 silly tarball no local data for call-bind-apply-helpers@https://registry.npmjs.org/call-bind-apply-helpers/-/call-bind-apply-helpers-1.0.2.tgz. Extracting by manifest.
4974 silly tarball no local data for universalify@https://registry.npmjs.org/universalify/-/universalify-2.0.1.tgz. Extracting by manifest.
4975 silly tarball no local data for es-define-property@https://registry.npmjs.org/es-define-property/-/es-define-property-1.0.1.tgz. Extracting by manifest.
4976 silly tarball no local data for jsonfile@https://registry.npmjs.org/jsonfile/-/jsonfile-6.2.1.tgz. Extracting by manifest.
4977 silly tarball no local data for graceful-fs@https://registry.npmjs.org/graceful-fs/-/graceful-fs-4.2.11.tgz. Extracting by manifest.
4978 silly tarball no local data for has-tostringtag@https://registry.npmjs.org/has-tostringtag/-/has-tostringtag-1.0.2.tgz. Extracting by manifest.
4979 silly tarball no local data for dunder-proto@https://registry.npmjs.org/dunder-proto/-/dunder-proto-1.0.1.tgz. Extracting by manifest.
4980 silly tarball no local data for es-errors@https://registry.npmjs.org/es-errors/-/es-errors-1.3.0.tgz. Extracting by manifest.
4981 silly tarball no local data for get-intrinsic@https://registry.npmjs.org/get-intrinsic/-/get-intrinsic-1.3.0.tgz. Extracting by manifest.
4982 silly tarball no local data for hasown@https://registry.npmjs.org/hasown/-/hasown-2.0.4.tgz. Extracting by manifest.
4983 silly tarball no local data for es-set-tostringtag@https://registry.npmjs.org/es-set-tostringtag/-/es-set-tostringtag-2.1.0.tgz. Extracting by manifest.
4984 silly tarball no local data for combined-stream@https://registry.npmjs.org/combined-stream/-/combined-stream-1.0.8.tgz. Extracting by manifest.
4985 silly tarball no local data for asynckit@https://registry.npmjs.org/asynckit/-/asynckit-0.4.0.tgz. Extracting by manifest.
4986 silly tarball no local data for parse-json@https://registry.npmjs.org/parse-json/-/parse-json-5.2.0.tgz. Extracting by manifest.
4987 silly tarball no local data for path-type@https://registry.npmjs.org/path-type/-/path-type-4.0.0.tgz. Extracting by manifest.
4988 silly tarball no local data for picocolors@https://registry.npmjs.org/picocolors/-/picocolors-1.1.1.tgz. Extracting by manifest.
4989 silly tarball no local data for @babel/helper-validator-identifier@https://registry.npmjs.org/@babel/helper-validator-identifier/-/helper-validator-identifier-7.29.7.tgz. Extracting by manifest.
4990 silly tarball no local data for js-tokens@https://registry.npmjs.org/js-tokens/-/js-tokens-4.0.0.tgz. Extracting by manifest.
4991 silly tarball no local data for tapable@https://registry.npmjs.org/tapable/-/tapable-2.3.3.tgz. Extracting by manifest.
4992 silly tarball no local data for delayed-stream@https://registry.npmjs.org/delayed-stream/-/delayed-stream-1.0.0.tgz. Extracting by manifest.
4993 silly tarball no local data for semver@https://registry.npmjs.org/semver/-/semver-7.8.5.tgz. Extracting by manifest.
4994 silly tarball no local data for node-abort-controller@https://registry.npmjs.org/node-abort-controller/-/node-abort-controller-3.1.1.tgz. Extracting by manifest.
4995 silly tarball no local data for deepmerge@https://registry.npmjs.org/deepmerge/-/deepmerge-4.3.1.tgz. Extracting by manifest.
4996 silly tarball no local data for schema-utils@https://registry.npmjs.org/schema-utils/-/schema-utils-3.3.0.tgz. Extracting by manifest.
4997 silly tarball no local data for fs-extra@https://registry.npmjs.org/fs-extra/-/fs-extra-10.1.0.tgz. Extracting by manifest.
4998 silly tarball no local data for cosmiconfig@https://registry.npmjs.org/cosmiconfig/-/cosmiconfig-8.3.6.tgz. Extracting by manifest.
4999 silly tarball no local data for @babel/code-frame@https://registry.npmjs.org/@babel/code-frame/-/code-frame-7.29.7.tgz. Extracting by manifest.
5000 silly tarball no local data for memfs@https://registry.npmjs.org/memfs/-/memfs-3.5.3.tgz. Extracting by manifest.
5001 silly tarball no local data for keyv@https://registry.npmjs.org/keyv/-/keyv-4.5.4.tgz. Extracting by manifest.
5002 silly tarball no local data for flatted@https://registry.npmjs.org/flatted/-/flatted-3.4.2.tgz. Extracting by manifest.
5003 silly tarball no local data for path-exists@https://registry.npmjs.org/path-exists/-/path-exists-4.0.0.tgz. Extracting by manifest.
5004 silly tarball no local data for token-types@https://registry.npmjs.org/token-types/-/token-types-6.1.2.tgz. Extracting by manifest.
5005 silly tarball no local data for strtok3@https://registry.npmjs.org/strtok3/-/strtok3-10.3.5.tgz. Extracting by manifest.
5006 silly tarball no local data for uint8array-extras@https://registry.npmjs.org/uint8array-extras/-/uint8array-extras-1.5.0.tgz. Extracting by manifest.
5007 silly tarball no local data for @tokenizer/inflate@https://registry.npmjs.org/@tokenizer/inflate/-/inflate-0.4.1.tgz. Extracting by manifest.
5008 silly tarball no local data for flat-cache@https://registry.npmjs.org/flat-cache/-/flat-cache-4.0.1.tgz. Extracting by manifest.
5009 silly tarball no local data for raw-body@https://registry.npmjs.org/raw-body/-/raw-body-3.0.2.tgz. Extracting by manifest.
5010 silly tarball no local data for bytes@https://registry.npmjs.org/bytes/-/bytes-3.1.2.tgz. Extracting by manifest.
5011 silly tarball no local data for locate-path@https://registry.npmjs.org/locate-path/-/locate-path-6.0.0.tgz. Extracting by manifest.
5012 silly tarball no local data for negotiator@https://registry.npmjs.org/negotiator/-/negotiator-1.0.0.tgz. Extracting by manifest.
5013 silly tarball no local data for statuses@https://registry.npmjs.org/statuses/-/statuses-2.0.2.tgz. Extracting by manifest.
5014 silly tarball no local data for serve-static@https://registry.npmjs.org/serve-static/-/serve-static-2.2.1.tgz. Extracting by manifest.
5015 silly tarball no local data for send@https://registry.npmjs.org/send/-/send-1.2.1.tgz. Extracting by manifest.
5016 silly tarball no local data for router@https://registry.npmjs.org/router/-/router-2.2.0.tgz. Extracting by manifest.
5017 silly tarball no local data for range-parser@https://registry.npmjs.org/range-parser/-/range-parser-1.3.0.tgz. Extracting by manifest.
5018 silly tarball no local data for proxy-addr@https://registry.npmjs.org/proxy-addr/-/proxy-addr-2.0.7.tgz. Extracting by manifest.
5019 silly tarball no local data for parseurl@https://registry.npmjs.org/parseurl/-/parseurl-1.3.3.tgz. Extracting by manifest.
5020 silly tarball no local data for qs@https://registry.npmjs.org/qs/-/qs-6.15.3.tgz. Extracting by manifest.
5021 silly tarball no local data for once@https://registry.npmjs.org/once/-/once-1.4.0.tgz. Extracting by manifest.
5022 silly tarball no local data for on-finished@https://registry.npmjs.org/on-finished/-/on-finished-2.4.1.tgz. Extracting by manifest.
5023 silly tarball no local data for type-is@https://registry.npmjs.org/type-is/-/type-is-2.1.0.tgz. Extracting by manifest.
5024 silly tarball no local data for mime-types@https://registry.npmjs.org/mime-types/-/mime-types-3.0.2.tgz. Extracting by manifest.
5025 silly tarball no local data for merge-descriptors@https://registry.npmjs.org/merge-descriptors/-/merge-descriptors-2.0.0.tgz. Extracting by manifest.
5026 silly tarball no local data for http-errors@https://registry.npmjs.org/http-errors/-/http-errors-2.0.1.tgz. Extracting by manifest.
5027 silly tarball no local data for fresh@https://registry.npmjs.org/fresh/-/fresh-2.0.0.tgz. Extracting by manifest.
5028 silly tarball no local data for etag@https://registry.npmjs.org/etag/-/etag-1.8.1.tgz. Extracting by manifest.
5029 silly tarball no local data for finalhandler@https://registry.npmjs.org/finalhandler/-/finalhandler-2.1.1.tgz. Extracting by manifest.
5030 silly tarball no local data for encodeurl@https://registry.npmjs.org/encodeurl/-/encodeurl-2.0.0.tgz. Extracting by manifest.
5031 silly tarball no local data for escape-html@https://registry.npmjs.org/escape-html/-/escape-html-1.0.3.tgz. Extracting by manifest.
5032 silly tarball no local data for depd@https://registry.npmjs.org/depd/-/depd-2.0.0.tgz. Extracting by manifest.
5033 silly tarball no local data for cookie-signature@https://registry.npmjs.org/cookie-signature/-/cookie-signature-1.2.2.tgz. Extracting by manifest.
5034 silly tarball no local data for cookie@https://registry.npmjs.org/cookie/-/cookie-0.7.2.tgz. Extracting by manifest.
5035 silly tarball no local data for content-type@https://registry.npmjs.org/content-type/-/content-type-1.0.5.tgz. Extracting by manifest.
5036 silly tarball no local data for content-disposition@https://registry.npmjs.org/content-disposition/-/content-disposition-1.1.0.tgz. Extracting by manifest.
5037 silly tarball no local data for body-parser@https://registry.npmjs.org/body-parser/-/body-parser-2.3.0.tgz. Extracting by manifest.
5038 silly tarball no local data for accepts@https://registry.npmjs.org/accepts/-/accepts-2.0.0.tgz. Extracting by manifest.
5039 silly tarball no local data for jest-util@https://registry.npmjs.org/jest-util/-/jest-util-30.4.1.tgz. Extracting by manifest.
5040 silly tarball no local data for jest-mock@https://registry.npmjs.org/jest-mock/-/jest-mock-30.4.1.tgz. Extracting by manifest.
5041 silly tarball no local data for jest-message-util@https://registry.npmjs.org/jest-message-util/-/jest-message-util-30.4.1.tgz. Extracting by manifest.
5042 silly tarball no local data for jest-matcher-utils@https://registry.npmjs.org/jest-matcher-utils/-/jest-matcher-utils-30.4.1.tgz. Extracting by manifest.
5043 silly tarball no local data for @jest/get-type@https://registry.npmjs.org/@jest/get-type/-/get-type-30.1.0.tgz. Extracting by manifest.
5044 silly tarball no local data for @jest/expect-utils@https://registry.npmjs.org/@jest/expect-utils/-/expect-utils-30.4.1.tgz. Extracting by manifest.
5045 silly tarball no local data for acorn-jsx@https://registry.npmjs.org/acorn-jsx/-/acorn-jsx-5.3.2.tgz. Extracting by manifest.
5046 silly tarball no local data for acorn@https://registry.npmjs.org/acorn/-/acorn-8.17.0.tgz. Extracting by manifest.
5047 silly tarball no local data for estraverse@https://registry.npmjs.org/estraverse/-/estraverse-5.3.0.tgz. Extracting by manifest.
5048 silly tarball no local data for esrecurse@https://registry.npmjs.org/esrecurse/-/esrecurse-4.3.0.tgz. Extracting by manifest.
5049 silly tarball no local data for prettier-linter-helpers@https://registry.npmjs.org/prettier-linter-helpers/-/prettier-linter-helpers-1.0.1.tgz. Extracting by manifest.
5050 silly tarball no local data for synckit@https://registry.npmjs.org/synckit/-/synckit-0.11.13.tgz. Extracting by manifest.
5051 silly tarball no local data for which@https://registry.npmjs.org/which/-/which-2.0.2.tgz. Extracting by manifest.
5052 silly tarball no local data for shebang-command@https://registry.npmjs.org/shebang-command/-/shebang-command-2.0.0.tgz. Extracting by manifest.
5053 silly tarball no local data for color-name@https://registry.npmjs.org/color-name/-/color-name-1.1.4.tgz. Extracting by manifest.
5054 silly tarball no local data for path-key@https://registry.npmjs.org/path-key/-/path-key-3.1.1.tgz. Extracting by manifest.
5055 silly tarball no local data for color-convert@https://registry.npmjs.org/color-convert/-/color-convert-2.0.1.tgz. Extracting by manifest.
5056 silly tarball no local data for supports-color@https://registry.npmjs.org/supports-color/-/supports-color-7.2.0.tgz. Extracting by manifest.
5057 silly tarball no local data for ansi-styles@https://registry.npmjs.org/ansi-styles/-/ansi-styles-4.3.0.tgz. Extracting by manifest.
5058 silly tarball no local data for @humanfs/types@https://registry.npmjs.org/@humanfs/types/-/types-0.15.0.tgz. Extracting by manifest.
5059 silly tarball no local data for levn@https://registry.npmjs.org/levn/-/levn-0.4.1.tgz. Extracting by manifest.
5060 silly tarball no local data for @humanfs/core@https://registry.npmjs.org/@humanfs/core/-/core-0.19.2.tgz. Extracting by manifest.
5061 silly tarball no local data for @types/json-schema@https://registry.npmjs.org/@types/json-schema/-/json-schema-7.0.15.tgz. Extracting by manifest.
5062 silly tarball no local data for @eslint/object-schema@https://registry.npmjs.org/@eslint/object-schema/-/object-schema-2.1.7.tgz. Extracting by manifest.
5063 silly tarball no local data for optionator@https://registry.npmjs.org/optionator/-/optionator-0.9.4.tgz. Extracting by manifest.
5064 silly tarball no local data for lodash.merge@https://registry.npmjs.org/lodash.merge/-/lodash.merge-4.6.2.tgz. Extracting by manifest.
5065 silly tarball no local data for natural-compare@https://registry.npmjs.org/natural-compare/-/natural-compare-1.4.0.tgz. Extracting by manifest.
5066 silly tarball no local data for json-stable-stringify-without-jsonify@https://registry.npmjs.org/json-stable-stringify-without-jsonify/-/json-stable-stringify-without-jsonify-1.0.1.tgz. Extracting by manifest.
5067 silly tarball no local data for is-glob@https://registry.npmjs.org/is-glob/-/is-glob-4.0.3.tgz. Extracting by manifest.
5068 silly tarball no local data for imurmurhash@https://registry.npmjs.org/imurmurhash/-/imurmurhash-0.1.4.tgz. Extracting by manifest.
5069 silly tarball no local data for find-up@https://registry.npmjs.org/find-up/-/find-up-5.0.0.tgz. Extracting by manifest.
5070 silly tarball no local data for glob-parent@https://registry.npmjs.org/glob-parent/-/glob-parent-6.0.2.tgz. Extracting by manifest.
5071 silly tarball no local data for file-entry-cache@https://registry.npmjs.org/file-entry-cache/-/file-entry-cache-8.0.0.tgz. Extracting by manifest.
5072 silly tarball no local data for esutils@https://registry.npmjs.org/esutils/-/esutils-2.0.3.tgz. Extracting by manifest.
5073 silly tarball no local data for esquery@https://registry.npmjs.org/esquery/-/esquery-1.7.0.tgz. Extracting by manifest.
5074 silly tarball no local data for eslint-visitor-keys@https://registry.npmjs.org/eslint-visitor-keys/-/eslint-visitor-keys-4.2.1.tgz. Extracting by manifest.
5075 silly tarball no local data for eslint-scope@https://registry.npmjs.org/eslint-scope/-/eslint-scope-8.4.0.tgz. Extracting by manifest.
5076 silly tarball no local data for escape-string-regexp@https://registry.npmjs.org/escape-string-regexp/-/escape-string-regexp-4.0.0.tgz. Extracting by manifest.
5077 silly tarball no local data for cross-spawn@https://registry.npmjs.org/cross-spawn/-/cross-spawn-7.0.6.tgz. Extracting by manifest.
5078 silly tarball no local data for chalk@https://registry.npmjs.org/chalk/-/chalk-4.1.2.tgz. Extracting by manifest.
5079 silly tarball no local data for @types/estree@https://registry.npmjs.org/@types/estree/-/estree-1.0.9.tgz. Extracting by manifest.
5080 silly tarball no local data for @humanwhocodes/retry@https://registry.npmjs.org/@humanwhocodes/retry/-/retry-0.4.3.tgz. Extracting by manifest.
5081 silly tarball no local data for @humanwhocodes/module-importer@https://registry.npmjs.org/@humanwhocodes/module-importer/-/module-importer-1.0.1.tgz. Extracting by manifest.
5082 silly tarball no local data for @humanfs/node@https://registry.npmjs.org/@humanfs/node/-/node-0.16.8.tgz. Extracting by manifest.
5083 silly tarball no local data for @eslint/plugin-kit@https://registry.npmjs.org/@eslint/plugin-kit/-/plugin-kit-0.4.1.tgz. Extracting by manifest.
5084 silly tarball no local data for @eslint/core@https://registry.npmjs.org/@eslint/core/-/core-0.17.0.tgz. Extracting by manifest.
5085 silly tarball no local data for @eslint/config-helpers@https://registry.npmjs.org/@eslint/config-helpers/-/config-helpers-0.4.2.tgz. Extracting by manifest.
5086 silly tarball no local data for @eslint/config-array@https://registry.npmjs.org/@eslint/config-array/-/config-array-0.21.2.tgz. Extracting by manifest.
5087 silly tarball no local data for @eslint-community/regexpp@https://registry.npmjs.org/@eslint-community/regexpp/-/regexpp-4.12.2.tgz. Extracting by manifest.
5088 silly tarball no local data for @eslint-community/eslint-utils@https://registry.npmjs.org/@eslint-community/eslint-utils/-/eslint-utils-4.9.1.tgz. Extracting by manifest.
5089 silly tarball no local data for ms@https://registry.npmjs.org/ms/-/ms-2.1.3.tgz. Extracting by manifest.
5090 silly tarball no local data for vary@https://registry.npmjs.org/vary/-/vary-1.1.2.tgz. Extracting by manifest.
5091 silly tarball no local data for object-assign@https://registry.npmjs.org/object-assign/-/object-assign-4.1.1.tgz. Extracting by manifest.
5092 silly tarball no local data for esprima@https://registry.npmjs.org/esprima/-/esprima-4.0.1.tgz. Extracting by manifest.
5093 silly tarball no local data for array-timsort@https://registry.npmjs.org/array-timsort/-/array-timsort-1.0.3.tgz. Extracting by manifest.
5094 silly tarball no local data for string-width@https://registry.npmjs.org/string-width/-/string-width-4.2.3.tgz. Extracting by manifest.
5095 silly tarball no local data for @colors/colors@https://registry.npmjs.org/@colors/colors/-/colors-1.5.0.tgz. Extracting by manifest.
5096 silly tarball no local data for readdirp@https://registry.npmjs.org/readdirp/-/readdirp-4.1.2.tgz. Extracting by manifest.
5097 silly tarball no local data for uri-js@https://registry.npmjs.org/uri-js/-/uri-js-4.4.1.tgz. Extracting by manifest.
5098 silly tarball no local data for fast-deep-equal@https://registry.npmjs.org/fast-deep-equal/-/fast-deep-equal-3.1.3.tgz. Extracting by manifest.
5099 silly tarball no local data for form-data@https://registry.npmjs.org/form-data/-/form-data-4.0.6.tgz. Extracting by manifest.
5100 silly tarball no local data for @types/cookiejar@https://registry.npmjs.org/@types/cookiejar/-/cookiejar-2.1.5.tgz. Extracting by manifest.
5101 silly tarball no local data for @types/superagent@https://registry.npmjs.org/@types/superagent/-/superagent-8.1.11.tgz. Extracting by manifest.
5102 silly tarball no local data for fast-json-stable-stringify@https://registry.npmjs.org/fast-json-stable-stringify/-/fast-json-stable-stringify-2.1.0.tgz. Extracting by manifest.
5103 silly tarball no local data for @types/methods@https://registry.npmjs.org/@types/methods/-/methods-1.1.4.tgz. Extracting by manifest.
5104 silly tarball no local data for json-schema-traverse@https://registry.npmjs.org/json-schema-traverse/-/json-schema-traverse-0.4.1.tgz. Extracting by manifest.
5105 silly tarball no local data for @types/http-errors@https://registry.npmjs.org/@types/http-errors/-/http-errors-2.0.5.tgz. Extracting by manifest.
5106 silly tarball no local data for undici-types@https://registry.npmjs.org/undici-types/-/undici-types-7.18.2.tgz. Extracting by manifest.
5107 silly tarball no local data for pretty-format@https://registry.npmjs.org/pretty-format/-/pretty-format-30.4.1.tgz. Extracting by manifest.
5108 silly tarball no local data for expect@https://registry.npmjs.org/expect/-/expect-30.4.1.tgz. Extracting by manifest.
5109 silly tarball no local data for @types/send@https://registry.npmjs.org/@types/send/-/send-1.2.1.tgz. Extracting by manifest.
5110 silly tarball no local data for @types/range-parser@https://registry.npmjs.org/@types/range-parser/-/range-parser-1.2.7.tgz. Extracting by manifest.
5111 silly tarball no local data for @types/qs@https://registry.npmjs.org/@types/qs/-/qs-6.15.1.tgz. Extracting by manifest.
5112 silly tarball no local data for @types/connect@https://registry.npmjs.org/@types/connect/-/connect-3.4.38.tgz. Extracting by manifest.
5113 silly tarball no local data for @types/serve-static@https://registry.npmjs.org/@types/serve-static/-/serve-static-2.2.0.tgz. Extracting by manifest.
5114 silly tarball no local data for @types/express-serve-static-core@https://registry.npmjs.org/@types/express-serve-static-core/-/express-serve-static-core-5.1.2.tgz. Extracting by manifest.
5115 silly tarball no local data for @types/body-parser@https://registry.npmjs.org/@types/body-parser/-/body-parser-1.19.6.tgz. Extracting by manifest.
5116 silly tarball no local data for pluralize@https://registry.npmjs.org/pluralize/-/pluralize-8.0.0.tgz. Extracting by manifest.
5117 silly tarball no local data for comment-json@https://registry.npmjs.org/comment-json/-/comment-json-5.0.0.tgz. Extracting by manifest.
5118 silly tarball no local data for multer@https://registry.npmjs.org/multer/-/multer-2.2.0.tgz. Extracting by manifest.
5119 silly tarball no local data for express@https://registry.npmjs.org/express/-/express-5.2.1.tgz. Extracting by manifest.
5120 silly tarball no local data for cors@https://registry.npmjs.org/cors/-/cors-2.8.6.tgz. Extracting by manifest.
5121 silly tarball no local data for path-to-regexp@https://registry.npmjs.org/path-to-regexp/-/path-to-regexp-8.4.2.tgz. Extracting by manifest.
5122 silly tarball no local data for fast-safe-stringify@https://registry.npmjs.org/fast-safe-stringify/-/fast-safe-stringify-2.1.1.tgz. Extracting by manifest.
5123 silly tarball no local data for uid@https://registry.npmjs.org/uid/-/uid-2.0.2.tgz. Extracting by manifest.
5124 silly tarball no local data for tslib@https://registry.npmjs.org/tslib/-/tslib-2.8.1.tgz. Extracting by manifest.
5125 silly tarball no local data for load-esm@https://registry.npmjs.org/load-esm/-/load-esm-1.0.3.tgz. Extracting by manifest.
5126 silly tarball no local data for file-type@https://registry.npmjs.org/file-type/-/file-type-21.3.4.tgz. Extracting by manifest.
5127 silly tarball no local data for iterare@https://registry.npmjs.org/iterare/-/iterare-1.2.1.tgz. Extracting by manifest.
5128 silly tarball no local data for @inquirer/external-editor@https://registry.npmjs.org/@inquirer/external-editor/-/external-editor-1.0.3.tgz. Extracting by manifest.
5129 silly tarball no local data for iconv-lite@https://registry.npmjs.org/iconv-lite/-/iconv-lite-0.7.3.tgz. Extracting by manifest.
5130 silly tarball no local data for wrap-ansi@https://registry.npmjs.org/wrap-ansi/-/wrap-ansi-6.2.0.tgz. Extracting by manifest.
5131 silly tarball no local data for signal-exit@https://registry.npmjs.org/signal-exit/-/signal-exit-4.1.0.tgz. Extracting by manifest.
5132 silly tarball no local data for mute-stream@https://registry.npmjs.org/mute-stream/-/mute-stream-2.0.0.tgz. Extracting by manifest.
5133 silly tarball no local data for cli-width@https://registry.npmjs.org/cli-width/-/cli-width-4.1.0.tgz. Extracting by manifest.
5134 silly tarball no local data for yoctocolors-cjs@https://registry.npmjs.org/yoctocolors-cjs/-/yoctocolors-cjs-2.1.3.tgz. Extracting by manifest.
5135 silly tarball no local data for chardet@https://registry.npmjs.org/chardet/-/chardet-2.2.0.tgz. Extracting by manifest.
5136 silly tarball no local data for @inquirer/type@https://registry.npmjs.org/@inquirer/type/-/type-3.0.10.tgz. Extracting by manifest.
5137 silly tarball no local data for @inquirer/figures@https://registry.npmjs.org/@inquirer/figures/-/figures-1.0.15.tgz. Extracting by manifest.
5138 silly tarball no local data for @inquirer/core@https://registry.npmjs.org/@inquirer/core/-/core-10.3.2.tgz. Extracting by manifest.
5139 silly tarball no local data for @inquirer/select@https://registry.npmjs.org/@inquirer/select/-/select-4.4.2.tgz. Extracting by manifest.
5140 silly tarball no local data for @inquirer/password@https://registry.npmjs.org/@inquirer/password/-/password-4.0.23.tgz. Extracting by manifest.
5141 silly tarball no local data for @inquirer/input@https://registry.npmjs.org/@inquirer/input/-/input-4.3.1.tgz. Extracting by manifest.
5142 silly tarball no local data for @inquirer/rawlist@https://registry.npmjs.org/@inquirer/rawlist/-/rawlist-4.1.11.tgz. Extracting by manifest.
5143 silly tarball no local data for @inquirer/expand@https://registry.npmjs.org/@inquirer/expand/-/expand-4.0.23.tgz. Extracting by manifest.
5144 silly tarball no local data for @inquirer/search@https://registry.npmjs.org/@inquirer/search/-/search-3.2.2.tgz. Extracting by manifest.
5145 silly tarball no local data for @inquirer/number@https://registry.npmjs.org/@inquirer/number/-/number-3.0.23.tgz. Extracting by manifest.
5146 silly tarball no local data for @inquirer/ansi@https://registry.npmjs.org/@inquirer/ansi/-/ansi-1.0.2.tgz. Extracting by manifest.
5147 silly tarball no local data for @inquirer/editor@https://registry.npmjs.org/@inquirer/editor/-/editor-4.2.23.tgz. Extracting by manifest.
5148 silly tarball no local data for @inquirer/confirm@https://registry.npmjs.org/@inquirer/confirm/-/confirm-5.1.21.tgz. Extracting by manifest.
5149 silly tarball no local data for @inquirer/checkbox@https://registry.npmjs.org/@inquirer/checkbox/-/checkbox-4.3.2.tgz. Extracting by manifest.
5150 silly tarball no local data for symbol-observable@https://registry.npmjs.org/symbol-observable/-/symbol-observable-4.0.0.tgz. Extracting by manifest.
5151 silly tarball no local data for ansi-colors@https://registry.npmjs.org/ansi-colors/-/ansi-colors-4.1.3.tgz. Extracting by manifest.
5152 silly tarball no local data for magic-string@https://registry.npmjs.org/magic-string/-/magic-string-0.30.17.tgz. Extracting by manifest.
5153 silly tarball no local data for jsonc-parser@https://registry.npmjs.org/jsonc-parser/-/jsonc-parser-3.3.1.tgz. Extracting by manifest.
5154 silly tarball no local data for yargs-parser@https://registry.npmjs.org/yargs-parser/-/yargs-parser-21.1.1.tgz. Extracting by manifest.
5155 silly tarball no local data for ajv-formats@https://registry.npmjs.org/ajv-formats/-/ajv-formats-3.0.1.tgz. Extracting by manifest.
5156 silly tarball no local data for webpack-node-externals@https://registry.npmjs.org/webpack-node-externals/-/webpack-node-externals-3.0.0.tgz. Extracting by manifest.
5157 silly tarball no local data for tsconfig-paths-webpack-plugin@https://registry.npmjs.org/tsconfig-paths-webpack-plugin/-/tsconfig-paths-webpack-plugin-4.2.0.tgz. Extracting by manifest.
5158 silly tarball no local data for ora@https://registry.npmjs.org/ora/-/ora-5.4.1.tgz. Extracting by manifest.
5159 silly tarball no local data for picomatch@https://registry.npmjs.org/picomatch/-/picomatch-4.0.4.tgz. Extracting by manifest.
5160 silly tarball no local data for glob@https://registry.npmjs.org/glob/-/glob-13.0.6.tgz. Extracting by manifest.
5161 silly tarball no local data for source-map@https://registry.npmjs.org/source-map/-/source-map-0.7.4.tgz. Extracting by manifest.
5162 silly tarball no local data for fork-ts-checker-webpack-plugin@https://registry.npmjs.org/fork-ts-checker-webpack-plugin/-/fork-ts-checker-webpack-plugin-9.1.0.tgz. Extracting by manifest.
5163 silly tarball no local data for commander@https://registry.npmjs.org/commander/-/commander-4.1.1.tgz. Extracting by manifest.
5164 silly tarball no local data for cli-table3@https://registry.npmjs.org/cli-table3/-/cli-table3-0.6.5.tgz. Extracting by manifest.
5165 silly tarball no local data for ansis@https://registry.npmjs.org/ansis/-/ansis-4.2.0.tgz. Extracting by manifest.
5166 silly tarball no local data for @inquirer/prompts@https://registry.npmjs.org/@inquirer/prompts/-/prompts-7.10.1.tgz. Extracting by manifest.
5167 silly tarball no local data for @angular-devkit/schematics-cli@https://registry.npmjs.org/@angular-devkit/schematics-cli/-/schematics-cli-19.2.27.tgz. Extracting by manifest.
5168 silly tarball no local data for node-emoji@https://registry.npmjs.org/node-emoji/-/node-emoji-1.11.0.tgz. Extracting by manifest.
5169 silly tarball no local data for @angular-devkit/schematics@https://registry.npmjs.org/@angular-devkit/schematics/-/schematics-19.2.27.tgz. Extracting by manifest.
5170 silly tarball no local data for @angular-devkit/core@https://registry.npmjs.org/@angular-devkit/core/-/core-19.2.27.tgz. Extracting by manifest.
5171 silly tarball no local data for minimatch@https://registry.npmjs.org/minimatch/-/minimatch-3.1.5.tgz. Extracting by manifest.
5172 silly tarball no local data for chokidar@https://registry.npmjs.org/chokidar/-/chokidar-4.0.3.tgz. Extracting by manifest.
5173 silly tarball no local data for strip-json-comments@https://registry.npmjs.org/strip-json-comments/-/strip-json-comments-3.1.1.tgz. Extracting by manifest.
5174 silly tarball no local data for js-yaml@https://registry.npmjs.org/js-yaml/-/js-yaml-4.3.0.tgz. Extracting by manifest.
5175 silly tarball no local data for import-fresh@https://registry.npmjs.org/import-fresh/-/import-fresh-3.3.1.tgz. Extracting by manifest.
5176 silly tarball no local data for ignore@https://registry.npmjs.org/ignore/-/ignore-5.3.2.tgz. Extracting by manifest.
5177 silly tarball no local data for debug@https://registry.npmjs.org/debug/-/debug-4.4.3.tgz. Extracting by manifest.
5178 silly tarball no local data for espree@https://registry.npmjs.org/espree/-/espree-10.4.0.tgz. Extracting by manifest.
5179 silly tarball no local data for typescript-eslint@https://registry.npmjs.org/typescript-eslint/-/typescript-eslint-8.64.0.tgz. Extracting by manifest.
5180 silly tarball no local data for tsconfig-paths@https://registry.npmjs.org/tsconfig-paths/-/tsconfig-paths-4.2.0.tgz. Extracting by manifest.
5181 silly tarball no local data for ajv@https://registry.npmjs.org/ajv/-/ajv-6.15.0.tgz. Extracting by manifest.
5182 silly tarball no local data for ts-node@https://registry.npmjs.org/ts-node/-/ts-node-10.9.2.tgz. Extracting by manifest.
5183 silly tarball no local data for ts-loader@https://registry.npmjs.org/ts-loader/-/ts-loader-9.6.2.tgz. Extracting by manifest.
5184 silly tarball no local data for supertest@https://registry.npmjs.org/supertest/-/supertest-7.2.2.tgz. Extracting by manifest.
5185 silly tarball no local data for ts-jest@https://registry.npmjs.org/ts-jest/-/ts-jest-29.4.11.tgz. Extracting by manifest.
5186 silly tarball no local data for jest@https://registry.npmjs.org/jest/-/jest-30.4.2.tgz. Extracting by manifest.
5187 silly tarball no local data for source-map-support@https://registry.npmjs.org/source-map-support/-/source-map-support-0.5.21.tgz. Extracting by manifest.
5188 silly tarball no local data for webpack@https://registry.npmjs.org/webpack/-/webpack-5.108.4.tgz. Extracting by manifest.
5189 silly tarball no local data for eslint-plugin-prettier@https://registry.npmjs.org/eslint-plugin-prettier/-/eslint-plugin-prettier-5.5.6.tgz. Extracting by manifest.
5190 silly tarball no local data for prettier@https://registry.npmjs.org/prettier/-/prettier-3.9.5.tgz. Extracting by manifest.
5191 silly tarball no local data for eslint-config-prettier@https://registry.npmjs.org/eslint-config-prettier/-/eslint-config-prettier-10.1.8.tgz. Extracting by manifest.
5192 silly tarball no local data for @types/supertest@https://registry.npmjs.org/@types/supertest/-/supertest-7.2.1.tgz. Extracting by manifest.
5193 silly tarball no local data for @types/node@https://registry.npmjs.org/@types/node/-/node-24.13.3.tgz. Extracting by manifest.
5194 silly tarball no local data for @types/jest@https://registry.npmjs.org/@types/jest/-/jest-30.0.0.tgz. Extracting by manifest.
5195 silly tarball no local data for eslint@https://registry.npmjs.org/eslint/-/eslint-9.39.5.tgz. Extracting by manifest.
5196 silly tarball no local data for @nestjs/testing@https://registry.npmjs.org/@nestjs/testing/-/testing-11.1.28.tgz. Extracting by manifest.
5197 silly tarball no local data for @types/express@https://registry.npmjs.org/@types/express/-/express-5.0.6.tgz. Extracting by manifest.
5198 silly tarball no local data for @nestjs/schematics@https://registry.npmjs.org/@nestjs/schematics/-/schematics-11.1.0.tgz. Extracting by manifest.
5199 silly tarball no local data for typescript@https://registry.npmjs.org/typescript/-/typescript-5.9.3.tgz. Extracting by manifest.
5200 silly tarball no local data for @nestjs/platform-express@https://registry.npmjs.org/@nestjs/platform-express/-/platform-express-11.1.28.tgz. Extracting by manifest.
5201 silly tarball no local data for globals@https://registry.npmjs.org/globals/-/globals-17.7.0.tgz. Extracting by manifest.
5202 silly tarball no local data for @nestjs/core@https://registry.npmjs.org/@nestjs/core/-/core-11.1.28.tgz. Extracting by manifest.
5203 silly tarball no local data for rxjs@https://registry.npmjs.org/rxjs/-/rxjs-7.8.2.tgz. Extracting by manifest.
5204 silly tarball no local data for reflect-metadata@https://registry.npmjs.org/reflect-metadata/-/reflect-metadata-0.2.2.tgz. Extracting by manifest.
5205 silly tarball no local data for @nestjs/common@https://registry.npmjs.org/@nestjs/common/-/common-11.1.28.tgz. Extracting by manifest.
5206 silly tarball no local data for @nestjs/cli@https://registry.npmjs.org/@nestjs/cli/-/cli-11.0.24.tgz. Extracting by manifest.
5207 silly tarball no local data for @eslint/js@https://registry.npmjs.org/@eslint/js/-/js-9.39.5.tgz. Extracting by manifest.
5208 silly tarball no local data for ajv-keywords@https://registry.npmjs.org/ajv-keywords/-/ajv-keywords-5.1.0.tgz. Extracting by manifest.
5209 silly tarball no local data for json-schema-traverse@https://registry.npmjs.org/json-schema-traverse/-/json-schema-traverse-1.0.0.tgz. Extracting by manifest.
5210 silly tarball no local data for jest-worker@https://registry.npmjs.org/jest-worker/-/jest-worker-27.5.1.tgz. Extracting by manifest.
5211 silly tarball no local data for ansi-styles@https://registry.npmjs.org/ansi-styles/-/ansi-styles-6.2.3.tgz. Extracting by manifest.
5212 silly tarball no local data for @eslint/eslintrc@https://registry.npmjs.org/@eslint/eslintrc/-/eslintrc-3.3.6.tgz. Extracting by manifest.
5213 silly tarball no local data for schema-utils@https://registry.npmjs.org/schema-utils/-/schema-utils-4.3.3.tgz. Extracting by manifest.
5214 silly tarball no local data for supports-color@https://registry.npmjs.org/supports-color/-/supports-color-8.1.1.tgz. Extracting by manifest.
5215 silly tarball no local data for ansi-regex@https://registry.npmjs.org/ansi-regex/-/ansi-regex-6.2.2.tgz. Extracting by manifest.
5216 silly tarball no local data for emoji-regex@https://registry.npmjs.org/emoji-regex/-/emoji-regex-9.2.2.tgz. Extracting by manifest.
5217 silly tarball no local data for wrap-ansi@https://registry.npmjs.org/wrap-ansi/-/wrap-ansi-8.1.0.tgz. Extracting by manifest.
5218 silly tarball no local data for ajv-formats@https://registry.npmjs.org/ajv-formats/-/ajv-formats-2.1.1.tgz. Extracting by manifest.
5219 silly tarball no local data for strip-ansi@https://registry.npmjs.org/strip-ansi/-/strip-ansi-7.2.0.tgz. Extracting by manifest.
5220 silly tarball no local data for wrap-ansi@https://registry.npmjs.org/wrap-ansi/-/wrap-ansi-7.0.0.tgz. Extracting by manifest.
5221 silly tarball no local data for ajv@https://registry.npmjs.org/ajv/-/ajv-8.20.0.tgz. Extracting by manifest.
5222 silly tarball no local data for string-width@https://registry.npmjs.org/string-width/-/string-width-5.1.2.tgz. Extracting by manifest.
5223 silly tarball no local data for commander@https://registry.npmjs.org/commander/-/commander-2.20.3.tgz. Extracting by manifest.
5224 silly tarball no local data for json-schema-traverse@https://registry.npmjs.org/json-schema-traverse/-/json-schema-traverse-1.0.0.tgz. Extracting by manifest.
5225 silly tarball no local data for ajv-keywords@https://registry.npmjs.org/ajv-keywords/-/ajv-keywords-5.1.0.tgz. Extracting by manifest.
5226 silly tarball no local data for ajv-formats@https://registry.npmjs.org/ajv-formats/-/ajv-formats-2.1.1.tgz. Extracting by manifest.
5227 silly tarball no local data for ajv@https://registry.npmjs.org/ajv/-/ajv-8.20.0.tgz. Extracting by manifest.
5228 silly tarball no local data for supports-color@https://registry.npmjs.org/supports-color/-/supports-color-8.1.1.tgz. Extracting by manifest.
5229 silly tarball no local data for jest-worker@https://registry.npmjs.org/jest-worker/-/jest-worker-27.5.1.tgz. Extracting by manifest.
5230 silly tarball no local data for schema-utils@https://registry.npmjs.org/schema-utils/-/schema-utils-4.3.3.tgz. Extracting by manifest.
5231 silly tarball no local data for balanced-match@https://registry.npmjs.org/balanced-match/-/balanced-match-4.0.4.tgz. Extracting by manifest.
5232 silly tarball no local data for eslint-visitor-keys@https://registry.npmjs.org/eslint-visitor-keys/-/eslint-visitor-keys-5.0.1.tgz. Extracting by manifest.
5233 silly tarball no local data for brace-expansion@https://registry.npmjs.org/brace-expansion/-/brace-expansion-5.0.7.tgz. Extracting by manifest.
5234 silly tarball no local data for @jridgewell/trace-mapping@https://registry.npmjs.org/@jridgewell/trace-mapping/-/trace-mapping-0.3.9.tgz. Extracting by manifest.
5235 silly tarball no local data for source-map@https://registry.npmjs.org/source-map/-/source-map-0.6.1.tgz. Extracting by manifest.
5236 silly tarball no local data for ignore@https://registry.npmjs.org/ignore/-/ignore-7.0.6.tgz. Extracting by manifest.
5237 silly tarball no local data for signal-exit@https://registry.npmjs.org/signal-exit/-/signal-exit-3.0.7.tgz. Extracting by manifest.
5238 silly tarball no local data for escape-string-regexp@https://registry.npmjs.org/escape-string-regexp/-/escape-string-regexp-2.0.0.tgz. Extracting by manifest.
5239 silly tarball no local data for minimatch@https://registry.npmjs.org/minimatch/-/minimatch-10.2.5.tgz. Extracting by manifest.
5240 silly tarball no local data for signal-exit@https://registry.npmjs.org/signal-exit/-/signal-exit-3.0.7.tgz. Extracting by manifest.
5241 silly tarball no local data for picomatch@https://registry.npmjs.org/picomatch/-/picomatch-2.3.2.tgz. Extracting by manifest.
5242 silly tarball no local data for resolve-from@https://registry.npmjs.org/resolve-from/-/resolve-from-5.0.0.tgz. Extracting by manifest.
5243 silly tarball no local data for p-limit@https://registry.npmjs.org/p-limit/-/p-limit-2.3.0.tgz. Extracting by manifest.
5244 silly tarball no local data for p-locate@https://registry.npmjs.org/p-locate/-/p-locate-4.1.0.tgz. Extracting by manifest.
5245 silly tarball no local data for find-up@https://registry.npmjs.org/find-up/-/find-up-4.1.0.tgz. Extracting by manifest.
5246 silly tarball no local data for locate-path@https://registry.npmjs.org/locate-path/-/locate-path-5.0.0.tgz. Extracting by manifest.
5247 silly tarball no local data for glob@https://registry.npmjs.org/glob/-/glob-7.2.3.tgz. Extracting by manifest.
5248 silly tarball no local data for p-limit@https://registry.npmjs.org/p-limit/-/p-limit-2.3.0.tgz. Extracting by manifest.
5249 silly tarball no local data for p-locate@https://registry.npmjs.org/p-locate/-/p-locate-4.1.0.tgz. Extracting by manifest.
5250 silly tarball no local data for argparse@https://registry.npmjs.org/argparse/-/argparse-1.0.10.tgz. Extracting by manifest.
5251 silly tarball no local data for resolve-from@https://registry.npmjs.org/resolve-from/-/resolve-from-5.0.0.tgz. Extracting by manifest.
5252 silly tarball no local data for js-yaml@https://registry.npmjs.org/js-yaml/-/js-yaml-3.15.0.tgz. Extracting by manifest.
5253 silly tarball no local data for find-up@https://registry.npmjs.org/find-up/-/find-up-4.1.0.tgz. Extracting by manifest.
5254 silly tarball no local data for semver@https://registry.npmjs.org/semver/-/semver-6.3.1.tgz. Extracting by manifest.
5255 silly tarball no local data for semver@https://registry.npmjs.org/semver/-/semver-6.3.1.tgz. Extracting by manifest.
5256 silly tarball no local data for supports-color@https://registry.npmjs.org/supports-color/-/supports-color-8.1.1.tgz. Extracting by manifest.
5257 silly tarball no local data for camelcase@https://registry.npmjs.org/camelcase/-/camelcase-6.3.0.tgz. Extracting by manifest.
5258 silly tarball no local data for locate-path@https://registry.npmjs.org/locate-path/-/locate-path-5.0.0.tgz. Extracting by manifest.
5259 silly tarball no local data for brace-expansion@https://registry.npmjs.org/brace-expansion/-/brace-expansion-2.1.2.tgz. Extracting by manifest.
5260 silly tarball no local data for path-scurry@https://registry.npmjs.org/path-scurry/-/path-scurry-1.11.1.tgz. Extracting by manifest.
5261 silly tarball no local data for glob@https://registry.npmjs.org/glob/-/glob-10.5.0.tgz. Extracting by manifest.
5262 silly tarball no local data for source-map@https://registry.npmjs.org/source-map/-/source-map-0.6.1.tgz. Extracting by manifest.
5263 silly tarball no local data for source-map-support@https://registry.npmjs.org/source-map-support/-/source-map-support-0.5.13.tgz. Extracting by manifest.
5264 silly tarball no local data for lru-cache@https://registry.npmjs.org/lru-cache/-/lru-cache-10.4.3.tgz. Extracting by manifest.
5265 silly tarball no local data for lru-cache@https://registry.npmjs.org/lru-cache/-/lru-cache-10.4.3.tgz. Extracting by manifest.
5266 silly tarball no local data for glob@https://registry.npmjs.org/glob/-/glob-10.5.0.tgz. Extracting by manifest.
5267 silly tarball no local data for minimatch@https://registry.npmjs.org/minimatch/-/minimatch-9.0.9.tgz. Extracting by manifest.
5268 silly tarball no local data for brace-expansion@https://registry.npmjs.org/brace-expansion/-/brace-expansion-2.1.2.tgz. Extracting by manifest.
5269 silly tarball no local data for minimatch@https://registry.npmjs.org/minimatch/-/minimatch-9.0.9.tgz. Extracting by manifest.
5270 silly tarball no local data for path-scurry@https://registry.npmjs.org/path-scurry/-/path-scurry-1.11.1.tgz. Extracting by manifest.
5271 silly tarball no local data for brace-expansion@https://registry.npmjs.org/brace-expansion/-/brace-expansion-2.1.2.tgz. Extracting by manifest.
5272 silly tarball no local data for minimatch@https://registry.npmjs.org/minimatch/-/minimatch-9.0.9.tgz. Extracting by manifest.
5273 silly tarball no local data for lru-cache@https://registry.npmjs.org/lru-cache/-/lru-cache-10.4.3.tgz. Extracting by manifest.
5274 silly tarball no local data for lru-cache@https://registry.npmjs.org/lru-cache/-/lru-cache-11.5.2.tgz. Extracting by manifest.
5275 silly tarball no local data for glob@https://registry.npmjs.org/glob/-/glob-10.5.0.tgz. Extracting by manifest.
5276 silly tarball no local data for path-scurry@https://registry.npmjs.org/path-scurry/-/path-scurry-1.11.1.tgz. Extracting by manifest.
5277 silly tarball no local data for mime-types@https://registry.npmjs.org/mime-types/-/mime-types-2.1.35.tgz. Extracting by manifest.
5278 silly tarball no local data for content-type@https://registry.npmjs.org/content-type/-/content-type-2.0.0.tgz. Extracting by manifest.
5279 silly tarball no local data for content-type@https://registry.npmjs.org/content-type/-/content-type-2.0.0.tgz. Extracting by manifest.
5280 silly tarball no local data for ansi-styles@https://registry.npmjs.org/ansi-styles/-/ansi-styles-5.2.0.tgz. Extracting by manifest.
5281 silly tarball no local data for mime-db@https://registry.npmjs.org/mime-db/-/mime-db-1.52.0.tgz. Extracting by manifest.
5282 silly tarball no local data for mime-db@https://registry.npmjs.org/mime-db/-/mime-db-1.52.0.tgz. Extracting by manifest.
5283 silly tarball no local data for type-is@https://registry.npmjs.org/type-is/-/type-is-1.6.18.tgz. Extracting by manifest.
5284 silly tarball no local data for ajv@https://registry.npmjs.org/ajv/-/ajv-8.20.0.tgz. Extracting by manifest.
5285 silly tarball no local data for media-typer@https://registry.npmjs.org/media-typer/-/media-typer-0.3.0.tgz. Extracting by manifest.
5286 silly tarball no local data for mime-types@https://registry.npmjs.org/mime-types/-/mime-types-2.1.35.tgz. Extracting by manifest.
5287 silly tarball no local data for eslint-visitor-keys@https://registry.npmjs.org/eslint-visitor-keys/-/eslint-visitor-keys-3.4.3.tgz. Extracting by manifest.
5288 silly tarball no local data for json-schema-traverse@https://registry.npmjs.org/json-schema-traverse/-/json-schema-traverse-1.0.0.tgz. Extracting by manifest.
5289 silly tarball no local data for brace-expansion@https://registry.npmjs.org/brace-expansion/-/brace-expansion-5.0.7.tgz. Extracting by manifest.
5290 silly tarball no local data for json-schema-traverse@https://registry.npmjs.org/json-schema-traverse/-/json-schema-traverse-1.0.0.tgz. Extracting by manifest.
5291 silly tarball no local data for rxjs@https://registry.npmjs.org/rxjs/-/rxjs-7.8.1.tgz. Extracting by manifest.
5292 silly tarball no local data for @inquirer/prompts@https://registry.npmjs.org/@inquirer/prompts/-/prompts-7.3.2.tgz. Extracting by manifest.
5293 silly tarball no local data for rxjs@https://registry.npmjs.org/rxjs/-/rxjs-7.8.1.tgz. Extracting by manifest.
5294 silly tarball no local data for minimatch@https://registry.npmjs.org/minimatch/-/minimatch-10.2.5.tgz. Extracting by manifest.
5295 silly tarball no local data for ajv@https://registry.npmjs.org/ajv/-/ajv-8.18.0.tgz. Extracting by manifest.
5296 silly tarball no local data for json-schema-traverse@https://registry.npmjs.org/json-schema-traverse/-/json-schema-traverse-1.0.0.tgz. Extracting by manifest.
5297 silly tarball no local data for balanced-match@https://registry.npmjs.org/balanced-match/-/balanced-match-4.0.4.tgz. Extracting by manifest.
5298 silly tarball no local data for strip-bom@https://registry.npmjs.org/strip-bom/-/strip-bom-3.0.0.tgz. Extracting by manifest.
5299 silly tarball no local data for ajv-formats@https://registry.npmjs.org/ajv-formats/-/ajv-formats-2.1.1.tgz. Extracting by manifest.
5300 silly tarball no local data for estraverse@https://registry.npmjs.org/estraverse/-/estraverse-4.3.0.tgz. Extracting by manifest.
5301 silly tarball no local data for ajv-keywords@https://registry.npmjs.org/ajv-keywords/-/ajv-keywords-5.1.0.tgz. Extracting by manifest.
5302 silly tarball no local data for schema-utils@https://registry.npmjs.org/schema-utils/-/schema-utils-4.3.3.tgz. Extracting by manifest.
5303 silly tarball no local data for ajv@https://registry.npmjs.org/ajv/-/ajv-8.20.0.tgz. Extracting by manifest.
5304 silly tarball no local data for type-fest@https://registry.npmjs.org/type-fest/-/type-fest-4.41.0.tgz. Extracting by manifest.
5305 silly tarball no local data for source-map@https://registry.npmjs.org/source-map/-/source-map-0.6.1.tgz. Extracting by manifest.
5306 silly tarball no local data for json-schema-traverse@https://registry.npmjs.org/json-schema-traverse/-/json-schema-traverse-1.0.0.tgz. Extracting by manifest.
5307 silly tarball no local data for eslint-scope@https://registry.npmjs.org/eslint-scope/-/eslint-scope-5.1.1.tgz. Extracting by manifest.
5308 silly tarball no local data for rxjs@https://registry.npmjs.org/rxjs/-/rxjs-7.8.1.tgz. Extracting by manifest.
5309 silly tarball no local data for ajv@https://registry.npmjs.org/ajv/-/ajv-8.18.0.tgz. Extracting by manifest.
5310 silly tarball no local data for @angular-devkit/schematics@https://registry.npmjs.org/@angular-devkit/schematics/-/schematics-19.2.24.tgz. Extracting by manifest.
5311 silly tarball no local data for ajv-keywords@https://registry.npmjs.org/ajv-keywords/-/ajv-keywords-5.1.0.tgz. Extracting by manifest.
5312 silly tarball no local data for @angular-devkit/core@https://registry.npmjs.org/@angular-devkit/core/-/core-19.2.24.tgz. Extracting by manifest.
5313 silly tarball no local data for ajv-formats@https://registry.npmjs.org/ajv-formats/-/ajv-formats-2.1.1.tgz. Extracting by manifest.
5314 silly tarball no local data for ajv@https://registry.npmjs.org/ajv/-/ajv-8.20.0.tgz. Extracting by manifest.
5315 silly tarball no local data for schema-utils@https://registry.npmjs.org/schema-utils/-/schema-utils-4.3.3.tgz. Extracting by manifest.
5316 silly tarball no local data for estraverse@https://registry.npmjs.org/estraverse/-/estraverse-4.3.0.tgz. Extracting by manifest.
5317 silly tarball no local data for json-schema-traverse@https://registry.npmjs.org/json-schema-traverse/-/json-schema-traverse-1.0.0.tgz. Extracting by manifest.
5318 silly tarball no local data for eslint-scope@https://registry.npmjs.org/eslint-scope/-/eslint-scope-5.1.1.tgz. Extracting by manifest.
5319 silly tarball no local data for globals@https://registry.npmjs.org/globals/-/globals-14.0.0.tgz. Extracting by manifest.
5320 silly tarball no local data for webpack@https://registry.npmjs.org/webpack/-/webpack-5.106.2.tgz. Extracting by manifest.
5321 http fetch POST 200 https://registry.npmjs.org/-/npm/v1/security/advisories/bulk 241ms
5322 silly audit report {}
5323 http fetch GET 200 https://registry.npmjs.org/path-is-absolute/-/path-is-absolute-1.0.1.tgz 177ms (cache miss)
5324 http fetch GET 200 https://registry.npmjs.org/inflight/-/inflight-1.0.6.tgz 177ms (cache miss)
5325 warn deprecated inflight@1.0.6: This module is not supported, and leaks memory. Do not use it. Check out lru-cache if you want a good and tested way to coalesce async requests by a key value, which is much more comprehensive and powerful.
5326 http fetch GET 200 https://registry.npmjs.org/@types/eslint-scope/-/eslint-scope-3.7.7.tgz 177ms (cache miss)
5327 http fetch GET 200 https://registry.npmjs.org/fs.realpath/-/fs.realpath-1.0.0.tgz 178ms (cache miss)
5328 http fetch GET 200 https://registry.npmjs.org/@types/eslint/-/eslint-9.6.1.tgz 180ms (cache miss)
5329 http fetch GET 200 https://registry.npmjs.org/terser-webpack-plugin/-/terser-webpack-plugin-5.6.1.tgz 179ms (cache miss)
5330 http fetch GET 200 https://registry.npmjs.org/@isaacs/cliui/-/cliui-8.0.2.tgz 250ms (cache miss)
5331 http fetch GET 200 https://registry.npmjs.org/sprintf-js/-/sprintf-js-1.0.3.tgz 250ms (cache miss)
5332 http fetch GET 200 https://registry.npmjs.org/require-from-string/-/require-from-string-2.0.2.tgz 251ms (cache miss)
5333 http fetch GET 200 https://registry.npmjs.org/p-try/-/p-try-2.2.0.tgz 250ms (cache miss)
5334 http fetch GET 200 https://registry.npmjs.org/y18n/-/y18n-5.0.8.tgz 250ms (cache miss)
5335 http fetch GET 200 https://registry.npmjs.org/fast-uri/-/fast-uri-3.1.3.tgz 255ms (cache miss)
5336 http fetch GET 200 https://registry.npmjs.org/foreground-child/-/foreground-child-3.3.1.tgz 261ms (cache miss)
5337 http fetch GET 200 https://registry.npmjs.org/require-directory/-/require-directory-2.1.1.tgz 280ms (cache miss)
5338 http fetch GET 200 https://registry.npmjs.org/isexe/-/isexe-2.0.0.tgz 280ms (cache miss)
5339 http fetch GET 200 https://registry.npmjs.org/cliui/-/cliui-8.0.1.tgz 280ms (cache miss)
5340 http fetch GET 200 https://registry.npmjs.org/get-caller-file/-/get-caller-file-2.0.5.tgz 278ms (cache miss)
5341 http fetch GET 200 https://registry.npmjs.org/@jridgewell/source-map/-/source-map-0.3.11.tgz 288ms (cache miss)
5342 http fetch GET 200 https://registry.npmjs.org/@xtuc/ieee754/-/ieee754-1.2.0.tgz 297ms (cache miss)
5343 http fetch GET 200 https://registry.npmjs.org/eastasianwidth/-/eastasianwidth-0.2.0.tgz 303ms (cache miss)
5344 http fetch GET 200 https://registry.npmjs.org/strip-ansi/-/strip-ansi-6.0.1.tgz 303ms (cache miss)
5345 http fetch GET 200 https://registry.npmjs.org/wrap-ansi/-/wrap-ansi-7.0.0.tgz 304ms (cache miss)
5346 http fetch GET 200 https://registry.npmjs.org/glob-to-regexp/-/glob-to-regexp-0.4.1.tgz 304ms (cache miss)
5347 http fetch GET 200 https://registry.npmjs.org/string-width/-/string-width-4.2.3.tgz 304ms (cache miss)
5348 http fetch GET 200 https://registry.npmjs.org/package-json-from-dist/-/package-json-from-dist-1.0.1.tgz 310ms (cache miss)
5349 http fetch GET 200 https://registry.npmjs.org/@pkgjs/parseargs/-/parseargs-0.11.0.tgz 312ms (cache miss)
5350 http fetch GET 200 https://registry.npmjs.org/terser/-/terser-5.49.0.tgz 311ms (cache miss)
5351 http fetch GET 200 https://registry.npmjs.org/jackspeak/-/jackspeak-3.4.3.tgz 314ms (cache miss)
5352 http fetch GET 200 https://registry.npmjs.org/@webassemblyjs/utf8/-/utf8-1.13.2.tgz 332ms (cache miss)
5353 http fetch GET 200 https://registry.npmjs.org/@webassemblyjs/ieee754/-/ieee754-1.13.2.tgz 332ms (cache miss)
5354 http fetch GET 200 https://registry.npmjs.org/@webassemblyjs/wasm-opt/-/wasm-opt-1.14.1.tgz 331ms (cache miss)
5355 http fetch GET 200 https://registry.npmjs.org/@webassemblyjs/wast-printer/-/wast-printer-1.14.1.tgz 332ms (cache miss)
5356 http fetch GET 200 https://registry.npmjs.org/@webassemblyjs/leb128/-/leb128-1.13.2.tgz 332ms (cache miss)
5357 http fetch GET 200 https://registry.npmjs.org/@webassemblyjs/wasm-gen/-/wasm-gen-1.14.1.tgz 340ms (cache miss)
5358 http fetch GET 200 https://registry.npmjs.org/@webassemblyjs/floating-point-hex-parser/-/floating-point-hex-parser-1.13.2.tgz 340ms (cache miss)
5359 http fetch GET 200 https://registry.npmjs.org/@webassemblyjs/helper-api-error/-/helper-api-error-1.13.2.tgz 340ms (cache miss)
5360 http fetch GET 200 https://registry.npmjs.org/@webassemblyjs/helper-wasm-bytecode/-/helper-wasm-bytecode-1.13.2.tgz 340ms (cache miss)
5361 http fetch GET 200 https://registry.npmjs.org/@webassemblyjs/helper-buffer/-/helper-buffer-1.14.1.tgz 341ms (cache miss)
5362 http fetch GET 200 https://registry.npmjs.org/@webassemblyjs/helper-wasm-section/-/helper-wasm-section-1.14.1.tgz 341ms (cache miss)
5363 http fetch GET 200 https://registry.npmjs.org/@xtuc/long/-/long-4.2.2.tgz 341ms (cache miss)
5364 http fetch GET 200 https://registry.npmjs.org/@webassemblyjs/helper-numbers/-/helper-numbers-1.13.2.tgz 346ms (cache miss)
5365 http fetch GET 200 https://registry.npmjs.org/webpack-sources/-/webpack-sources-3.5.1.tgz 347ms (cache miss)
5366 http fetch GET 200 https://registry.npmjs.org/watchpack/-/watchpack-2.5.2.tgz 350ms (cache miss)
5367 http fetch GET 200 https://registry.npmjs.org/chrome-trace-event/-/chrome-trace-event-1.0.4.tgz 382ms (cache miss)
5368 http fetch GET 200 https://registry.npmjs.org/tmpl/-/tmpl-1.0.5.tgz 381ms (cache miss)
5369 http fetch GET 200 https://registry.npmjs.org/makeerror/-/makeerror-1.0.12.tgz 381ms (cache miss)
5370 http fetch GET 200 https://registry.npmjs.org/punycode/-/punycode-2.3.1.tgz 386ms (cache miss)
5371 http fetch GET 200 https://registry.npmjs.org/clone/-/clone-1.0.4.tgz 387ms (cache miss)
5372 http fetch GET 200 https://registry.npmjs.org/loader-runner/-/loader-runner-4.3.2.tgz 389ms (cache miss)
5373 http fetch GET 200 https://registry.npmjs.org/defaults/-/defaults-1.0.4.tgz 389ms (cache miss)
5374 http fetch GET 200 https://registry.npmjs.org/acorn-import-phases/-/acorn-import-phases-1.0.4.tgz 390ms (cache miss)
5375 http fetch GET 200 https://registry.npmjs.org/escalade/-/escalade-3.2.0.tgz 390ms (cache miss)
5376 http fetch GET 200 https://registry.npmjs.org/@webassemblyjs/wasm-edit/-/wasm-edit-1.14.1.tgz 390ms (cache miss)
5377 http fetch GET 200 https://registry.npmjs.org/es-module-lexer/-/es-module-lexer-2.3.1.tgz 392ms (cache miss)
5378 http fetch GET 200 https://registry.npmjs.org/@webassemblyjs/wasm-parser/-/wasm-parser-1.14.1.tgz 392ms (cache miss)
5379 http fetch GET 200 https://registry.npmjs.org/minimizer-webpack-plugin/-/minimizer-webpack-plugin-5.6.1.tgz 393ms (cache miss)
5380 http fetch GET 200 https://registry.npmjs.org/events/-/events-3.3.0.tgz 394ms (cache miss)
5381 http fetch GET 200 https://registry.npmjs.org/@webassemblyjs/ast/-/ast-1.14.1.tgz 397ms (cache miss)
5382 http fetch GET 200 https://registry.npmjs.org/fdir/-/fdir-6.5.0.tgz 414ms (cache miss)
5383 http fetch GET 200 https://registry.npmjs.org/tinyglobby/-/tinyglobby-0.2.17.tgz 413ms (cache miss)
5384 http fetch GET 200 https://registry.npmjs.org/napi-postinstall/-/napi-postinstall-0.3.4.tgz 416ms (cache miss)
5385 http fetch GET 200 https://registry.npmjs.org/@lukeed/csprng/-/csprng-1.1.0.tgz 420ms (cache miss)
5386 http fetch GET 200 https://registry.npmjs.org/@typescript-eslint/tsconfig-utils/-/tsconfig-utils-8.64.0.tgz 420ms (cache miss)
5387 http fetch GET 200 https://registry.npmjs.org/ts-api-utils/-/ts-api-utils-2.5.0.tgz 421ms (cache miss)
5388 http fetch GET 200 https://registry.npmjs.org/@typescript-eslint/project-service/-/project-service-8.64.0.tgz 429ms (cache miss)
5389 http fetch GET 200 https://registry.npmjs.org/@typescript-eslint/parser/-/parser-8.64.0.tgz 429ms (cache miss)
5390 http fetch GET 200 https://registry.npmjs.org/@typescript-eslint/visitor-keys/-/visitor-keys-8.64.0.tgz 430ms (cache miss)
5391 http fetch GET 200 https://registry.npmjs.org/@typescript-eslint/types/-/types-8.64.0.tgz 434ms (cache miss)
5392 http fetch GET 200 https://registry.npmjs.org/@typescript-eslint/type-utils/-/type-utils-8.64.0.tgz 441ms (cache miss)
5393 http fetch GET 200 https://registry.npmjs.org/media-typer/-/media-typer-1.1.0.tgz 448ms (cache miss)
5394 http fetch GET 200 https://registry.npmjs.org/v8-compile-cache-lib/-/v8-compile-cache-lib-3.0.1.tgz 454ms (cache miss)
5395 http fetch GET 200 https://registry.npmjs.org/arg/-/arg-4.1.3.tgz 454ms (cache miss)
5396 http fetch GET 200 https://registry.npmjs.org/@typescript-eslint/typescript-estree/-/typescript-estree-8.64.0.tgz 458ms (cache miss)
5397 http fetch GET 200 https://registry.npmjs.org/@typescript-eslint/utils/-/utils-8.64.0.tgz 459ms (cache miss)
5398 http fetch GET 200 https://registry.npmjs.org/@tsconfig/node16/-/node16-1.0.4.tgz 463ms (cache miss)
5399 http fetch GET 200 https://registry.npmjs.org/acorn-walk/-/acorn-walk-8.3.5.tgz 476ms (cache miss)
5400 http fetch GET 200 https://registry.npmjs.org/@tsconfig/node12/-/node12-1.0.11.tgz 477ms (cache miss)
5401 http fetch GET 200 https://registry.npmjs.org/create-require/-/create-require-1.1.1.tgz 477ms (cache miss)
5402 http fetch GET 200 https://registry.npmjs.org/@tsconfig/node14/-/node14-1.0.3.tgz 477ms (cache miss)
5403 http fetch GET 200 https://registry.npmjs.org/enhanced-resolve/-/enhanced-resolve-5.24.2.tgz 478ms (cache miss)
5404 http fetch GET 200 https://registry.npmjs.org/diff/-/diff-4.0.4.tgz 485ms (cache miss)
5405 http fetch GET 200 https://registry.npmjs.org/@tsconfig/node10/-/node10-1.0.12.tgz 488ms (cache miss)
5406 http fetch GET 200 https://registry.npmjs.org/make-error/-/make-error-1.3.6.tgz 487ms (cache miss)
5407 http fetch GET 200 https://registry.npmjs.org/wordwrap/-/wordwrap-1.0.0.tgz 492ms (cache miss)
5408 http fetch GET 200 https://registry.npmjs.org/neo-async/-/neo-async-2.6.2.tgz 497ms (cache miss)
5409 http fetch GET 200 https://registry.npmjs.org/lodash.memoize/-/lodash.memoize-4.1.2.tgz 497ms (cache miss)
5410 http fetch GET 200 https://registry.npmjs.org/minimist/-/minimist-1.2.8.tgz 524ms (cache miss)
5411 http fetch GET 200 https://registry.npmjs.org/bs-logger/-/bs-logger-0.2.6.tgz 524ms (cache miss)
5412 http fetch GET 200 https://registry.npmjs.org/has-flag/-/has-flag-4.0.0.tgz 524ms (cache miss)
5413 http fetch GET 200 https://registry.npmjs.org/@borewit/text-codec/-/text-codec-0.2.2.tgz 525ms (cache miss)
5414 http fetch GET 200 https://registry.npmjs.org/dezalgo/-/dezalgo-1.0.4.tgz 525ms (cache miss)
5415 http fetch GET 200 https://registry.npmjs.org/asap/-/asap-2.0.6.tgz 525ms (cache miss)
5416 http fetch GET 200 https://registry.npmjs.org/uglify-js/-/uglify-js-3.19.3.tgz 527ms (cache miss)
5417 http fetch GET 200 https://registry.npmjs.org/@pkgr/core/-/core-0.3.6.tgz 526ms (cache miss)
5418 http fetch GET 200 https://registry.npmjs.org/@paralleldrive/cuid2/-/cuid2-2.3.1.tgz 534ms (cache miss)
5419 http fetch GET 200 https://registry.npmjs.org/cookiejar/-/cookiejar-2.1.4.tgz 534ms (cache miss)
5420 http fetch GET 200 https://registry.npmjs.org/formidable/-/formidable-3.5.4.tgz 543ms (cache miss)
5421 http fetch GET 200 https://registry.npmjs.org/component-emitter/-/component-emitter-1.3.1.tgz 549ms (cache miss)
5422 http fetch GET 200 https://registry.npmjs.org/methods/-/methods-1.1.2.tgz 550ms (cache miss)
5423 http fetch GET 200 https://registry.npmjs.org/mime/-/mime-2.6.0.tgz 551ms (cache miss)
5424 http fetch GET 200 https://registry.npmjs.org/ansi-regex/-/ansi-regex-5.0.1.tgz 556ms (cache miss)
5425 http fetch GET 200 https://registry.npmjs.org/char-regex/-/char-regex-1.0.2.tgz 556ms (cache miss)
5426 http fetch GET 200 https://registry.npmjs.org/is-fullwidth-code-point/-/is-fullwidth-code-point-3.0.0.tgz 563ms (cache miss)
5427 http fetch GET 200 https://registry.npmjs.org/@tokenizer/token/-/token-0.3.0.tgz 564ms (cache miss)
5428 http fetch GET 200 https://registry.npmjs.org/call-bound/-/call-bound-1.0.4.tgz 577ms (cache miss)
5429 http fetch GET 200 https://registry.npmjs.org/@typescript-eslint/scope-manager/-/scope-manager-8.64.0.tgz 584ms (cache miss)
5430 http fetch GET 200 https://registry.npmjs.org/safe-buffer/-/safe-buffer-5.2.1.tgz 583ms (cache miss)
5431 http fetch GET 200 https://registry.npmjs.org/emoji-regex/-/emoji-regex-8.0.0.tgz 583ms (cache miss)
5432 http fetch GET 200 https://registry.npmjs.org/superagent/-/superagent-10.3.0.tgz 589ms (cache miss)
5433 http fetch GET 200 https://registry.npmjs.org/side-channel-map/-/side-channel-map-1.0.1.tgz 634ms (cache miss)
5434 http fetch GET 200 https://registry.npmjs.org/side-channel-weakmap/-/side-channel-weakmap-1.0.2.tgz 644ms (cache miss)
5435 http fetch GET 200 https://registry.npmjs.org/string_decoder/-/string_decoder-1.3.0.tgz 647ms (cache miss)
5436 http fetch GET 200 https://registry.npmjs.org/shebang-regex/-/shebang-regex-3.0.0.tgz 650ms (cache miss)
5437 http fetch GET 200 https://registry.npmjs.org/unpipe/-/unpipe-1.0.0.tgz 651ms (cache miss)
5438 http fetch GET 200 https://registry.npmjs.org/util-deprecate/-/util-deprecate-1.0.2.tgz 655ms (cache miss)
5439 http fetch GET 200 https://registry.npmjs.org/side-channel-list/-/side-channel-list-1.0.1.tgz 656ms (cache miss)
5440 http fetch GET 200 https://registry.npmjs.org/is-promise/-/is-promise-4.0.0.tgz 659ms (cache miss)
5441 http fetch GET 200 https://registry.npmjs.org/ipaddr.js/-/ipaddr.js-1.9.1.tgz 661ms (cache miss)
5442 http fetch GET 200 https://registry.npmjs.org/@unrs/resolver-binding-darwin-arm64/-/resolver-binding-darwin-arm64-1.12.2.tgz 668ms (cache miss)
5443 http fetch GET 200 https://registry.npmjs.org/side-channel/-/side-channel-1.1.1.tgz 662ms (cache miss)
5444 http fetch GET 200 https://registry.npmjs.org/forwarded/-/forwarded-0.2.0.tgz 668ms (cache miss)
5445 http fetch GET 200 https://registry.npmjs.org/yn/-/yn-3.1.1.tgz 670ms (cache miss)
5446 http fetch GET 200 https://registry.npmjs.org/@cspotcode/source-map-support/-/source-map-support-0.8.1.tgz 675ms (cache miss)
5447 http fetch GET 200 https://registry.npmjs.org/react-is/-/react-is-18.3.1.tgz 672ms (cache miss)
5448 http fetch GET 200 https://registry.npmjs.org/error-ex/-/error-ex-1.3.4.tgz 675ms (cache miss)
5449 http fetch GET 200 https://registry.npmjs.org/lines-and-columns/-/lines-and-columns-1.2.4.tgz 675ms (cache miss)
5450 http fetch GET 200 https://registry.npmjs.org/json-parse-even-better-errors/-/json-parse-even-better-errors-2.3.1.tgz 675ms (cache miss)
5451 http fetch GET 200 https://registry.npmjs.org/restore-cursor/-/restore-cursor-3.1.0.tgz 675ms (cache miss)
5452 http fetch GET 200 https://registry.npmjs.org/ieee754/-/ieee754-1.2.1.tgz 675ms (cache miss)
5453 http fetch GET 200 https://registry.npmjs.org/react-is/-/react-is-19.2.7.tgz 676ms (cache miss)
5454 http fetch GET 200 https://registry.npmjs.org/yocto-queue/-/yocto-queue-0.1.0.tgz 676ms (cache miss)
5455 http fetch GET 200 https://registry.npmjs.org/is-arrayish/-/is-arrayish-0.2.1.tgz 676ms (cache miss)
5456 http fetch GET 200 https://registry.npmjs.org/base64-js/-/base64-js-1.5.1.tgz 676ms (cache miss)
5457 http fetch GET 200 https://registry.npmjs.org/wcwidth/-/wcwidth-1.0.1.tgz 677ms (cache miss)
5458 http fetch GET 200 https://registry.npmjs.org/fast-diff/-/fast-diff-1.3.0.tgz 678ms (cache miss)
5459 http fetch GET 200 https://registry.npmjs.org/buffer/-/buffer-5.7.1.tgz 677ms (cache miss)
5460 http fetch GET 200 https://registry.npmjs.org/is-unicode-supported/-/is-unicode-supported-0.1.0.tgz 678ms (cache miss)
5461 http fetch GET 200 https://registry.npmjs.org/is-interactive/-/is-interactive-1.0.0.tgz 678ms (cache miss)
5462 http fetch GET 200 https://registry.npmjs.org/log-symbols/-/log-symbols-4.1.0.tgz 682ms (cache miss)
5463 http fetch GET 200 https://registry.npmjs.org/@noble/hashes/-/hashes-1.8.0.tgz 691ms (cache miss)
5464 http fetch GET 200 https://registry.npmjs.org/cli-cursor/-/cli-cursor-3.1.0.tgz 693ms (cache miss)
5465 http fetch GET 200 https://registry.npmjs.org/strip-ansi/-/strip-ansi-6.0.1.tgz 694ms (cache miss)
5466 http fetch GET 200 https://registry.npmjs.org/object-inspect/-/object-inspect-1.13.4.tgz 698ms (cache miss)
5467 http fetch GET 200 https://registry.npmjs.org/cli-spinners/-/cli-spinners-2.9.2.tgz 695ms (cache miss)
5468 http fetch GET 200 https://registry.npmjs.org/fast-levenshtein/-/fast-levenshtein-2.0.6.tgz 696ms (cache miss)
5469 http fetch GET 200 https://registry.npmjs.org/word-wrap/-/word-wrap-1.2.5.tgz 697ms (cache miss)
5470 http fetch GET 200 https://registry.npmjs.org/ee-first/-/ee-first-1.1.1.tgz 697ms (cache miss)
5471 http fetch GET 200 https://registry.npmjs.org/wrappy/-/wrappy-1.0.2.tgz 698ms (cache miss)
5472 http fetch GET 200 https://registry.npmjs.org/deep-is/-/deep-is-0.1.4.tgz 698ms (cache miss)
5473 http fetch GET 200 https://registry.npmjs.org/bl/-/bl-4.1.0.tgz 698ms (cache miss)
5474 http fetch GET 200 https://registry.npmjs.org/typedarray/-/typedarray-0.0.6.tgz 698ms (cache miss)
5475 http fetch GET 200 https://registry.npmjs.org/ajv-keywords/-/ajv-keywords-3.5.2.tgz 704ms (cache miss)
5476 http fetch GET 200 https://registry.npmjs.org/buffer-from/-/buffer-from-1.1.2.tgz 700ms (cache miss)
5477 http fetch GET 200 https://registry.npmjs.org/readable-stream/-/readable-stream-3.6.2.tgz 708ms (cache miss)
5478 http fetch GET 200 https://registry.npmjs.org/concat-stream/-/concat-stream-2.0.0.tgz 712ms (cache miss)
5479 http fetch GET 200 https://registry.npmjs.org/append-field/-/append-field-1.0.0.tgz 724ms (cache miss)
5480 http fetch GET 200 https://registry.npmjs.org/concat-map/-/concat-map-0.0.1.tgz 725ms (cache miss)
5481 http fetch GET 200 https://registry.npmjs.org/streamsearch/-/streamsearch-1.1.0.tgz 727ms (cache miss)
5482 http fetch GET 200 https://registry.npmjs.org/p-locate/-/p-locate-5.0.0.tgz 731ms (cache miss)
5483 http fetch GET 200 https://registry.npmjs.org/balanced-match/-/balanced-match-1.0.2.tgz 731ms (cache miss)
5484 http fetch GET 200 https://registry.npmjs.org/fs-monkey/-/fs-monkey-1.1.0.tgz 731ms (cache miss)
5485 http fetch GET 200 https://registry.npmjs.org/mimic-fn/-/mimic-fn-2.1.0.tgz 731ms (cache miss)
5486 http fetch GET 200 https://registry.npmjs.org/mime-db/-/mime-db-1.54.0.tgz 735ms (cache miss)
5487 http fetch GET 200 https://registry.npmjs.org/type-check/-/type-check-0.4.0.tgz 736ms (cache miss)
5488 http fetch GET 200 https://registry.npmjs.org/yallist/-/yallist-3.1.1.tgz 736ms (cache miss)
5489 http fetch GET 200 https://registry.npmjs.org/prelude-ls/-/prelude-ls-1.2.1.tgz 738ms (cache miss)
5490 http fetch GET 200 https://registry.npmjs.org/busboy/-/busboy-1.6.0.tgz 744ms (cache miss)
5491 http fetch GET 200 https://registry.npmjs.org/json-buffer/-/json-buffer-3.0.1.tgz 742ms (cache miss)
5492 http fetch GET 200 https://registry.npmjs.org/brace-expansion/-/brace-expansion-1.1.16.tgz 744ms (cache miss)
5493 http fetch GET 200 https://registry.npmjs.org/argparse/-/argparse-2.0.1.tgz 759ms (cache miss)
5494 http fetch GET 200 https://registry.npmjs.org/leven/-/leven-3.1.0.tgz 760ms (cache miss)
5495 http fetch GET 200 https://registry.npmjs.org/jest-leak-detector/-/jest-leak-detector-30.4.1.tgz 761ms (cache miss)
5496 http fetch GET 200 https://registry.npmjs.org/callsites/-/callsites-3.1.0.tgz 762ms (cache miss)
5497 http fetch GET 200 https://registry.npmjs.org/strip-bom/-/strip-bom-4.0.0.tgz 762ms (cache miss)
5498 http fetch GET 200 https://registry.npmjs.org/cjs-module-lexer/-/cjs-module-lexer-2.2.0.tgz 763ms (cache miss)
5499 http fetch GET 200 https://registry.npmjs.org/@babel/plugin-syntax-typescript/-/plugin-syntax-typescript-7.29.7.tgz 765ms (cache miss)
5500 http fetch GET 200 https://registry.npmjs.org/emittery/-/emittery-0.13.1.tgz 765ms (cache miss)
5501 http fetch GET 200 https://registry.npmjs.org/@babel/plugin-syntax-jsx/-/plugin-syntax-jsx-7.29.7.tgz 766ms (cache miss)
5502 http fetch GET 200 https://registry.npmjs.org/@ungap/structured-clone/-/structured-clone-1.3.3.tgz 769ms (cache miss)
5503 http fetch GET 200 https://registry.npmjs.org/unrs-resolver/-/unrs-resolver-1.12.2.tgz 768ms (cache miss)
5504 http fetch GET 200 https://registry.npmjs.org/handlebars/-/handlebars-4.7.9.tgz 781ms (cache miss)
5505 http fetch GET 200 https://registry.npmjs.org/@types/stack-utils/-/stack-utils-2.0.3.tgz 777ms (cache miss)
5506 http fetch GET 200 https://registry.npmjs.org/jest-pnp-resolver/-/jest-pnp-resolver-1.2.3.tgz 792ms (cache miss)
5507 http fetch GET 200 https://registry.npmjs.org/normalize-path/-/normalize-path-3.0.0.tgz 792ms (cache miss)
5508 http fetch GET 200 https://registry.npmjs.org/node-int64/-/node-int64-0.4.0.tgz 792ms (cache miss)
5509 http fetch GET 200 https://registry.npmjs.org/jest-diff/-/jest-diff-30.4.1.tgz 793ms (cache miss)
5510 http fetch GET 200 https://registry.npmjs.org/bser/-/bser-2.1.1.tgz 793ms (cache miss)
5511 http fetch GET 200 https://registry.npmjs.org/fsevents/-/fsevents-2.3.3.tgz 795ms (cache miss)
5512 http fetch GET 200 https://registry.npmjs.org/walker/-/walker-1.0.8.tgz 795ms (cache miss)
5513 http fetch GET 200 https://registry.npmjs.org/anymatch/-/anymatch-3.1.3.tgz 798ms (cache miss)
5514 http fetch GET 200 https://registry.npmjs.org/fb-watchman/-/fb-watchman-2.0.2.tgz 798ms (cache miss)
5515 http fetch GET 200 https://registry.npmjs.org/detect-newline/-/detect-newline-3.1.0.tgz 799ms (cache miss)
5516 http fetch GET 200 https://registry.npmjs.org/@sinonjs/commons/-/commons-3.0.1.tgz 819ms (cache miss)
5517 http fetch GET 200 https://registry.npmjs.org/@typescript-eslint/eslint-plugin/-/eslint-plugin-8.64.0.tgz 832ms (cache miss)
5518 http fetch GET 200 https://registry.npmjs.org/stack-utils/-/stack-utils-2.0.6.tgz 825ms (cache miss)
5519 http fetch GET 200 https://registry.npmjs.org/type-detect/-/type-detect-4.0.8.tgz 825ms (cache miss)
5520 http fetch GET 200 https://registry.npmjs.org/jest-each/-/jest-each-30.4.1.tgz 826ms (cache miss)
5521 http fetch GET 200 https://registry.npmjs.org/is-generator-fn/-/is-generator-fn-2.1.0.tgz 827ms (cache miss)
5522 http fetch GET 200 https://registry.npmjs.org/co/-/co-4.6.0.tgz 832ms (cache miss)
5523 http fetch GET 200 https://registry.npmjs.org/dedent/-/dedent-1.7.2.tgz 832ms (cache miss)
5524 http fetch GET 200 https://registry.npmjs.org/@sinonjs/fake-timers/-/fake-timers-15.4.0.tgz 840ms (cache miss)
5525 http fetch GET 200 https://registry.npmjs.org/@babel/plugin-syntax-top-level-await/-/plugin-syntax-top-level-await-7.14.5.tgz 854ms (cache miss)
5526 http fetch GET 200 https://registry.npmjs.org/@babel/plugin-syntax-private-property-in-object/-/plugin-syntax-private-property-in-object-7.14.5.tgz 864ms (cache miss)
5527 http fetch GET 200 https://registry.npmjs.org/@babel/plugin-syntax-numeric-separator/-/plugin-syntax-numeric-separator-7.10.4.tgz 865ms (cache miss)
5528 http fetch GET 200 https://registry.npmjs.org/@babel/plugin-syntax-object-rest-spread/-/plugin-syntax-object-rest-spread-7.8.3.tgz 865ms (cache miss)
5529 http fetch GET 200 https://registry.npmjs.org/@babel/plugin-syntax-optional-chaining/-/plugin-syntax-optional-chaining-7.8.3.tgz 865ms (cache miss)
5530 http fetch GET 200 https://registry.npmjs.org/@babel/plugin-syntax-optional-catch-binding/-/plugin-syntax-optional-catch-binding-7.8.3.tgz 865ms (cache miss)
5531 http fetch GET 200 https://registry.npmjs.org/@babel/plugin-syntax-nullish-coalescing-operator/-/plugin-syntax-nullish-coalescing-operator-7.8.3.tgz 866ms (cache miss)
5532 http fetch GET 200 https://registry.npmjs.org/pure-rand/-/pure-rand-7.0.1.tgz 873ms (cache miss)
5533 http fetch GET 200 https://registry.npmjs.org/@babel/plugin-syntax-logical-assignment-operators/-/plugin-syntax-logical-assignment-operators-7.10.4.tgz 873ms (cache miss)
5534 http fetch GET 200 https://registry.npmjs.org/lodash/-/lodash-4.18.1.tgz 887ms (cache miss)
5535 http fetch GET 200 https://registry.npmjs.org/@jest/source-map/-/source-map-30.0.1.tgz 903ms (cache miss)
5536 http fetch GET 200 https://registry.npmjs.org/@babel/plugin-syntax-import-attributes/-/plugin-syntax-import-attributes-7.29.7.tgz 899ms (cache miss)
5537 http fetch GET 200 https://registry.npmjs.org/@babel/plugin-syntax-class-static-block/-/plugin-syntax-class-static-block-7.14.5.tgz 902ms (cache miss)
5538 http fetch GET 200 https://registry.npmjs.org/@babel/plugin-syntax-bigint/-/plugin-syntax-bigint-7.8.3.tgz 902ms (cache miss)
5539 http fetch GET 200 https://registry.npmjs.org/@babel/plugin-syntax-async-generators/-/plugin-syntax-async-generators-7.8.4.tgz 911ms (cache miss)
5540 http fetch GET 200 https://registry.npmjs.org/@babel/plugin-syntax-import-meta/-/plugin-syntax-import-meta-7.10.4.tgz 911ms (cache miss)
5541 http fetch GET 200 https://registry.npmjs.org/@babel/plugin-syntax-class-properties/-/plugin-syntax-class-properties-7.12.13.tgz 911ms (cache miss)
5542 http fetch GET 200 https://registry.npmjs.org/babel-preset-current-node-syntax/-/babel-preset-current-node-syntax-1.2.0.tgz 911ms (cache miss)
5543 http fetch GET 200 https://registry.npmjs.org/@jest/globals/-/globals-30.4.1.tgz 915ms (cache miss)
5544 http fetch GET 200 https://registry.npmjs.org/@jest/snapshot-utils/-/snapshot-utils-30.4.1.tgz 917ms (cache miss)
5545 http fetch GET 200 https://registry.npmjs.org/@jest/diff-sequences/-/diff-sequences-30.4.0.tgz 938ms (cache miss)
5546 http fetch GET 200 https://registry.npmjs.org/babel-plugin-jest-hoist/-/babel-plugin-jest-hoist-30.4.0.tgz 946ms (cache miss)
5547 http fetch GET 200 https://registry.npmjs.org/@types/babel__template/-/babel__template-7.4.4.tgz 946ms (cache miss)
5548 http fetch GET 200 https://registry.npmjs.org/@types/babel__generator/-/babel__generator-7.27.0.tgz 946ms (cache miss)
5549 http fetch GET 200 https://registry.npmjs.org/jest-environment-node/-/jest-environment-node-30.4.1.tgz 946ms (cache miss)
5550 http fetch GET 200 https://registry.npmjs.org/babel-preset-jest/-/babel-preset-jest-30.4.0.tgz 946ms (cache miss)
5551 http fetch GET 200 https://registry.npmjs.org/@types/babel__traverse/-/babel__traverse-7.28.0.tgz 947ms (cache miss)
5552 http fetch GET 200 https://registry.npmjs.org/jest-docblock/-/jest-docblock-30.4.0.tgz 947ms (cache miss)
5553 http fetch GET 200 https://registry.npmjs.org/jest-circus/-/jest-circus-30.4.2.tgz 947ms (cache miss)
5554 http fetch GET 200 https://registry.npmjs.org/@types/babel__core/-/babel__core-7.20.5.tgz 947ms (cache miss)
5555 http fetch GET 200 https://registry.npmjs.org/@jest/fake-timers/-/fake-timers-30.4.1.tgz 969ms (cache miss)
5556 http fetch GET 200 https://registry.npmjs.org/onetime/-/onetime-5.1.2.tgz 973ms (cache miss)
5557 http fetch GET 200 https://registry.npmjs.org/is-stream/-/is-stream-2.0.1.tgz 980ms (cache miss)
5558 http fetch GET 200 https://registry.npmjs.org/strip-final-newline/-/strip-final-newline-2.0.0.tgz 980ms (cache miss)
5559 http fetch GET 200 https://registry.npmjs.org/npm-run-path/-/npm-run-path-4.0.1.tgz 980ms (cache miss)
5560 http fetch GET 200 https://registry.npmjs.org/@jest/environment/-/environment-30.4.1.tgz 983ms (cache miss)
5561 http fetch GET 200 https://registry.npmjs.org/p-limit/-/p-limit-3.1.0.tgz 979ms (cache miss)
5562 http fetch GET 200 https://registry.npmjs.org/merge-stream/-/merge-stream-2.0.0.tgz 981ms (cache miss)
5563 http fetch GET 200 https://registry.npmjs.org/get-stream/-/get-stream-6.0.1.tgz 981ms (cache miss)
5564 http fetch GET 200 https://registry.npmjs.org/human-signals/-/human-signals-2.1.0.tgz 982ms (cache miss)
5565 http fetch GET 200 https://registry.npmjs.org/yargs/-/yargs-17.7.3.tgz 987ms (cache miss)
5566 http fetch GET 200 https://registry.npmjs.org/execa/-/execa-5.1.1.tgz 999ms (cache miss)
5567 http fetch GET 200 https://registry.npmjs.org/@jest/expect/-/expect-30.4.1.tgz 1008ms (cache miss)
5568 http fetch GET 200 https://registry.npmjs.org/html-escaper/-/html-escaper-2.0.2.tgz 1006ms (cache miss)
5569 http fetch GET 200 https://registry.npmjs.org/pkg-dir/-/pkg-dir-4.2.0.tgz 1009ms (cache miss)
5570 http fetch GET 200 https://registry.npmjs.org/make-dir/-/make-dir-4.0.0.tgz 1011ms (cache miss)
5571 http fetch GET 200 https://registry.npmjs.org/update-browserslist-db/-/update-browserslist-db-1.2.3.tgz 1011ms (cache miss)
5572 http fetch GET 200 https://registry.npmjs.org/resolve-cwd/-/resolve-cwd-3.0.0.tgz 1011ms (cache miss)
5573 http fetch GET 200 https://registry.npmjs.org/node-releases/-/node-releases-2.0.51.tgz 1013ms (cache miss)
5574 http fetch GET 200 https://registry.npmjs.org/baseline-browser-mapping/-/baseline-browser-mapping-2.10.43.tgz 1013ms (cache miss)
5575 http fetch GET 200 https://registry.npmjs.org/get-package-type/-/get-package-type-0.1.0.tgz 1014ms (cache miss)
5576 http fetch GET 200 https://registry.npmjs.org/electron-to-chromium/-/electron-to-chromium-1.5.392.tgz 1017ms (cache miss)
5577 http fetch GET 200 https://registry.npmjs.org/@babel/plugin-syntax-json-strings/-/plugin-syntax-json-strings-7.8.3.tgz 1025ms (cache miss)
5578 http fetch GET 200 https://registry.npmjs.org/camelcase/-/camelcase-5.3.1.tgz 1031ms (cache miss)
5579 http fetch GET 200 https://registry.npmjs.org/test-exclude/-/test-exclude-6.0.0.tgz 1039ms (cache miss)
5580 http fetch GET 200 https://registry.npmjs.org/@babel/helper-plugin-utils/-/helper-plugin-utils-7.29.7.tgz 1046ms (cache miss)
5581 http fetch GET 200 https://registry.npmjs.org/@istanbuljs/schema/-/schema-0.1.6.tgz 1050ms (cache miss)
5582 http fetch GET 200 https://registry.npmjs.org/@types/yargs-parser/-/yargs-parser-21.0.3.tgz 1049ms (cache miss)
5583 http fetch GET 200 https://registry.npmjs.org/@types/istanbul-lib-report/-/istanbul-lib-report-3.0.3.tgz 1049ms (cache miss)
5584 http fetch GET 200 https://registry.npmjs.org/@types/yargs/-/yargs-17.0.35.tgz 1052ms (cache miss)
5585 http fetch GET 200 https://registry.npmjs.org/type-fest/-/type-fest-0.21.3.tgz 1054ms (cache miss)
5586 http fetch GET 200 https://registry.npmjs.org/@jridgewell/resolve-uri/-/resolve-uri-3.1.2.tgz 1057ms (cache miss)
5587 http fetch GET 200 https://registry.npmjs.org/@types/istanbul-reports/-/istanbul-reports-3.0.4.tgz 1059ms (cache miss)
5588 http fetch GET 200 https://registry.npmjs.org/@jridgewell/sourcemap-codec/-/sourcemap-codec-1.5.5.tgz 1062ms (cache miss)
5589 http fetch GET 200 https://registry.npmjs.org/@istanbuljs/load-nyc-config/-/load-nyc-config-1.1.0.tgz 1081ms (cache miss)
5590 http fetch GET 200 https://registry.npmjs.org/lru-cache/-/lru-cache-5.1.1.tgz 1080ms (cache miss)
5591 http fetch GET 200 https://registry.npmjs.org/@babel/helper-string-parser/-/helper-string-parser-7.29.7.tgz 1081ms (cache miss)
5592 http fetch GET 200 https://registry.npmjs.org/@babel/helper-globals/-/helper-globals-7.29.7.tgz 1083ms (cache miss)
5593 http fetch GET 200 https://registry.npmjs.org/browserslist/-/browserslist-4.28.6.tgz 1089ms (cache miss)
5594 http fetch GET 200 https://registry.npmjs.org/@babel/helper-module-imports/-/helper-module-imports-7.29.7.tgz 1090ms (cache miss)
5595 http fetch GET 200 https://registry.npmjs.org/jsesc/-/jsesc-3.1.0.tgz 1090ms (cache miss)
5596 http fetch GET 200 https://registry.npmjs.org/@babel/helper-validator-option/-/helper-validator-option-7.29.7.tgz 1092ms (cache miss)
5597 http fetch GET 200 https://registry.npmjs.org/@babel/compat-data/-/compat-data-7.29.7.tgz 1092ms (cache miss)
5598 http fetch GET 200 https://registry.npmjs.org/@jridgewell/gen-mapping/-/gen-mapping-0.3.13.tgz 1099ms (cache miss)
5599 http fetch GET 200 https://registry.npmjs.org/json5/-/json5-2.2.3.tgz 1100ms (cache miss)
5600 http fetch GET 200 https://registry.npmjs.org/gensync/-/gensync-1.0.0-beta.2.tgz 1103ms (cache miss)
5601 http fetch GET 200 https://registry.npmjs.org/@jest/test-sequencer/-/test-sequencer-30.4.1.tgz 1117ms (cache miss)
5602 http fetch GET 200 https://registry.npmjs.org/@jridgewell/remapping/-/remapping-2.3.5.tgz 1122ms (cache miss)
5603 http fetch GET 200 https://registry.npmjs.org/babel-jest/-/babel-jest-30.4.1.tgz 1127ms (cache miss)
5604 http fetch GET 200 https://registry.npmjs.org/@babel/template/-/template-7.29.7.tgz 1129ms (cache miss)
5605 http fetch GET 200 https://registry.npmjs.org/@babel/helper-module-transforms/-/helper-module-transforms-7.29.7.tgz 1137ms (cache miss)
5606 http fetch GET 200 https://registry.npmjs.org/write-file-atomic/-/write-file-atomic-5.0.1.tgz 1138ms (cache miss)
5607 http fetch GET 200 https://registry.npmjs.org/convert-source-map/-/convert-source-map-2.0.0.tgz 1138ms (cache miss)
5608 http fetch GET 200 https://registry.npmjs.org/@babel/parser/-/parser-7.29.7.tgz 1140ms (cache miss)
5609 http fetch GET 200 https://registry.npmjs.org/@babel/helper-compilation-targets/-/helper-compilation-targets-7.29.7.tgz 1144ms (cache miss)
5610 http fetch GET 200 https://registry.npmjs.org/@babel/traverse/-/traverse-7.29.7.tgz 1155ms (cache miss)
5611 http fetch GET 200 https://registry.npmjs.org/@babel/generator/-/generator-7.29.7.tgz 1156ms (cache miss)
5612 http fetch GET 200 https://registry.npmjs.org/babel-plugin-istanbul/-/babel-plugin-istanbul-7.0.1.tgz 1157ms (cache miss)
5613 http fetch GET 200 https://registry.npmjs.org/@types/istanbul-lib-coverage/-/istanbul-lib-coverage-2.0.6.tgz 1159ms (cache miss)
5614 http fetch GET 200 https://registry.npmjs.org/v8-to-istanbul/-/v8-to-istanbul-9.3.0.tgz 1160ms (cache miss)
5615 http fetch GET 200 https://registry.npmjs.org/string-length/-/string-length-4.0.2.tgz 1161ms (cache miss)
5616 http fetch GET 200 https://registry.npmjs.org/istanbul-lib-source-maps/-/istanbul-lib-source-maps-5.0.6.tgz 1169ms (cache miss)
5617 http fetch GET 200 https://registry.npmjs.org/istanbul-lib-report/-/istanbul-lib-report-3.0.1.tgz 1170ms (cache miss)
5618 http fetch GET 200 https://registry.npmjs.org/jest-worker/-/jest-worker-30.4.1.tgz 1173ms (cache miss)
5619 http fetch GET 200 https://registry.npmjs.org/istanbul-lib-coverage/-/istanbul-lib-coverage-3.2.2.tgz 1171ms (cache miss)
5620 http fetch GET 200 https://registry.npmjs.org/collect-v8-coverage/-/collect-v8-coverage-1.0.3.tgz 1172ms (cache miss)
5621 http fetch GET 200 https://registry.npmjs.org/istanbul-lib-instrument/-/istanbul-lib-instrument-6.0.3.tgz 1173ms (cache miss)
5622 http fetch GET 200 https://registry.npmjs.org/istanbul-reports/-/istanbul-reports-3.2.0.tgz 1188ms (cache miss)
5623 http fetch GET 200 https://registry.npmjs.org/jest-watcher/-/jest-watcher-30.4.1.tgz 1192ms (cache miss)
5624 http fetch GET 200 https://registry.npmjs.org/slash/-/slash-3.0.0.tgz 1193ms (cache miss)
5625 http fetch GET 200 https://registry.npmjs.org/jest-snapshot/-/jest-snapshot-30.4.1.tgz 1196ms (cache miss)
5626 http fetch GET 200 https://registry.npmjs.org/jest-validate/-/jest-validate-30.4.1.tgz 1198ms (cache miss)
5627 http fetch GET 200 https://registry.npmjs.org/jest-runtime/-/jest-runtime-30.4.2.tgz 1203ms (cache miss)
5628 http fetch GET 200 https://registry.npmjs.org/jest-runner/-/jest-runner-30.4.2.tgz 1203ms (cache miss)
5629 http fetch GET 200 https://registry.npmjs.org/jest-changed-files/-/jest-changed-files-30.4.1.tgz 1205ms (cache miss)
5630 http fetch GET 200 https://registry.npmjs.org/jest-resolve/-/jest-resolve-30.4.1.tgz 1205ms (cache miss)
5631 http fetch GET 200 https://registry.npmjs.org/jest-regex-util/-/jest-regex-util-30.4.0.tgz 1205ms (cache miss)
5632 http fetch GET 200 https://registry.npmjs.org/jest-resolve-dependencies/-/jest-resolve-dependencies-30.4.2.tgz 1205ms (cache miss)
5633 http fetch GET 200 https://registry.npmjs.org/jest-haste-map/-/jest-haste-map-30.4.1.tgz 1206ms (cache miss)
5634 http fetch GET 200 https://registry.npmjs.org/@babel/types/-/types-7.29.7.tgz 1213ms (cache miss)
5635 http fetch GET 200 https://registry.npmjs.org/@jridgewell/trace-mapping/-/trace-mapping-0.3.31.tgz 1217ms (cache miss)
5636 http fetch GET 200 https://registry.npmjs.org/@babel/core/-/core-7.29.7.tgz 1222ms (cache miss)
5637 http fetch GET 200 https://registry.npmjs.org/@jest/schemas/-/schemas-30.4.1.tgz 1226ms (cache miss)
5638 http fetch GET 200 https://registry.npmjs.org/pirates/-/pirates-4.0.7.tgz 1227ms (cache miss)
5639 http fetch GET 200 https://registry.npmjs.org/@bcoe/v8-coverage/-/v8-coverage-0.2.3.tgz 1231ms (cache miss)
5640 http fetch GET 200 https://registry.npmjs.org/ci-info/-/ci-info-4.4.0.tgz 1232ms (cache miss)
5641 http fetch GET 200 https://registry.npmjs.org/jest-config/-/jest-config-30.4.2.tgz 1232ms (cache miss)
5642 http fetch GET 200 https://registry.npmjs.org/ansi-escapes/-/ansi-escapes-4.3.2.tgz 1234ms (cache miss)
5643 http fetch GET 200 https://registry.npmjs.org/exit-x/-/exit-x-0.2.2.tgz 1237ms (cache miss)
5644 http fetch GET 200 https://registry.npmjs.org/import-local/-/import-local-3.2.0.tgz 1236ms (cache miss)
5645 http fetch GET 200 https://registry.npmjs.org/jest-cli/-/jest-cli-30.4.2.tgz 1237ms (cache miss)
5646 http fetch GET 200 https://registry.npmjs.org/caniuse-lite/-/caniuse-lite-1.0.30001806.tgz 1254ms (cache miss)
5647 http fetch GET 200 https://registry.npmjs.org/@babel/helpers/-/helpers-7.29.7.tgz 1251ms (cache miss)
5648 http fetch GET 200 https://registry.npmjs.org/is-extglob/-/is-extglob-2.1.1.tgz 1256ms (cache miss)
5649 http fetch GET 200 https://registry.npmjs.org/resolve-from/-/resolve-from-4.0.0.tgz 1262ms (cache miss)
5650 http fetch GET 200 https://registry.npmjs.org/parent-module/-/parent-module-1.0.1.tgz 1262ms (cache miss)
5651 http fetch GET 200 https://registry.npmjs.org/toidentifier/-/toidentifier-1.0.1.tgz 1262ms (cache miss)
5652 http fetch GET 200 https://registry.npmjs.org/safer-buffer/-/safer-buffer-2.1.2.tgz 1266ms (cache miss)
5653 http fetch GET 200 https://registry.npmjs.org/inherits/-/inherits-2.0.4.tgz 1269ms (cache miss)
5654 http fetch GET 200 https://registry.npmjs.org/setprototypeof/-/setprototypeof-1.2.0.tgz 1272ms (cache miss)
5655 http fetch GET 200 https://registry.npmjs.org/path-scurry/-/path-scurry-2.0.2.tgz 1280ms (cache miss)
5656 http fetch GET 200 https://registry.npmjs.org/has-symbols/-/has-symbols-1.1.0.tgz 1296ms (cache miss)
5657 http fetch GET 200 https://registry.npmjs.org/gopd/-/gopd-1.2.0.tgz 1296ms (cache miss)
5658 http fetch GET 200 https://registry.npmjs.org/math-intrinsics/-/math-intrinsics-1.1.0.tgz 1301ms (cache miss)
5659 http fetch GET 200 https://registry.npmjs.org/minipass/-/minipass-7.1.3.tgz 1302ms (cache miss)
5660 http fetch GET 200 https://registry.npmjs.org/get-proto/-/get-proto-1.0.1.tgz 1302ms (cache miss)
5661 http fetch GET 200 https://registry.npmjs.org/function-bind/-/function-bind-1.1.2.tgz 1303ms (cache miss)
5662 http fetch GET 200 https://registry.npmjs.org/es-object-atoms/-/es-object-atoms-1.1.2.tgz 1307ms (cache miss)
5663 http fetch GET 200 https://registry.npmjs.org/call-bind-apply-helpers/-/call-bind-apply-helpers-1.0.2.tgz 1313ms (cache miss)
5664 http fetch GET 200 https://registry.npmjs.org/es-define-property/-/es-define-property-1.0.1.tgz 1331ms (cache miss)
5665 http fetch GET 200 https://registry.npmjs.org/jsonfile/-/jsonfile-6.2.1.tgz 1331ms (cache miss)
5666 http fetch GET 200 https://registry.npmjs.org/graceful-fs/-/graceful-fs-4.2.11.tgz 1331ms (cache miss)
5667 http fetch GET 200 https://registry.npmjs.org/universalify/-/universalify-2.0.1.tgz 1331ms (cache miss)
5668 http fetch GET 200 https://registry.npmjs.org/has-tostringtag/-/has-tostringtag-1.0.2.tgz 1333ms (cache miss)
5669 http fetch GET 200 https://registry.npmjs.org/dunder-proto/-/dunder-proto-1.0.1.tgz 1337ms (cache miss)
5670 http fetch GET 200 https://registry.npmjs.org/es-errors/-/es-errors-1.3.0.tgz 1337ms (cache miss)
5671 http fetch GET 200 https://registry.npmjs.org/get-intrinsic/-/get-intrinsic-1.3.0.tgz 1347ms (cache miss)
5672 http fetch GET 200 https://registry.npmjs.org/es-set-tostringtag/-/es-set-tostringtag-2.1.0.tgz 1368ms (cache miss)
5673 http fetch GET 200 https://registry.npmjs.org/hasown/-/hasown-2.0.4.tgz 1368ms (cache miss)
5674 http fetch GET 200 https://registry.npmjs.org/asynckit/-/asynckit-0.4.0.tgz 1368ms (cache miss)
5675 http fetch GET 200 https://registry.npmjs.org/parse-json/-/parse-json-5.2.0.tgz 1368ms (cache miss)
5676 http fetch GET 200 https://registry.npmjs.org/combined-stream/-/combined-stream-1.0.8.tgz 1369ms (cache miss)
5677 http fetch GET 200 https://registry.npmjs.org/path-type/-/path-type-4.0.0.tgz 1369ms (cache miss)
5678 http fetch GET 200 https://registry.npmjs.org/picocolors/-/picocolors-1.1.1.tgz 1370ms (cache miss)
5679 http fetch GET 200 https://registry.npmjs.org/@jest/console/-/console-30.4.1.tgz 1403ms (cache miss)
5680 http fetch GET 200 https://registry.npmjs.org/@jest/test-result/-/test-result-30.4.1.tgz 1403ms (cache miss)
5681 http fetch GET 200 https://registry.npmjs.org/@jest/transform/-/transform-30.4.1.tgz 1404ms (cache miss)
5682 http fetch GET 200 https://registry.npmjs.org/@jest/types/-/types-30.4.1.tgz 1403ms (cache miss)
5683 http fetch GET 200 https://registry.npmjs.org/@jest/pattern/-/pattern-30.4.0.tgz 1404ms (cache miss)
5684 http fetch GET 200 https://registry.npmjs.org/@babel/helper-validator-identifier/-/helper-validator-identifier-7.29.7.tgz 1401ms (cache miss)
5685 http fetch GET 200 https://registry.npmjs.org/@jest/core/-/core-30.4.2.tgz 1404ms (cache miss)
5686 http fetch GET 200 https://registry.npmjs.org/@jest/reporters/-/reporters-30.4.1.tgz 1405ms (cache miss)
5687 http fetch GET 200 https://registry.npmjs.org/js-tokens/-/js-tokens-4.0.0.tgz 1424ms (cache miss)
5688 http fetch GET 200 https://registry.npmjs.org/delayed-stream/-/delayed-stream-1.0.0.tgz 1423ms (cache miss)
5689 http fetch GET 200 https://registry.npmjs.org/deepmerge/-/deepmerge-4.3.1.tgz 1424ms (cache miss)
5690 http fetch GET 200 https://registry.npmjs.org/node-abort-controller/-/node-abort-controller-3.1.1.tgz 1425ms (cache miss)
5691 http fetch GET 200 https://registry.npmjs.org/tapable/-/tapable-2.3.3.tgz 1429ms (cache miss)
5692 http fetch GET 200 https://registry.npmjs.org/schema-utils/-/schema-utils-3.3.0.tgz 1429ms (cache miss)
5693 http fetch GET 200 https://registry.npmjs.org/semver/-/semver-7.8.5.tgz 1432ms (cache miss)
5694 http fetch GET 200 https://registry.npmjs.org/keyv/-/keyv-4.5.4.tgz 1476ms (cache miss)
5695 http fetch GET 200 https://registry.npmjs.org/flatted/-/flatted-3.4.2.tgz 1476ms (cache miss)
5696 http fetch GET 200 https://registry.npmjs.org/token-types/-/token-types-6.1.2.tgz 1476ms (cache miss)
5697 http fetch GET 200 https://registry.npmjs.org/bytes/-/bytes-3.1.2.tgz 1476ms (cache miss)
5698 http fetch GET 200 https://registry.npmjs.org/uint8array-extras/-/uint8array-extras-1.5.0.tgz 1476ms (cache miss)
5699 http fetch GET 200 https://registry.npmjs.org/path-exists/-/path-exists-4.0.0.tgz 1476ms (cache miss)
5700 http fetch GET 200 https://registry.npmjs.org/locate-path/-/locate-path-6.0.0.tgz 1476ms (cache miss)
5701 http fetch GET 200 https://registry.npmjs.org/flat-cache/-/flat-cache-4.0.1.tgz 1477ms (cache miss)
5702 http fetch GET 200 https://registry.npmjs.org/@babel/code-frame/-/code-frame-7.29.7.tgz 1478ms (cache miss)
5703 http fetch GET 200 https://registry.npmjs.org/raw-body/-/raw-body-3.0.2.tgz 1477ms (cache miss)
5704 http fetch GET 200 https://registry.npmjs.org/@tokenizer/inflate/-/inflate-0.4.1.tgz 1482ms (cache miss)
5705 http fetch GET 200 https://registry.npmjs.org/router/-/router-2.2.0.tgz 1506ms (cache miss)
5706 http fetch GET 200 https://registry.npmjs.org/serve-static/-/serve-static-2.2.1.tgz 1507ms (cache miss)
5707 http fetch GET 200 https://registry.npmjs.org/negotiator/-/negotiator-1.0.0.tgz 1507ms (cache miss)
5708 http fetch GET 200 https://registry.npmjs.org/statuses/-/statuses-2.0.2.tgz 1507ms (cache miss)
5709 http fetch GET 200 https://registry.npmjs.org/parseurl/-/parseurl-1.3.3.tgz 1507ms (cache miss)
5710 http fetch GET 200 https://registry.npmjs.org/send/-/send-1.2.1.tgz 1508ms (cache miss)
5711 http fetch GET 200 https://registry.npmjs.org/once/-/once-1.4.0.tgz 1507ms (cache miss)
5712 http fetch GET 200 https://registry.npmjs.org/on-finished/-/on-finished-2.4.1.tgz 1507ms (cache miss)
5713 http fetch GET 200 https://registry.npmjs.org/proxy-addr/-/proxy-addr-2.0.7.tgz 1508ms (cache miss)
5714 http fetch GET 200 https://registry.npmjs.org/type-is/-/type-is-2.1.0.tgz 1507ms (cache miss)
5715 http fetch GET 200 https://registry.npmjs.org/range-parser/-/range-parser-1.3.0.tgz 1508ms (cache miss)
5716 http fetch GET 200 https://registry.npmjs.org/merge-descriptors/-/merge-descriptors-2.0.0.tgz 1507ms (cache miss)
5717 http fetch GET 200 https://registry.npmjs.org/mime-types/-/mime-types-3.0.2.tgz 1507ms (cache miss)
5718 http fetch GET 200 https://registry.npmjs.org/http-errors/-/http-errors-2.0.1.tgz 1510ms (cache miss)
5719 http fetch GET 200 https://registry.npmjs.org/cosmiconfig/-/cosmiconfig-8.3.6.tgz 1518ms (cache miss)
5720 http fetch GET 200 https://registry.npmjs.org/memfs/-/memfs-3.5.3.tgz 1521ms (cache miss)
5721 http fetch GET 200 https://registry.npmjs.org/fresh/-/fresh-2.0.0.tgz 1526ms (cache miss)
5722 http fetch GET 200 https://registry.npmjs.org/qs/-/qs-6.15.3.tgz 1527ms (cache miss)
5723 http fetch GET 200 https://registry.npmjs.org/fs-extra/-/fs-extra-10.1.0.tgz 1534ms (cache miss)
5724 http fetch GET 200 https://registry.npmjs.org/etag/-/etag-1.8.1.tgz 1532ms (cache miss)
5725 http fetch GET 200 https://registry.npmjs.org/strtok3/-/strtok3-10.3.5.tgz 1534ms (cache miss)
5726 http fetch GET 200 https://registry.npmjs.org/finalhandler/-/finalhandler-2.1.1.tgz 1532ms (cache miss)
5727 http fetch GET 200 https://registry.npmjs.org/encodeurl/-/encodeurl-2.0.0.tgz 1537ms (cache miss)
5728 http fetch GET 200 https://registry.npmjs.org/cookie-signature/-/cookie-signature-1.2.2.tgz 1537ms (cache miss)
5729 http fetch GET 200 https://registry.npmjs.org/depd/-/depd-2.0.0.tgz 1537ms (cache miss)
5730 http fetch GET 200 https://registry.npmjs.org/escape-html/-/escape-html-1.0.3.tgz 1537ms (cache miss)
5731 http fetch GET 200 https://registry.npmjs.org/cookie/-/cookie-0.7.2.tgz 1537ms (cache miss)
5732 http fetch GET 200 https://registry.npmjs.org/content-disposition/-/content-disposition-1.1.0.tgz 1541ms (cache miss)
5733 http fetch GET 200 https://registry.npmjs.org/body-parser/-/body-parser-2.3.0.tgz 1541ms (cache miss)
5734 http fetch GET 200 https://registry.npmjs.org/accepts/-/accepts-2.0.0.tgz 1541ms (cache miss)
5735 http fetch GET 200 https://registry.npmjs.org/content-type/-/content-type-1.0.5.tgz 1542ms (cache miss)
5736 http fetch GET 200 https://registry.npmjs.org/jest-util/-/jest-util-30.4.1.tgz 1542ms (cache miss)
5737 http fetch GET 200 https://registry.npmjs.org/jest-message-util/-/jest-message-util-30.4.1.tgz 1542ms (cache miss)
5738 http fetch GET 200 https://registry.npmjs.org/jest-mock/-/jest-mock-30.4.1.tgz 1542ms (cache miss)
5739 http fetch GET 200 https://registry.npmjs.org/jest-matcher-utils/-/jest-matcher-utils-30.4.1.tgz 1554ms (cache miss)
5740 http fetch GET 200 https://registry.npmjs.org/estraverse/-/estraverse-5.3.0.tgz 1560ms (cache miss)
5741 http fetch GET 200 https://registry.npmjs.org/acorn-jsx/-/acorn-jsx-5.3.2.tgz 1562ms (cache miss)
5742 http fetch GET 200 https://registry.npmjs.org/esrecurse/-/esrecurse-4.3.0.tgz 1565ms (cache miss)
5743 http fetch GET 200 https://registry.npmjs.org/@jest/get-type/-/get-type-30.1.0.tgz 1566ms (cache miss)
5744 http fetch GET 200 https://registry.npmjs.org/prettier-linter-helpers/-/prettier-linter-helpers-1.0.1.tgz 1566ms (cache miss)
5745 http fetch GET 200 https://registry.npmjs.org/which/-/which-2.0.2.tgz 1565ms (cache miss)
5746 http fetch GET 200 https://registry.npmjs.org/color-name/-/color-name-1.1.4.tgz 1565ms (cache miss)
5747 http fetch GET 200 https://registry.npmjs.org/shebang-command/-/shebang-command-2.0.0.tgz 1566ms (cache miss)
5748 http fetch GET 200 https://registry.npmjs.org/path-key/-/path-key-3.1.1.tgz 1567ms (cache miss)
5749 http fetch GET 200 https://registry.npmjs.org/color-convert/-/color-convert-2.0.1.tgz 1571ms (cache miss)
5750 http fetch GET 200 https://registry.npmjs.org/synckit/-/synckit-0.11.13.tgz 1572ms (cache miss)
5751 http fetch GET 200 https://registry.npmjs.org/supports-color/-/supports-color-7.2.0.tgz 1574ms (cache miss)
5752 http fetch GET 200 https://registry.npmjs.org/@sinclair/typebox/-/typebox-0.34.52.tgz 1596ms (cache miss)
5753 http fetch GET 200 https://registry.npmjs.org/ansi-styles/-/ansi-styles-4.3.0.tgz 1588ms (cache miss)
5754 http fetch GET 200 https://registry.npmjs.org/acorn/-/acorn-8.17.0.tgz 1589ms (cache miss)
5755 http fetch GET 200 https://registry.npmjs.org/levn/-/levn-0.4.1.tgz 1589ms (cache miss)
5756 http fetch GET 200 https://registry.npmjs.org/lodash.merge/-/lodash.merge-4.6.2.tgz 1593ms (cache miss)
5757 http fetch GET 200 https://registry.npmjs.org/optionator/-/optionator-0.9.4.tgz 1603ms (cache miss)
5758 http fetch GET 200 https://registry.npmjs.org/natural-compare/-/natural-compare-1.4.0.tgz 1604ms (cache miss)
5759 http fetch GET 200 https://registry.npmjs.org/@humanfs/types/-/types-0.15.0.tgz 1606ms (cache miss)
5760 http fetch GET 200 https://registry.npmjs.org/@eslint/object-schema/-/object-schema-2.1.7.tgz 1605ms (cache miss)
5761 http fetch GET 200 https://registry.npmjs.org/json-stable-stringify-without-jsonify/-/json-stable-stringify-without-jsonify-1.0.1.tgz 1606ms (cache miss)
5762 http fetch GET 200 https://registry.npmjs.org/@types/json-schema/-/json-schema-7.0.15.tgz 1606ms (cache miss)
5763 http fetch GET 200 https://registry.npmjs.org/imurmurhash/-/imurmurhash-0.1.4.tgz 1606ms (cache miss)
5764 http fetch GET 200 https://registry.npmjs.org/find-up/-/find-up-5.0.0.tgz 1606ms (cache miss)
5765 http fetch GET 200 https://registry.npmjs.org/is-glob/-/is-glob-4.0.3.tgz 1607ms (cache miss)
5766 http fetch GET 200 https://registry.npmjs.org/@humanfs/core/-/core-0.19.2.tgz 1608ms (cache miss)
5767 http fetch GET 200 https://registry.npmjs.org/file-entry-cache/-/file-entry-cache-8.0.0.tgz 1619ms (cache miss)
5768 http fetch GET 200 https://registry.npmjs.org/glob-parent/-/glob-parent-6.0.2.tgz 1619ms (cache miss)
5769 http fetch GET 200 https://registry.npmjs.org/esutils/-/esutils-2.0.3.tgz 1622ms (cache miss)
5770 http fetch GET 200 https://registry.npmjs.org/cross-spawn/-/cross-spawn-7.0.6.tgz 1636ms (cache miss)
5771 http fetch GET 200 https://registry.npmjs.org/escape-string-regexp/-/escape-string-regexp-4.0.0.tgz 1638ms (cache miss)
5772 http fetch GET 200 https://registry.npmjs.org/chalk/-/chalk-4.1.2.tgz 1637ms (cache miss)
5773 http fetch GET 200 https://registry.npmjs.org/@types/estree/-/estree-1.0.9.tgz 1637ms (cache miss)
5774 http fetch GET 200 https://registry.npmjs.org/eslint-scope/-/eslint-scope-8.4.0.tgz 1639ms (cache miss)
5775 http fetch GET 200 https://registry.npmjs.org/eslint-visitor-keys/-/eslint-visitor-keys-4.2.1.tgz 1640ms (cache miss)
5776 http fetch GET 200 https://registry.npmjs.org/@humanwhocodes/retry/-/retry-0.4.3.tgz 1641ms (cache miss)
5777 http fetch GET 200 https://registry.npmjs.org/esquery/-/esquery-1.7.0.tgz 1646ms (cache miss)
5778 http fetch GET 200 https://registry.npmjs.org/@humanwhocodes/module-importer/-/module-importer-1.0.1.tgz 1646ms (cache miss)
5779 http fetch GET 200 https://registry.npmjs.org/@humanfs/node/-/node-0.16.8.tgz 1646ms (cache miss)
5780 http fetch GET 200 https://registry.npmjs.org/@eslint/plugin-kit/-/plugin-kit-0.4.1.tgz 1650ms (cache miss)
5781 http fetch GET 200 https://registry.npmjs.org/@eslint/core/-/core-0.17.0.tgz 1664ms (cache miss)
5782 http fetch GET 200 https://registry.npmjs.org/vary/-/vary-1.1.2.tgz 1664ms (cache miss)
5783 http fetch GET 200 https://registry.npmjs.org/@eslint/config-helpers/-/config-helpers-0.4.2.tgz 1665ms (cache miss)
5784 http fetch GET 200 https://registry.npmjs.org/ms/-/ms-2.1.3.tgz 1669ms (cache miss)
5785 http fetch GET 200 https://registry.npmjs.org/array-timsort/-/array-timsort-1.0.3.tgz 1670ms (cache miss)
5786 http fetch GET 200 https://registry.npmjs.org/object-assign/-/object-assign-4.1.1.tgz 1670ms (cache miss)
5787 http fetch GET 200 https://registry.npmjs.org/@eslint/config-array/-/config-array-0.21.2.tgz 1671ms (cache miss)
5788 http fetch GET 200 https://registry.npmjs.org/esprima/-/esprima-4.0.1.tgz 1671ms (cache miss)
5789 http fetch GET 200 https://registry.npmjs.org/string-width/-/string-width-4.2.3.tgz 1675ms (cache miss)
5790 http fetch GET 200 https://registry.npmjs.org/@eslint-community/regexpp/-/regexpp-4.12.2.tgz 1676ms (cache miss)
5791 http fetch GET 200 https://registry.npmjs.org/readdirp/-/readdirp-4.1.2.tgz 1676ms (cache miss)
5792 http fetch GET 200 https://registry.npmjs.org/@eslint-community/eslint-utils/-/eslint-utils-4.9.1.tgz 1683ms (cache miss)
5793 http fetch GET 200 https://registry.npmjs.org/@colors/colors/-/colors-1.5.0.tgz 1687ms (cache miss)
5794 http fetch GET 200 https://registry.npmjs.org/fast-deep-equal/-/fast-deep-equal-3.1.3.tgz 1692ms (cache miss)
5795 http fetch GET 200 https://registry.npmjs.org/@types/superagent/-/superagent-8.1.11.tgz 1715ms (cache miss)
5796 http fetch GET 200 https://registry.npmjs.org/@jest/expect-utils/-/expect-utils-30.4.1.tgz 1721ms (cache miss)
5797 http fetch GET 200 https://registry.npmjs.org/@types/cookiejar/-/cookiejar-2.1.5.tgz 1715ms (cache miss)
5798 http fetch GET 200 https://registry.npmjs.org/fast-json-stable-stringify/-/fast-json-stable-stringify-2.1.0.tgz 1716ms (cache miss)
5799 http fetch GET 200 https://registry.npmjs.org/form-data/-/form-data-4.0.6.tgz 1716ms (cache miss)
5800 http fetch GET 200 https://registry.npmjs.org/@types/methods/-/methods-1.1.4.tgz 1716ms (cache miss)
5801 http fetch GET 200 https://registry.npmjs.org/@types/http-errors/-/http-errors-2.0.5.tgz 1715ms (cache miss)
5802 http fetch GET 200 https://registry.npmjs.org/json-schema-traverse/-/json-schema-traverse-0.4.1.tgz 1716ms (cache miss)
5803 http fetch GET 200 https://registry.npmjs.org/undici-types/-/undici-types-7.18.2.tgz 1719ms (cache miss)
5804 http fetch GET 200 https://registry.npmjs.org/uri-js/-/uri-js-4.4.1.tgz 1723ms (cache miss)
5805 http fetch GET 200 https://registry.npmjs.org/pretty-format/-/pretty-format-30.4.1.tgz 1725ms (cache miss)
5806 http fetch GET 200 https://registry.npmjs.org/@types/send/-/send-1.2.1.tgz 1726ms (cache miss)
5807 http fetch GET 200 https://registry.npmjs.org/expect/-/expect-30.4.1.tgz 1726ms (cache miss)
5808 http fetch GET 200 https://registry.npmjs.org/@types/qs/-/qs-6.15.1.tgz 1727ms (cache miss)
5809 http fetch GET 200 https://registry.npmjs.org/@types/connect/-/connect-3.4.38.tgz 1746ms (cache miss)
5810 http fetch GET 200 https://registry.npmjs.org/@types/serve-static/-/serve-static-2.2.0.tgz 1746ms (cache miss)
5811 http fetch GET 200 https://registry.npmjs.org/@types/express-serve-static-core/-/express-serve-static-core-5.1.2.tgz 1747ms (cache miss)
5812 http fetch GET 200 https://registry.npmjs.org/@types/body-parser/-/body-parser-1.19.6.tgz 1747ms (cache miss)
5813 http fetch GET 200 https://registry.npmjs.org/cors/-/cors-2.8.6.tgz 1766ms (cache miss)
5814 http fetch GET 200 https://registry.npmjs.org/fast-safe-stringify/-/fast-safe-stringify-2.1.1.tgz 1766ms (cache miss)
5815 http fetch GET 200 https://registry.npmjs.org/pluralize/-/pluralize-8.0.0.tgz 1766ms (cache miss)
5816 http fetch GET 200 https://registry.npmjs.org/uid/-/uid-2.0.2.tgz 1766ms (cache miss)
5817 http fetch GET 200 https://registry.npmjs.org/path-to-regexp/-/path-to-regexp-8.4.2.tgz 1768ms (cache miss)
5818 http fetch GET 200 https://registry.npmjs.org/load-esm/-/load-esm-1.0.3.tgz 1767ms (cache miss)
5819 http fetch GET 200 https://registry.npmjs.org/multer/-/multer-2.2.0.tgz 1769ms (cache miss)
5820 http fetch GET 200 https://registry.npmjs.org/express/-/express-5.2.1.tgz 1770ms (cache miss)
5821 http fetch GET 200 https://registry.npmjs.org/tslib/-/tslib-2.8.1.tgz 1769ms (cache miss)
5822 http fetch GET 200 https://registry.npmjs.org/comment-json/-/comment-json-5.0.0.tgz 1771ms (cache miss)
5823 http fetch GET 200 https://registry.npmjs.org/file-type/-/file-type-21.3.4.tgz 1777ms (cache miss)
5824 http fetch GET 200 https://registry.npmjs.org/iterare/-/iterare-1.2.1.tgz 1784ms (cache miss)
5825 http fetch GET 200 https://registry.npmjs.org/iconv-lite/-/iconv-lite-0.7.3.tgz 1786ms (cache miss)
5826 http fetch GET 200 https://registry.npmjs.org/@inquirer/external-editor/-/external-editor-1.0.3.tgz 1788ms (cache miss)
5827 http fetch GET 200 https://registry.npmjs.org/cli-width/-/cli-width-4.1.0.tgz 1794ms (cache miss)
5828 http fetch GET 200 https://registry.npmjs.org/wrap-ansi/-/wrap-ansi-6.2.0.tgz 1795ms (cache miss)
5829 http fetch GET 200 https://registry.npmjs.org/mute-stream/-/mute-stream-2.0.0.tgz 1795ms (cache miss)
5830 http fetch GET 200 https://registry.npmjs.org/yoctocolors-cjs/-/yoctocolors-cjs-2.1.3.tgz 1794ms (cache miss)
5831 http fetch GET 200 https://registry.npmjs.org/signal-exit/-/signal-exit-4.1.0.tgz 1800ms (cache miss)
5832 http fetch GET 200 https://registry.npmjs.org/@inquirer/type/-/type-3.0.10.tgz 1800ms (cache miss)
5833 http fetch GET 200 https://registry.npmjs.org/chardet/-/chardet-2.2.0.tgz 1801ms (cache miss)
5834 http fetch GET 200 https://registry.npmjs.org/@inquirer/select/-/select-4.4.2.tgz 1803ms (cache miss)
5835 http fetch GET 200 https://registry.npmjs.org/@inquirer/figures/-/figures-1.0.15.tgz 1803ms (cache miss)
5836 http fetch GET 200 https://registry.npmjs.org/@inquirer/core/-/core-10.3.2.tgz 1814ms (cache miss)
5837 http fetch GET 200 https://registry.npmjs.org/@inquirer/password/-/password-4.0.23.tgz 1820ms (cache miss)
5838 http fetch GET 200 https://registry.npmjs.org/@inquirer/input/-/input-4.3.1.tgz 1820ms (cache miss)
5839 http fetch GET 200 https://registry.npmjs.org/@inquirer/expand/-/expand-4.0.23.tgz 1826ms (cache miss)
5840 http fetch GET 200 https://registry.npmjs.org/@inquirer/rawlist/-/rawlist-4.1.11.tgz 1826ms (cache miss)
5841 http fetch GET 200 https://registry.npmjs.org/@inquirer/number/-/number-3.0.23.tgz 1829ms (cache miss)
5842 http fetch GET 200 https://registry.npmjs.org/@inquirer/editor/-/editor-4.2.23.tgz 1831ms (cache miss)
5843 http fetch GET 200 https://registry.npmjs.org/@inquirer/ansi/-/ansi-1.0.2.tgz 1831ms (cache miss)
5844 http fetch GET 200 https://registry.npmjs.org/@inquirer/confirm/-/confirm-5.1.21.tgz 1831ms (cache miss)
5845 http fetch GET 200 https://registry.npmjs.org/symbol-observable/-/symbol-observable-4.0.0.tgz 1836ms (cache miss)
5846 http fetch GET 200 https://registry.npmjs.org/ansi-colors/-/ansi-colors-4.1.3.tgz 1836ms (cache miss)
5847 http fetch GET 200 https://registry.npmjs.org/@inquirer/checkbox/-/checkbox-4.3.2.tgz 1836ms (cache miss)
5848 http fetch GET 200 https://registry.npmjs.org/magic-string/-/magic-string-0.30.17.tgz 1841ms (cache miss)
5849 http fetch GET 200 https://registry.npmjs.org/jsonc-parser/-/jsonc-parser-3.3.1.tgz 1849ms (cache miss)
5850 http fetch GET 200 https://registry.npmjs.org/yargs-parser/-/yargs-parser-21.1.1.tgz 1851ms (cache miss)
5851 http fetch GET 200 https://registry.npmjs.org/ajv-formats/-/ajv-formats-3.0.1.tgz 1853ms (cache miss)
5852 http fetch GET 200 https://registry.npmjs.org/@types/range-parser/-/range-parser-1.2.7.tgz 1866ms (cache miss)
5853 http fetch GET 200 https://registry.npmjs.org/webpack-node-externals/-/webpack-node-externals-3.0.0.tgz 1861ms (cache miss)
5854 http fetch GET 200 https://registry.npmjs.org/ora/-/ora-5.4.1.tgz 1860ms (cache miss)
5855 http fetch GET 200 https://registry.npmjs.org/picomatch/-/picomatch-4.0.4.tgz 1862ms (cache miss)
5856 http fetch GET 200 https://registry.npmjs.org/commander/-/commander-4.1.1.tgz 1870ms (cache miss)
5857 http fetch GET 200 https://registry.npmjs.org/source-map/-/source-map-0.7.4.tgz 1872ms (cache miss)
5858 http fetch GET 200 https://registry.npmjs.org/ansis/-/ansis-4.2.0.tgz 1872ms (cache miss)
5859 http fetch GET 200 https://registry.npmjs.org/cli-table3/-/cli-table3-0.6.5.tgz 1872ms (cache miss)
5860 http fetch GET 200 https://registry.npmjs.org/tsconfig-paths-webpack-plugin/-/tsconfig-paths-webpack-plugin-4.2.0.tgz 1876ms (cache miss)
5861 http fetch GET 200 https://registry.npmjs.org/glob/-/glob-13.0.6.tgz 1885ms (cache miss)
5862 http fetch GET 200 https://registry.npmjs.org/@inquirer/prompts/-/prompts-7.10.1.tgz 1886ms (cache miss)
5863 http fetch GET 200 https://registry.npmjs.org/@angular-devkit/schematics-cli/-/schematics-cli-19.2.27.tgz 1887ms (cache miss)
5864 http fetch GET 200 https://registry.npmjs.org/node-emoji/-/node-emoji-1.11.0.tgz 1888ms (cache miss)
5865 http fetch GET 200 https://registry.npmjs.org/minimatch/-/minimatch-3.1.5.tgz 1892ms (cache miss)
5866 http fetch GET 200 https://registry.npmjs.org/strip-json-comments/-/strip-json-comments-3.1.1.tgz 1891ms (cache miss)
5867 http fetch GET 200 https://registry.npmjs.org/chokidar/-/chokidar-4.0.3.tgz 1893ms (cache miss)
5868 http fetch GET 200 https://registry.npmjs.org/import-fresh/-/import-fresh-3.3.1.tgz 1900ms (cache miss)
5869 http fetch GET 200 https://registry.npmjs.org/ignore/-/ignore-5.3.2.tgz 1921ms (cache miss)
5870 http fetch GET 200 https://registry.npmjs.org/debug/-/debug-4.4.3.tgz 1922ms (cache miss)
5871 http fetch GET 200 https://registry.npmjs.org/typescript-eslint/-/typescript-eslint-8.64.0.tgz 1924ms (cache miss)
5872 http fetch GET 200 https://registry.npmjs.org/espree/-/espree-10.4.0.tgz 1925ms (cache miss)
5873 http fetch GET 200 https://registry.npmjs.org/js-yaml/-/js-yaml-4.3.0.tgz 1926ms (cache miss)
5874 http fetch GET 200 https://registry.npmjs.org/fork-ts-checker-webpack-plugin/-/fork-ts-checker-webpack-plugin-9.1.0.tgz 1934ms (cache miss)
5875 http fetch GET 200 https://registry.npmjs.org/supertest/-/supertest-7.2.2.tgz 1932ms (cache miss)
5876 http fetch GET 200 https://registry.npmjs.org/jest/-/jest-30.4.2.tgz 1937ms (cache miss)
5877 http fetch GET 200 https://registry.npmjs.org/source-map-support/-/source-map-support-0.5.21.tgz 1942ms (cache miss)
5878 http fetch GET 200 https://registry.npmjs.org/eslint-plugin-prettier/-/eslint-plugin-prettier-5.5.6.tgz 1950ms (cache miss)
5879 http fetch GET 200 https://registry.npmjs.org/eslint-config-prettier/-/eslint-config-prettier-10.1.8.tgz 1953ms (cache miss)
5880 http fetch GET 200 https://registry.npmjs.org/ts-loader/-/ts-loader-9.6.2.tgz 1965ms (cache miss)
5881 http fetch GET 200 https://registry.npmjs.org/tsconfig-paths/-/tsconfig-paths-4.2.0.tgz 1980ms (cache miss)
5882 http fetch GET 200 https://registry.npmjs.org/@inquirer/search/-/search-3.2.2.tgz 1986ms (cache miss)
5883 http fetch GET 200 https://registry.npmjs.org/@angular-devkit/schematics/-/schematics-19.2.27.tgz 1987ms (cache miss)
5884 http fetch GET 200 https://registry.npmjs.org/@angular-devkit/core/-/core-19.2.27.tgz 1989ms (cache miss)
5885 http fetch GET 200 https://registry.npmjs.org/ts-node/-/ts-node-10.9.2.tgz 1993ms (cache miss)
5886 http fetch GET 200 https://registry.npmjs.org/ts-jest/-/ts-jest-29.4.11.tgz 1993ms (cache miss)
5887 http fetch GET 200 https://registry.npmjs.org/ajv/-/ajv-6.15.0.tgz 1996ms (cache miss)
5888 http fetch GET 200 https://registry.npmjs.org/@types/express/-/express-5.0.6.tgz 2018ms (cache miss)
5889 http fetch GET 200 https://registry.npmjs.org/@types/jest/-/jest-30.0.0.tgz 2019ms (cache miss)
5890 http fetch GET 200 https://registry.npmjs.org/globals/-/globals-17.7.0.tgz 2035ms (cache miss)
5891 http fetch GET 200 https://registry.npmjs.org/@nestjs/testing/-/testing-11.1.28.tgz 2038ms (cache miss)
5892 http fetch GET 200 https://registry.npmjs.org/@nestjs/platform-express/-/platform-express-11.1.28.tgz 2065ms (cache miss)
5893 http fetch GET 200 https://registry.npmjs.org/reflect-metadata/-/reflect-metadata-0.2.2.tgz 2123ms (cache miss)
5894 http fetch GET 200 https://registry.npmjs.org/prettier/-/prettier-3.9.5.tgz 2127ms (cache miss)
5895 http fetch GET 200 https://registry.npmjs.org/@eslint/js/-/js-9.39.5.tgz 2149ms (cache miss)
5896 http fetch GET 200 https://registry.npmjs.org/json-schema-traverse/-/json-schema-traverse-1.0.0.tgz 2149ms (cache miss)
5897 http fetch GET 200 https://registry.npmjs.org/@types/supertest/-/supertest-7.2.1.tgz 2150ms (cache miss)
5898 http fetch GET 200 https://registry.npmjs.org/ansi-styles/-/ansi-styles-6.2.3.tgz 2175ms (cache miss)
5899 http fetch GET 200 https://registry.npmjs.org/jest-worker/-/jest-worker-27.5.1.tgz 2179ms (cache miss)
5900 http fetch GET 200 https://registry.npmjs.org/supports-color/-/supports-color-8.1.1.tgz 2192ms (cache miss)
5901 http fetch GET 200 https://registry.npmjs.org/schema-utils/-/schema-utils-4.3.3.tgz 2203ms (cache miss)
5902 http fetch GET 200 https://registry.npmjs.org/ansi-regex/-/ansi-regex-6.2.2.tgz 2213ms (cache miss)
5903 http fetch GET 200 https://registry.npmjs.org/wrap-ansi/-/wrap-ansi-8.1.0.tgz 2215ms (cache miss)
5904 http fetch GET 200 https://registry.npmjs.org/strip-ansi/-/strip-ansi-7.2.0.tgz 2217ms (cache miss)
5905 http fetch GET 200 https://registry.npmjs.org/wrap-ansi/-/wrap-ansi-7.0.0.tgz 2219ms (cache miss)
5906 http fetch GET 200 https://registry.npmjs.org/emoji-regex/-/emoji-regex-9.2.2.tgz 2219ms (cache miss)
5907 http fetch GET 200 https://registry.npmjs.org/string-width/-/string-width-5.1.2.tgz 2223ms (cache miss)
5908 http fetch GET 200 https://registry.npmjs.org/ajv-formats/-/ajv-formats-2.1.1.tgz 2225ms (cache miss)
5909 http fetch GET 200 https://registry.npmjs.org/commander/-/commander-2.20.3.tgz 2225ms (cache miss)
5910 http fetch GET 200 https://registry.npmjs.org/json-schema-traverse/-/json-schema-traverse-1.0.0.tgz 2233ms (cache miss)
5911 http fetch GET 200 https://registry.npmjs.org/@types/node/-/node-24.13.3.tgz 2237ms (cache miss)
5912 http fetch GET 200 https://registry.npmjs.org/@eslint/eslintrc/-/eslintrc-3.3.6.tgz 2239ms (cache miss)
5913 http fetch GET 200 https://registry.npmjs.org/ajv-formats/-/ajv-formats-2.1.1.tgz 2241ms (cache miss)
5914 http fetch GET 200 https://registry.npmjs.org/supports-color/-/supports-color-8.1.1.tgz 2251ms (cache miss)
5915 http fetch GET 200 https://registry.npmjs.org/balanced-match/-/balanced-match-4.0.4.tgz 2255ms (cache miss)
5916 http fetch GET 200 https://registry.npmjs.org/brace-expansion/-/brace-expansion-5.0.7.tgz 2263ms (cache miss)
5917 http fetch GET 200 https://registry.npmjs.org/eslint-visitor-keys/-/eslint-visitor-keys-5.0.1.tgz 2270ms (cache miss)
5918 http fetch GET 200 https://registry.npmjs.org/schema-utils/-/schema-utils-4.3.3.tgz 2277ms (cache miss)
5919 http fetch GET 200 https://registry.npmjs.org/escape-string-regexp/-/escape-string-regexp-2.0.0.tgz 2280ms (cache miss)
5920 http fetch GET 200 https://registry.npmjs.org/ignore/-/ignore-7.0.6.tgz 2280ms (cache miss)
5921 http fetch GET 200 https://registry.npmjs.org/signal-exit/-/signal-exit-3.0.7.tgz 2280ms (cache miss)
5922 http fetch GET 200 https://registry.npmjs.org/jest-worker/-/jest-worker-27.5.1.tgz 2282ms (cache miss)
5923 http fetch GET 200 https://registry.npmjs.org/@nestjs/core/-/core-11.1.28.tgz 2285ms (cache miss)
5924 http fetch GET 200 https://registry.npmjs.org/signal-exit/-/signal-exit-3.0.7.tgz 2288ms (cache miss)
5925 http fetch GET 200 https://registry.npmjs.org/resolve-from/-/resolve-from-5.0.0.tgz 2287ms (cache miss)
5926 http fetch GET 200 https://registry.npmjs.org/@jridgewell/trace-mapping/-/trace-mapping-0.3.9.tgz 2289ms (cache miss)
5927 http fetch GET 200 https://registry.npmjs.org/p-limit/-/p-limit-2.3.0.tgz 2290ms (cache miss)
5928 http fetch GET 200 https://registry.npmjs.org/picomatch/-/picomatch-2.3.2.tgz 2291ms (cache miss)
5929 http fetch GET 200 https://registry.npmjs.org/source-map/-/source-map-0.6.1.tgz 2299ms (cache miss)
5930 http fetch GET 200 https://registry.npmjs.org/p-locate/-/p-locate-4.1.0.tgz 2301ms (cache miss)
5931 http fetch GET 200 https://registry.npmjs.org/find-up/-/find-up-4.1.0.tgz 2301ms (cache miss)
5932 http fetch GET 200 https://registry.npmjs.org/ajv-keywords/-/ajv-keywords-5.1.0.tgz 2312ms (cache miss)
5933 http fetch GET 200 https://registry.npmjs.org/p-locate/-/p-locate-4.1.0.tgz 2309ms (cache miss)
5934 http fetch GET 200 https://registry.npmjs.org/resolve-from/-/resolve-from-5.0.0.tgz 2309ms (cache miss)
5935 http fetch GET 200 https://registry.npmjs.org/p-limit/-/p-limit-2.3.0.tgz 2309ms (cache miss)
5936 http fetch GET 200 https://registry.npmjs.org/locate-path/-/locate-path-5.0.0.tgz 2309ms (cache miss)
5937 http fetch GET 200 https://registry.npmjs.org/glob/-/glob-7.2.3.tgz 2309ms (cache miss)
5938 warn deprecated glob@7.2.3: Old versions of glob are not supported, and contain widely publicized security vulnerabilities, which have been fixed in the current version. Please update. Support for old versions may be purchased (at exorbitant rates) by contacting i@izs.me
5939 http fetch GET 200 https://registry.npmjs.org/eslint/-/eslint-9.39.5.tgz 2316ms (cache miss)
5940 http fetch GET 200 https://registry.npmjs.org/find-up/-/find-up-4.1.0.tgz 2320ms (cache miss)
5941 http fetch GET 200 https://registry.npmjs.org/supports-color/-/supports-color-8.1.1.tgz 2320ms (cache miss)
5942 http fetch GET 200 https://registry.npmjs.org/semver/-/semver-6.3.1.tgz 2321ms (cache miss)
5943 http fetch GET 200 https://registry.npmjs.org/semver/-/semver-6.3.1.tgz 2321ms (cache miss)
5944 http fetch GET 200 https://registry.npmjs.org/locate-path/-/locate-path-5.0.0.tgz 2322ms (cache miss)
5945 http fetch GET 200 https://registry.npmjs.org/camelcase/-/camelcase-6.3.0.tgz 2323ms (cache miss)
5946 http fetch GET 200 https://registry.npmjs.org/argparse/-/argparse-1.0.10.tgz 2337ms (cache miss)
5947 http fetch GET 200 https://registry.npmjs.org/@nestjs/cli/-/cli-11.0.24.tgz 2360ms (cache miss)
5948 http fetch GET 200 https://registry.npmjs.org/source-map-support/-/source-map-support-0.5.13.tgz 2356ms (cache miss)
5949 http fetch GET 200 https://registry.npmjs.org/brace-expansion/-/brace-expansion-2.1.2.tgz 2364ms (cache miss)
5950 http fetch GET 200 https://registry.npmjs.org/path-scurry/-/path-scurry-1.11.1.tgz 2378ms (cache miss)
5951 http fetch GET 200 https://registry.npmjs.org/minimatch/-/minimatch-10.2.5.tgz 2380ms (cache miss)
5952 http fetch GET 200 https://registry.npmjs.org/brace-expansion/-/brace-expansion-2.1.2.tgz 2395ms (cache miss)
5953 http fetch GET 200 https://registry.npmjs.org/content-type/-/content-type-2.0.0.tgz 2394ms (cache miss)
5954 http fetch GET 200 https://registry.npmjs.org/mime-types/-/mime-types-2.1.35.tgz 2394ms (cache miss)
5955 http fetch GET 200 https://registry.npmjs.org/ansi-styles/-/ansi-styles-5.2.0.tgz 2394ms (cache miss)
5956 http fetch GET 200 https://registry.npmjs.org/content-type/-/content-type-2.0.0.tgz 2395ms (cache miss)
5957 http fetch GET 200 https://registry.npmjs.org/brace-expansion/-/brace-expansion-2.1.2.tgz 2398ms (cache miss)
5958 http fetch GET 200 https://registry.npmjs.org/mime-db/-/mime-db-1.52.0.tgz 2397ms (cache miss)
5959 http fetch GET 200 https://registry.npmjs.org/mime-db/-/mime-db-1.52.0.tgz 2397ms (cache miss)
5960 http fetch GET 200 https://registry.npmjs.org/path-scurry/-/path-scurry-1.11.1.tgz 2401ms (cache miss)
5961 http fetch GET 200 https://registry.npmjs.org/js-yaml/-/js-yaml-3.15.0.tgz 2403ms (cache miss)
5962 http fetch GET 200 https://registry.npmjs.org/source-map/-/source-map-0.6.1.tgz 2403ms (cache miss)
5963 http fetch GET 200 https://registry.npmjs.org/type-is/-/type-is-1.6.18.tgz 2406ms (cache miss)
5964 http fetch GET 200 https://registry.npmjs.org/media-typer/-/media-typer-0.3.0.tgz 2407ms (cache miss)
5965 http fetch GET 200 https://registry.npmjs.org/mime-types/-/mime-types-2.1.35.tgz 2407ms (cache miss)
5966 http fetch GET 200 https://registry.npmjs.org/lru-cache/-/lru-cache-10.4.3.tgz 2413ms (cache miss)
5967 http fetch GET 200 https://registry.npmjs.org/lru-cache/-/lru-cache-10.4.3.tgz 2413ms (cache miss)
5968 http fetch GET 200 https://registry.npmjs.org/json-schema-traverse/-/json-schema-traverse-1.0.0.tgz 2413ms (cache miss)
5969 http fetch GET 200 https://registry.npmjs.org/eslint-visitor-keys/-/eslint-visitor-keys-3.4.3.tgz 2415ms (cache miss)
5970 http fetch GET 200 https://registry.npmjs.org/lru-cache/-/lru-cache-10.4.3.tgz 2429ms (cache miss)
5971 http fetch GET 200 https://registry.npmjs.org/json-schema-traverse/-/json-schema-traverse-1.0.0.tgz 2428ms (cache miss)
5972 http fetch GET 200 https://registry.npmjs.org/json-schema-traverse/-/json-schema-traverse-1.0.0.tgz 2428ms (cache miss)
5973 http fetch GET 200 https://registry.npmjs.org/balanced-match/-/balanced-match-4.0.4.tgz 2428ms (cache miss)
5974 http fetch GET 200 https://registry.npmjs.org/path-scurry/-/path-scurry-1.11.1.tgz 2433ms (cache miss)
5975 http fetch GET 200 https://registry.npmjs.org/ajv-formats/-/ajv-formats-2.1.1.tgz 2437ms (cache miss)
5976 http fetch GET 200 https://registry.npmjs.org/@inquirer/prompts/-/prompts-7.3.2.tgz 2440ms (cache miss)
5977 http fetch GET 200 https://registry.npmjs.org/estraverse/-/estraverse-4.3.0.tgz 2443ms (cache miss)
5978 http fetch GET 200 https://registry.npmjs.org/brace-expansion/-/brace-expansion-5.0.7.tgz 2446ms (cache miss)
5979 http fetch GET 200 https://registry.npmjs.org/strip-bom/-/strip-bom-3.0.0.tgz 2445ms (cache miss)
5980 http fetch GET 200 https://registry.npmjs.org/json-schema-traverse/-/json-schema-traverse-1.0.0.tgz 2471ms (cache miss)
5981 http fetch GET 200 https://registry.npmjs.org/schema-utils/-/schema-utils-4.3.3.tgz 2477ms (cache miss)
5982 http fetch GET 200 https://registry.npmjs.org/eslint-scope/-/eslint-scope-5.1.1.tgz 2479ms (cache miss)
5983 http fetch GET 200 https://registry.npmjs.org/minimatch/-/minimatch-9.0.9.tgz 2484ms (cache miss)
5984 http fetch GET 200 https://registry.npmjs.org/minimatch/-/minimatch-9.0.9.tgz 2490ms (cache miss)
5985 http fetch GET 200 https://registry.npmjs.org/minimatch/-/minimatch-9.0.9.tgz 2493ms (cache miss)
5986 http fetch GET 200 https://registry.npmjs.org/ajv-formats/-/ajv-formats-2.1.1.tgz 2498ms (cache miss)
5987 http fetch GET 200 https://registry.npmjs.org/ajv-keywords/-/ajv-keywords-5.1.0.tgz 2508ms (cache miss)
5988 http fetch GET 200 https://registry.npmjs.org/glob/-/glob-10.5.0.tgz 2506ms (cache miss)
5989 warn deprecated glob@10.5.0: Old versions of glob are not supported, and contain widely publicized security vulnerabilities, which have been fixed in the current version. Please update. Support for old versions may be purchased (at exorbitant rates) by contacting i@izs.me
5990 http fetch GET 200 https://registry.npmjs.org/glob/-/glob-10.5.0.tgz 2508ms (cache miss)
5991 http fetch GET 200 https://registry.npmjs.org/@nestjs/schematics/-/schematics-11.1.0.tgz 2515ms (cache miss)
5992 warn deprecated glob@10.5.0: Old versions of glob are not supported, and contain widely publicized security vulnerabilities, which have been fixed in the current version. Please update. Support for old versions may be purchased (at exorbitant rates) by contacting i@izs.me
5993 http fetch GET 200 https://registry.npmjs.org/source-map/-/source-map-0.6.1.tgz 2510ms (cache miss)
5994 http fetch GET 200 https://registry.npmjs.org/json-schema-traverse/-/json-schema-traverse-1.0.0.tgz 2524ms (cache miss)
5995 http fetch GET 200 https://registry.npmjs.org/estraverse/-/estraverse-4.3.0.tgz 2524ms (cache miss)
5996 http fetch GET 200 https://registry.npmjs.org/globals/-/globals-14.0.0.tgz 2525ms (cache miss)
5997 http fetch GET 200 https://registry.npmjs.org/schema-utils/-/schema-utils-4.3.3.tgz 2534ms (cache miss)
5998 http fetch GET 200 https://registry.npmjs.org/eslint-scope/-/eslint-scope-5.1.1.tgz 2535ms (cache miss)
5999 http fetch GET 200 https://registry.npmjs.org/glob/-/glob-10.5.0.tgz 2545ms (cache miss)
6000 warn deprecated glob@10.5.0: Old versions of glob are not supported, and contain widely publicized security vulnerabilities, which have been fixed in the current version. Please update. Support for old versions may be purchased (at exorbitant rates) by contacting i@izs.me
6001 http fetch GET 200 https://registry.npmjs.org/minimatch/-/minimatch-10.2.5.tgz 2554ms (cache miss)
6002 http fetch GET 200 https://registry.npmjs.org/typescript/-/typescript-5.9.3.tgz 2627ms (cache miss)
6003 http fetch GET 200 https://registry.npmjs.org/@nestjs/common/-/common-11.1.28.tgz 2641ms (cache miss)
6004 http fetch GET 200 https://registry.npmjs.org/lru-cache/-/lru-cache-11.5.2.tgz 2704ms (cache miss)
6005 http fetch GET 200 https://registry.npmjs.org/type-fest/-/type-fest-4.41.0.tgz 2705ms (cache miss)
6006 http fetch GET 200 https://registry.npmjs.org/@angular-devkit/schematics/-/schematics-19.2.24.tgz 2721ms (cache miss)
6007 http fetch GET 200 https://registry.npmjs.org/ajv-keywords/-/ajv-keywords-5.1.0.tgz 2736ms (cache miss)
6008 http fetch GET 200 https://registry.npmjs.org/@angular-devkit/core/-/core-19.2.24.tgz 2745ms (cache miss)
6009 http fetch GET 200 https://registry.npmjs.org/ajv-keywords/-/ajv-keywords-5.1.0.tgz 2752ms (cache miss)
6010 http fetch GET 200 https://registry.npmjs.org/webpack/-/webpack-5.108.4.tgz 2802ms (cache miss)
6011 http fetch GET 200 https://registry.npmjs.org/ajv/-/ajv-8.20.0.tgz 2964ms (cache miss)
6012 http fetch GET 200 https://registry.npmjs.org/ajv/-/ajv-8.20.0.tgz 2970ms (cache miss)
6013 http fetch GET 200 https://registry.npmjs.org/ajv/-/ajv-8.20.0.tgz 3021ms (cache miss)
6014 http fetch GET 200 https://registry.npmjs.org/ajv/-/ajv-8.18.0.tgz 3024ms (cache miss)
6015 http fetch GET 200 https://registry.npmjs.org/ajv/-/ajv-8.20.0.tgz 3028ms (cache miss)
6016 http fetch GET 200 https://registry.npmjs.org/ajv/-/ajv-8.18.0.tgz 3031ms (cache miss)
6017 http fetch GET 200 https://registry.npmjs.org/ajv/-/ajv-8.20.0.tgz 3037ms (cache miss)
6018 http fetch GET 200 https://registry.npmjs.org/webpack/-/webpack-5.106.2.tgz 3116ms (cache miss)
6019 http fetch GET 200 https://registry.npmjs.org/rxjs/-/rxjs-7.8.2.tgz 3798ms (cache miss)
6020 http fetch GET 200 https://registry.npmjs.org/rxjs/-/rxjs-7.8.1.tgz 3872ms (cache miss)
6021 http fetch GET 200 https://registry.npmjs.org/rxjs/-/rxjs-7.8.1.tgz 3874ms (cache miss)
6022 http fetch GET 200 https://registry.npmjs.org/rxjs/-/rxjs-7.8.1.tgz 3878ms (cache miss)
6023 info run fsevents@2.3.3 install node_modules/fsevents node-gyp rebuild
6024 info run fsevents@2.3.3 install { code: 1, signal: null }
6025 verbose reify failed optional dependency /Users/miguelacontreras/Desktop/Desarrollo/MiguelAcr/Nest Back/store_api/node_modules/fsevents
6026 silly reify mark deleted [
6026 silly reify   '/Users/miguelacontreras/Desktop/Desarrollo/MiguelAcr/Nest Back/store_api/node_modules/fsevents'
6026 silly reify ]
6027 info run unrs-resolver@1.12.2 postinstall node_modules/unrs-resolver node postinstall.js
6028 info run unrs-resolver@1.12.2 postinstall { code: 0, signal: null }
6029 silly ADD node_modules/path-is-absolute
6030 silly ADD node_modules/inflight
6031 silly ADD node_modules/fs.realpath
6032 silly ADD node_modules/@types/eslint
6033 silly ADD node_modules/terser-webpack-plugin
6034 silly ADD node_modules/terser-webpack-plugin/node_modules/json-schema-traverse
6035 silly ADD node_modules/terser-webpack-plugin/node_modules/ajv-keywords
6036 silly ADD node_modules/terser-webpack-plugin/node_modules/ajv-formats
6037 silly ADD node_modules/terser-webpack-plugin/node_modules/ajv
6038 silly ADD node_modules/terser-webpack-plugin/node_modules/supports-color
6039 silly ADD node_modules/terser-webpack-plugin/node_modules/schema-utils
6040 silly ADD node_modules/terser-webpack-plugin/node_modules/jest-worker
6041 silly ADD node_modules/glob-to-regexp
6042 silly ADD node_modules/@types/eslint-scope
6043 silly ADD node_modules/eastasianwidth
6044 silly ADD node_modules/wrap-ansi-cjs
6045 silly ADD node_modules/strip-ansi-cjs
6046 silly ADD node_modules/string-width-cjs
6047 silly ADD node_modules/@pkgjs/parseargs
6048 silly ADD node_modules/@isaacs/cliui
6049 silly ADD node_modules/@isaacs/cliui/node_modules/ansi-styles
6050 silly ADD node_modules/@isaacs/cliui/node_modules/ansi-regex
6051 silly ADD node_modules/@isaacs/cliui/node_modules/emoji-regex
6052 silly ADD node_modules/@isaacs/cliui/node_modules/wrap-ansi
6053 silly ADD node_modules/@isaacs/cliui/node_modules/strip-ansi
6054 silly ADD node_modules/@isaacs/cliui/node_modules/string-width
6055 silly ADD node_modules/package-json-from-dist
6056 silly ADD node_modules/jackspeak
6057 silly ADD node_modules/foreground-child
6058 silly ADD node_modules/p-try
6059 silly ADD node_modules/sprintf-js
6060 silly ADD node_modules/require-from-string
6061 silly ADD node_modules/fast-uri
6062 silly ADD node_modules/y18n
6063 silly ADD node_modules/require-directory
6064 silly ADD node_modules/get-caller-file
6065 silly ADD node_modules/cliui
6066 silly ADD node_modules/cliui/node_modules/wrap-ansi
6067 silly ADD node_modules/isexe
6068 silly ADD node_modules/@jridgewell/source-map
6069 silly ADD node_modules/terser
6070 silly ADD node_modules/terser/node_modules/commander
6071 silly ADD node_modules/@xtuc/ieee754
6072 silly ADD node_modules/@webassemblyjs/utf8
6073 silly ADD node_modules/@webassemblyjs/leb128
6074 silly ADD node_modules/@webassemblyjs/ieee754
6075 silly ADD node_modules/@webassemblyjs/wast-printer
6076 silly ADD node_modules/@webassemblyjs/wasm-opt
6077 silly ADD node_modules/@webassemblyjs/wasm-gen
6078 silly ADD node_modules/@webassemblyjs/helper-wasm-section
6079 silly ADD node_modules/@webassemblyjs/helper-buffer
6080 silly ADD node_modules/@xtuc/long
6081 silly ADD node_modules/@webassemblyjs/helper-api-error
6082 silly ADD node_modules/@webassemblyjs/floating-point-hex-parser
6083 silly ADD node_modules/@webassemblyjs/helper-wasm-bytecode
6084 silly ADD node_modules/@webassemblyjs/helper-numbers
6085 silly ADD node_modules/webpack-sources
6086 silly ADD node_modules/watchpack
6087 silly ADD node_modules/minimizer-webpack-plugin
6088 silly ADD node_modules/minimizer-webpack-plugin/node_modules/json-schema-traverse
6089 silly ADD node_modules/minimizer-webpack-plugin/node_modules/ajv-keywords
6090 silly ADD node_modules/minimizer-webpack-plugin/node_modules/ajv-formats
6091 silly ADD node_modules/minimizer-webpack-plugin/node_modules/ajv
6092 silly ADD node_modules/minimizer-webpack-plugin/node_modules/supports-color
6093 silly ADD node_modules/minimizer-webpack-plugin/node_modules/schema-utils
6094 silly ADD node_modules/minimizer-webpack-plugin/node_modules/jest-worker
6095 silly ADD node_modules/loader-runner
6096 silly ADD node_modules/events
6097 silly ADD node_modules/es-module-lexer
6098 silly ADD node_modules/chrome-trace-event
6099 silly ADD node_modules/acorn-import-phases
6100 silly ADD node_modules/@webassemblyjs/wasm-parser
6101 silly ADD node_modules/@webassemblyjs/wasm-edit
6102 silly ADD node_modules/@webassemblyjs/ast
6103 silly ADD node_modules/clone
6104 silly ADD node_modules/defaults
6105 silly ADD node_modules/tmpl
6106 silly ADD node_modules/makeerror
6107 silly ADD node_modules/punycode
6108 silly ADD node_modules/escalade
6109 silly ADD node_modules/napi-postinstall
6110 silly ADD node_modules/@unrs/resolver-binding-darwin-arm64
6111 silly ADD node_modules/@lukeed/csprng
6112 silly ADD node_modules/fdir
6113 silly ADD node_modules/tinyglobby
6114 silly ADD node_modules/@typescript-eslint/tsconfig-utils
6115 silly ADD node_modules/@typescript-eslint/project-service
6116 silly ADD node_modules/@typescript-eslint/types
6117 silly ADD node_modules/ts-api-utils
6118 silly ADD node_modules/@typescript-eslint/visitor-keys
6119 silly ADD node_modules/@typescript-eslint/visitor-keys/node_modules/eslint-visitor-keys
6120 silly ADD node_modules/@typescript-eslint/type-utils
6121 silly ADD node_modules/@typescript-eslint/scope-manager
6122 silly ADD node_modules/@typescript-eslint/utils
6123 silly ADD node_modules/@typescript-eslint/typescript-estree
6124 silly ADD node_modules/@typescript-eslint/typescript-estree/node_modules/balanced-match
6125 silly ADD node_modules/@typescript-eslint/typescript-estree/node_modules/brace-expansion
6126 silly ADD node_modules/@typescript-eslint/typescript-estree/node_modules/minimatch
6127 silly ADD node_modules/@typescript-eslint/parser
6128 silly ADD node_modules/@typescript-eslint/eslint-plugin
6129 silly ADD node_modules/@typescript-eslint/eslint-plugin/node_modules/ignore
6130 silly ADD node_modules/media-typer
6131 silly ADD node_modules/enhanced-resolve
6132 silly ADD node_modules/yn
6133 silly ADD node_modules/v8-compile-cache-lib
6134 silly ADD node_modules/diff
6135 silly ADD node_modules/create-require
6136 silly ADD node_modules/arg
6137 silly ADD node_modules/acorn-walk
6138 silly ADD node_modules/@tsconfig/node16
6139 silly ADD node_modules/@tsconfig/node14
6140 silly ADD node_modules/@tsconfig/node12
6141 silly ADD node_modules/@tsconfig/node10
6142 silly ADD node_modules/@cspotcode/source-map-support
6143 silly ADD node_modules/@cspotcode/source-map-support/node_modules/@jridgewell/trace-mapping
6144 silly ADD node_modules/wordwrap
6145 silly ADD node_modules/uglify-js
6146 silly ADD node_modules/neo-async
6147 silly ADD node_modules/minimist
6148 silly ADD node_modules/make-error
6149 silly ADD node_modules/lodash.memoize
6150 silly ADD node_modules/handlebars
6151 silly ADD node_modules/handlebars/node_modules/source-map
6152 silly ADD node_modules/bs-logger
6153 silly ADD node_modules/@borewit/text-codec
6154 silly ADD node_modules/@pkgr/core
6155 silly ADD node_modules/has-flag
6156 silly ADD node_modules/asap
6157 silly ADD node_modules/@noble/hashes
6158 silly ADD node_modules/dezalgo
6159 silly ADD node_modules/@paralleldrive/cuid2
6160 silly ADD node_modules/mime
6161 silly ADD node_modules/formidable
6162 silly ADD node_modules/cookiejar
6163 silly ADD node_modules/component-emitter
6164 silly ADD node_modules/superagent
6165 silly ADD node_modules/methods
6166 silly ADD node_modules/@tokenizer/token
6167 silly ADD node_modules/ansi-regex
6168 silly ADD node_modules/is-fullwidth-code-point
6169 silly ADD node_modules/emoji-regex
6170 silly ADD node_modules/char-regex
6171 silly ADD node_modules/safe-buffer
6172 silly ADD node_modules/call-bound
6173 silly ADD node_modules/side-channel-weakmap
6174 silly ADD node_modules/side-channel-map
6175 silly ADD node_modules/side-channel-list
6176 silly ADD node_modules/object-inspect
6177 silly ADD node_modules/shebang-regex
6178 silly ADD node_modules/ajv-keywords
6179 silly ADD node_modules/is-promise
6180 silly ADD node_modules/util-deprecate
6181 silly ADD node_modules/string_decoder
6182 silly ADD node_modules/unpipe
6183 silly ADD node_modules/side-channel
6184 silly ADD node_modules/ipaddr.js
6185 silly ADD node_modules/forwarded
6186 silly ADD node_modules/react-is-19
6187 silly ADD node_modules/react-is-18
6188 silly ADD node_modules/fast-diff
6189 silly ADD node_modules/is-arrayish
6190 silly ADD node_modules/lines-and-columns
6191 silly ADD node_modules/json-parse-even-better-errors
6192 silly ADD node_modules/error-ex
6193 silly ADD node_modules/yocto-queue
6194 silly ADD node_modules/restore-cursor
6195 silly ADD node_modules/restore-cursor/node_modules/signal-exit
6196 silly ADD node_modules/ieee754
6197 silly ADD node_modules/base64-js
6198 silly ADD node_modules/buffer
6199 silly ADD node_modules/wcwidth
6200 silly ADD node_modules/strip-ansi
6201 silly ADD node_modules/log-symbols
6202 silly ADD node_modules/is-unicode-supported
6203 silly ADD node_modules/is-interactive
6204 silly ADD node_modules/cli-spinners
6205 silly ADD node_modules/cli-cursor
6206 silly ADD node_modules/bl
6207 silly ADD node_modules/word-wrap
6208 silly ADD node_modules/fast-levenshtein
6209 silly ADD node_modules/deep-is
6210 silly ADD node_modules/mimic-fn
6211 silly ADD node_modules/wrappy
6212 silly ADD node_modules/ee-first
6213 silly ADD node_modules/lodash
6214 silly ADD node_modules/typedarray
6215 silly ADD node_modules/readable-stream
6216 silly ADD node_modules/buffer-from
6217 silly ADD node_modules/streamsearch
6218 silly ADD node_modules/concat-stream
6219 silly ADD node_modules/busboy
6220 silly ADD node_modules/append-field
6221 silly ADD node_modules/concat-map
6222 silly ADD node_modules/balanced-match
6223 silly ADD node_modules/brace-expansion
6224 silly ADD node_modules/mime-db
6225 silly ADD node_modules/fs-monkey
6226 silly ADD node_modules/yallist
6227 silly ADD node_modules/p-locate
6228 silly ADD node_modules/type-check
6229 silly ADD node_modules/prelude-ls
6230 silly ADD node_modules/json-buffer
6231 silly ADD node_modules/argparse
6232 silly ADD node_modules/@ungap/structured-clone
6233 silly ADD node_modules/leven
6234 silly ADD node_modules/@jest/snapshot-utils
6235 silly ADD node_modules/@babel/plugin-syntax-typescript
6236 silly ADD node_modules/@babel/plugin-syntax-jsx
6237 silly ADD node_modules/callsites
6238 silly ADD node_modules/strip-bom
6239 silly ADD node_modules/cjs-module-lexer
6240 silly ADD node_modules/@jest/source-map
6241 silly ADD node_modules/@jest/globals
6242 silly ADD node_modules/jest-leak-detector
6243 silly ADD node_modules/emittery
6244 silly ADD node_modules/unrs-resolver
6245 silly ADD node_modules/jest-pnp-resolver
6246 silly ADD node_modules/@types/stack-utils
6247 silly ADD node_modules/@jest/diff-sequences
6248 silly ADD node_modules/jest-diff
6249 silly ADD node_modules/node-int64
6250 silly ADD node_modules/bser
6251 silly ADD node_modules/normalize-path
6252 silly ADD node_modules/walker
6253 silly ADD
6254 silly ADD node_modules/fb-watchman
6255 silly ADD node_modules/anymatch
6256 silly ADD node_modules/anymatch/node_modules/picomatch
6257 silly ADD node_modules/detect-newline
6258 silly ADD node_modules/type-detect
6259 silly ADD node_modules/@sinonjs/commons
6260 silly ADD node_modules/@sinonjs/fake-timers
6261 silly ADD node_modules/@jest/fake-timers
6262 silly ADD node_modules/stack-utils
6263 silly ADD node_modules/stack-utils/node_modules/escape-string-regexp
6264 silly ADD node_modules/pure-rand
6265 silly ADD node_modules/jest-each
6266 silly ADD node_modules/is-generator-fn
6267 silly ADD node_modules/dedent
6268 silly ADD node_modules/co
6269 silly ADD node_modules/@jest/expect
6270 silly ADD node_modules/@jest/environment
6271 silly ADD node_modules/@babel/plugin-syntax-top-level-await
6272 silly ADD node_modules/@babel/plugin-syntax-private-property-in-object
6273 silly ADD node_modules/@babel/plugin-syntax-optional-chaining
6274 silly ADD node_modules/@babel/plugin-syntax-optional-catch-binding
6275 silly ADD node_modules/@babel/plugin-syntax-object-rest-spread
6276 silly ADD node_modules/@babel/plugin-syntax-numeric-separator
6277 silly ADD node_modules/@babel/plugin-syntax-nullish-coalescing-operator
6278 silly ADD node_modules/@babel/plugin-syntax-logical-assignment-operators
6279 silly ADD node_modules/@babel/plugin-syntax-json-strings
6280 silly ADD node_modules/@babel/plugin-syntax-import-meta
6281 silly ADD node_modules/@babel/plugin-syntax-import-attributes
6282 silly ADD node_modules/@babel/plugin-syntax-class-static-block
6283 silly ADD node_modules/@babel/plugin-syntax-class-properties
6284 silly ADD node_modules/@babel/plugin-syntax-bigint
6285 silly ADD node_modules/@babel/plugin-syntax-async-generators
6286 silly ADD node_modules/babel-preset-current-node-syntax
6287 silly ADD node_modules/babel-plugin-jest-hoist
6288 silly ADD node_modules/@types/babel__traverse
6289 silly ADD node_modules/@types/babel__template
6290 silly ADD node_modules/@types/babel__generator
6291 silly ADD node_modules/babel-preset-jest
6292 silly ADD node_modules/@types/babel__core
6293 silly ADD node_modules/jest-environment-node
6294 silly ADD node_modules/jest-docblock
6295 silly ADD node_modules/jest-circus
6296 silly ADD node_modules/babel-jest
6297 silly ADD node_modules/@jest/test-sequencer
6298 silly ADD node_modules/yargs
6299 silly ADD node_modules/strip-final-newline
6300 silly ADD node_modules/onetime
6301 silly ADD node_modules/npm-run-path
6302 silly ADD node_modules/merge-stream
6303 silly ADD node_modules/is-stream
6304 silly ADD node_modules/human-signals
6305 silly ADD node_modules/get-stream
6306 silly ADD node_modules/p-limit
6307 silly ADD node_modules/execa
6308 silly ADD node_modules/execa/node_modules/signal-exit
6309 silly ADD node_modules/html-escaper
6310 silly ADD node_modules/make-dir
6311 silly ADD node_modules/resolve-cwd
6312 silly ADD node_modules/resolve-cwd/node_modules/resolve-from
6313 silly ADD node_modules/pkg-dir
6314 silly ADD node_modules/pkg-dir/node_modules/p-limit
6315 silly ADD node_modules/pkg-dir/node_modules/p-locate
6316 silly ADD node_modules/pkg-dir/node_modules/locate-path
6317 silly ADD node_modules/pkg-dir/node_modules/find-up
6318 silly ADD node_modules/update-browserslist-db
6319 silly ADD node_modules/node-releases
6320 silly ADD node_modules/electron-to-chromium
6321 silly ADD node_modules/caniuse-lite
6322 silly ADD node_modules/baseline-browser-mapping
6323 silly ADD node_modules/get-package-type
6324 silly ADD node_modules/camelcase
6325 silly ADD node_modules/test-exclude
6326 silly ADD node_modules/test-exclude/node_modules/glob
6327 silly ADD node_modules/@istanbuljs/schema
6328 silly ADD node_modules/@istanbuljs/load-nyc-config
6329 silly ADD node_modules/@istanbuljs/load-nyc-config/node_modules/p-limit
6330 silly ADD node_modules/@istanbuljs/load-nyc-config/node_modules/p-locate
6331 silly ADD node_modules/@istanbuljs/load-nyc-config/node_modules/argparse
6332 silly ADD node_modules/@istanbuljs/load-nyc-config/node_modules/locate-path
6333 silly ADD node_modules/@istanbuljs/load-nyc-config/node_modules/resolve-from
6334 silly ADD node_modules/@istanbuljs/load-nyc-config/node_modules/js-yaml
6335 silly ADD node_modules/@istanbuljs/load-nyc-config/node_modules/find-up
6336 silly ADD node_modules/@babel/helper-plugin-utils
6337 silly ADD node_modules/type-fest
6338 silly ADD node_modules/@types/yargs-parser
6339 silly ADD node_modules/@types/istanbul-lib-report
6340 silly ADD node_modules/@jridgewell/resolve-uri
6341 silly ADD node_modules/@jridgewell/sourcemap-codec
6342 silly ADD node_modules/@sinclair/typebox
6343 silly ADD node_modules/@types/yargs
6344 silly ADD node_modules/@types/istanbul-reports
6345 silly ADD node_modules/@jest/schemas
6346 silly ADD node_modules/@babel/helper-string-parser
6347 silly ADD node_modules/@babel/helper-globals
6348 silly ADD node_modules/@babel/helper-module-imports
6349 silly ADD node_modules/lru-cache
6350 silly ADD node_modules/browserslist
6351 silly ADD node_modules/@babel/helper-validator-option
6352 silly ADD node_modules/@babel/compat-data
6353 silly ADD node_modules/jsesc
6354 silly ADD node_modules/@jridgewell/gen-mapping
6355 silly ADD node_modules/json5
6356 silly ADD node_modules/gensync
6357 silly ADD node_modules/@jridgewell/remapping
6358 silly ADD node_modules/@babel/types
6359 silly ADD node_modules/@babel/traverse
6360 silly ADD node_modules/@babel/template
6361 silly ADD node_modules/@babel/parser
6362 silly ADD node_modules/@babel/helpers
6363 silly ADD node_modules/@babel/helper-module-transforms
6364 silly ADD node_modules/@babel/helper-compilation-targets
6365 silly ADD node_modules/@babel/helper-compilation-targets/node_modules/semver
6366 silly ADD node_modules/@babel/generator
6367 silly ADD node_modules/write-file-atomic
6368 silly ADD node_modules/pirates
6369 silly ADD node_modules/convert-source-map
6370 silly ADD node_modules/babel-plugin-istanbul
6371 silly ADD node_modules/@babel/core
6372 silly ADD node_modules/@babel/core/node_modules/semver
6373 silly ADD node_modules/@types/istanbul-lib-coverage
6374 silly ADD node_modules/v8-to-istanbul
6375 silly ADD node_modules/string-length
6376 silly ADD node_modules/jest-worker
6377 silly ADD node_modules/jest-worker/node_modules/supports-color
6378 silly ADD node_modules/istanbul-reports
6379 silly ADD node_modules/istanbul-lib-source-maps
6380 silly ADD node_modules/istanbul-lib-report
6381 silly ADD node_modules/istanbul-lib-instrument
6382 silly ADD node_modules/istanbul-lib-coverage
6383 silly ADD node_modules/collect-v8-coverage
6384 silly ADD node_modules/@jridgewell/trace-mapping
6385 silly ADD node_modules/@bcoe/v8-coverage
6386 silly ADD node_modules/slash
6387 silly ADD node_modules/jest-watcher
6388 silly ADD node_modules/jest-validate
6389 silly ADD node_modules/jest-validate/node_modules/camelcase
6390 silly ADD node_modules/jest-snapshot
6391 silly ADD node_modules/jest-runtime
6392 silly ADD node_modules/jest-runtime/node_modules/lru-cache
6393 silly ADD node_modules/jest-runtime/node_modules/brace-expansion
6394 silly ADD node_modules/jest-runtime/node_modules/path-scurry
6395 silly ADD node_modules/jest-runtime/node_modules/minimatch
6396 silly ADD node_modules/jest-runtime/node_modules/glob
6397 silly ADD node_modules/jest-runner
6398 silly ADD node_modules/jest-runner/node_modules/source-map
6399 silly ADD node_modules/jest-runner/node_modules/source-map-support
6400 silly ADD node_modules/jest-resolve-dependencies
6401 silly ADD node_modules/jest-resolve
6402 silly ADD node_modules/jest-regex-util
6403 silly ADD node_modules/jest-haste-map
6404 silly ADD node_modules/jest-config
6405 silly ADD node_modules/jest-config/node_modules/lru-cache
6406 silly ADD node_modules/jest-config/node_modules/brace-expansion
6407 silly ADD node_modules/jest-config/node_modules/path-scurry
6408 silly ADD node_modules/jest-config/node_modules/minimatch
6409 silly ADD node_modules/jest-config/node_modules/glob
6410 silly ADD node_modules/jest-changed-files
6411 silly ADD node_modules/exit-x
6412 silly ADD node_modules/ci-info
6413 silly ADD node_modules/ansi-escapes
6414 silly ADD node_modules/@jest/transform
6415 silly ADD node_modules/@jest/test-result
6416 silly ADD node_modules/@jest/reporters
6417 silly ADD node_modules/@jest/reporters/node_modules/lru-cache
6418 silly ADD node_modules/@jest/reporters/node_modules/brace-expansion
6419 silly ADD node_modules/@jest/reporters/node_modules/path-scurry
6420 silly ADD node_modules/@jest/reporters/node_modules/minimatch
6421 silly ADD node_modules/@jest/reporters/node_modules/glob
6422 silly ADD node_modules/@jest/pattern
6423 silly ADD node_modules/@jest/console
6424 silly ADD node_modules/jest-cli
6425 silly ADD node_modules/import-local
6426 silly ADD node_modules/@jest/types
6427 silly ADD node_modules/@jest/core
6428 silly ADD node_modules/is-extglob
6429 silly ADD node_modules/resolve-from
6430 silly ADD node_modules/parent-module
6431 silly ADD node_modules/safer-buffer
6432 silly ADD node_modules/toidentifier
6433 silly ADD node_modules/setprototypeof
6434 silly ADD node_modules/inherits
6435 silly ADD node_modules/path-scurry
6436 silly ADD node_modules/path-scurry/node_modules/lru-cache
6437 silly ADD node_modules/minipass
6438 silly ADD node_modules/dunder-proto
6439 silly ADD node_modules/math-intrinsics
6440 silly ADD node_modules/has-symbols
6441 silly ADD node_modules/gopd
6442 silly ADD node_modules/get-proto
6443 silly ADD node_modules/function-bind
6444 silly ADD node_modules/es-object-atoms
6445 silly ADD node_modules/es-define-property
6446 silly ADD node_modules/call-bind-apply-helpers
6447 silly ADD node_modules/universalify
6448 silly ADD node_modules/jsonfile
6449 silly ADD node_modules/graceful-fs
6450 silly ADD node_modules/has-tostringtag
6451 silly ADD node_modules/get-intrinsic
6452 silly ADD node_modules/es-errors
6453 silly ADD node_modules/delayed-stream
6454 silly ADD node_modules/hasown
6455 silly ADD node_modules/es-set-tostringtag
6456 silly ADD node_modules/combined-stream
6457 silly ADD node_modules/asynckit
6458 silly ADD node_modules/path-type
6459 silly ADD node_modules/parse-json
6460 silly ADD node_modules/picocolors
6461 silly ADD node_modules/js-tokens
6462 silly ADD node_modules/@babel/helper-validator-identifier
6463 silly ADD node_modules/tapable
6464 silly ADD node_modules/semver
6465 silly ADD node_modules/schema-utils
6466 silly ADD node_modules/node-abort-controller
6467 silly ADD node_modules/memfs
6468 silly ADD node_modules/fs-extra
6469 silly ADD node_modules/deepmerge
6470 silly ADD node_modules/cosmiconfig
6471 silly ADD node_modules/@babel/code-frame
6472 silly ADD node_modules/keyv
6473 silly ADD node_modules/flatted
6474 silly ADD node_modules/path-exists
6475 silly ADD node_modules/locate-path
6476 silly ADD node_modules/uint8array-extras
6477 silly ADD node_modules/token-types
6478 silly ADD node_modules/strtok3
6479 silly ADD node_modules/@tokenizer/inflate
6480 silly ADD node_modules/flat-cache
6481 silly ADD node_modules/raw-body
6482 silly ADD node_modules/bytes
6483 silly ADD node_modules/negotiator
6484 silly ADD node_modules/type-is
6485 silly ADD node_modules/type-is/node_modules/content-type
6486 silly ADD node_modules/statuses
6487 silly ADD node_modules/serve-static
6488 silly ADD node_modules/send
6489 silly ADD node_modules/router
6490 silly ADD node_modules/range-parser
6491 silly ADD node_modules/qs
6492 silly ADD node_modules/proxy-addr
6493 silly ADD node_modules/parseurl
6494 silly ADD node_modules/once
6495 silly ADD node_modules/on-finished
6496 silly ADD node_modules/mime-types
6497 silly ADD node_modules/merge-descriptors
6498 silly ADD node_modules/http-errors
6499 silly ADD node_modules/fresh
6500 silly ADD node_modules/finalhandler
6501 silly ADD node_modules/etag
6502 silly ADD node_modules/escape-html
6503 silly ADD node_modules/encodeurl
6504 silly ADD node_modules/depd
6505 silly ADD node_modules/cookie-signature
6506 silly ADD node_modules/cookie
6507 silly ADD node_modules/content-type
6508 silly ADD node_modules/content-disposition
6509 silly ADD node_modules/body-parser
6510 silly ADD node_modules/body-parser/node_modules/content-type
6511 silly ADD node_modules/accepts
6512 silly ADD node_modules/jest-util
6513 silly ADD node_modules/jest-mock
6514 silly ADD node_modules/jest-message-util
6515 silly ADD node_modules/jest-matcher-utils
6516 silly ADD node_modules/@jest/get-type
6517 silly ADD node_modules/@jest/expect-utils
6518 silly ADD node_modules/acorn-jsx
6519 silly ADD node_modules/acorn
6520 silly ADD node_modules/estraverse
6521 silly ADD node_modules/esrecurse
6522 silly ADD node_modules/synckit
6523 silly ADD node_modules/prettier-linter-helpers
6524 silly ADD node_modules/which
6525 silly ADD node_modules/shebang-command
6526 silly ADD node_modules/path-key
6527 silly ADD node_modules/color-name
6528 silly ADD node_modules/color-convert
6529 silly ADD node_modules/supports-color
6530 silly ADD node_modules/ansi-styles
6531 silly ADD node_modules/@humanfs/types
6532 silly ADD node_modules/@humanfs/core
6533 silly ADD node_modules/levn
6534 silly ADD node_modules/@types/json-schema
6535 silly ADD node_modules/@eslint/object-schema
6536 silly ADD node_modules/optionator
6537 silly ADD node_modules/natural-compare
6538 silly ADD node_modules/lodash.merge
6539 silly ADD node_modules/json-stable-stringify-without-jsonify
6540 silly ADD node_modules/is-glob
6541 silly ADD node_modules/imurmurhash
6542 silly ADD node_modules/glob-parent
6543 silly ADD node_modules/find-up
6544 silly ADD node_modules/file-entry-cache
6545 silly ADD node_modules/esutils
6546 silly ADD node_modules/esquery
6547 silly ADD node_modules/eslint-visitor-keys
6548 silly ADD node_modules/eslint-scope
6549 silly ADD node_modules/escape-string-regexp
6550 silly ADD node_modules/cross-spawn
6551 silly ADD node_modules/chalk
6552 silly ADD node_modules/@types/estree
6553 silly ADD node_modules/@humanwhocodes/retry
6554 silly ADD node_modules/@humanwhocodes/module-importer
6555 silly ADD node_modules/@humanfs/node
6556 silly ADD node_modules/@eslint/plugin-kit
6557 silly ADD node_modules/@eslint/core
6558 silly ADD node_modules/@eslint/config-helpers
6559 silly ADD node_modules/@eslint/config-array
6560 silly ADD node_modules/@eslint-community/regexpp
6561 silly ADD node_modules/@eslint-community/eslint-utils
6562 silly ADD node_modules/@eslint-community/eslint-utils/node_modules/eslint-visitor-keys
6563 silly ADD node_modules/ms
6564 silly ADD node_modules/vary
6565 silly ADD node_modules/object-assign
6566 silly ADD node_modules/esprima
6567 silly ADD node_modules/array-timsort
6568 silly ADD node_modules/string-width
6569 silly ADD node_modules/@colors/colors
6570 silly ADD node_modules/readdirp
6571 silly ADD node_modules/uri-js
6572 silly ADD node_modules/json-schema-traverse
6573 silly ADD node_modules/fast-json-stable-stringify
6574 silly ADD node_modules/fast-deep-equal
6575 silly ADD node_modules/form-data
6576 silly ADD node_modules/form-data/node_modules/mime-db
6577 silly ADD node_modules/form-data/node_modules/mime-types
6578 silly ADD node_modules/@types/cookiejar
6579 silly ADD node_modules/@types/superagent
6580 silly ADD node_modules/@types/methods
6581 silly ADD node_modules/@types/http-errors
6582 silly ADD node_modules/undici-types
6583 silly ADD node_modules/pretty-format
6584 silly ADD node_modules/pretty-format/node_modules/ansi-styles
6585 silly ADD node_modules/expect
6586 silly ADD node_modules/@types/send
6587 silly ADD node_modules/@types/range-parser
6588 silly ADD node_modules/@types/qs
6589 silly ADD node_modules/@types/connect
6590 silly ADD node_modules/@types/serve-static
6591 silly ADD node_modules/@types/express-serve-static-core
6592 silly ADD node_modules/@types/body-parser
6593 silly ADD node_modules/pluralize
6594 silly ADD node_modules/comment-json
6595 silly ADD node_modules/multer
6596 silly ADD node_modules/multer/node_modules/mime-db
6597 silly ADD node_modules/multer/node_modules/mime-types
6598 silly ADD node_modules/multer/node_modules/media-typer
6599 silly ADD node_modules/multer/node_modules/type-is
6600 silly ADD node_modules/express
6601 silly ADD node_modules/cors
6602 silly ADD node_modules/path-to-regexp
6603 silly ADD node_modules/fast-safe-stringify
6604 silly ADD node_modules/uid
6605 silly ADD node_modules/tslib
6606 silly ADD node_modules/load-esm
6607 silly ADD node_modules/iterare
6608 silly ADD node_modules/file-type
6609 silly ADD node_modules/iconv-lite
6610 silly ADD node_modules/chardet
6611 silly ADD node_modules/@inquirer/external-editor
6612 silly ADD node_modules/wrap-ansi
6613 silly ADD node_modules/signal-exit
6614 silly ADD node_modules/mute-stream
6615 silly ADD node_modules/cli-width
6616 silly ADD node_modules/yoctocolors-cjs
6617 silly ADD node_modules/@inquirer/type
6618 silly ADD node_modules/@inquirer/figures
6619 silly ADD node_modules/@inquirer/core
6620 silly ADD node_modules/@inquirer/ansi
6621 silly ADD node_modules/@inquirer/select
6622 silly ADD node_modules/@inquirer/search
6623 silly ADD node_modules/@inquirer/rawlist
6624 silly ADD node_modules/@inquirer/password
6625 silly ADD node_modules/@inquirer/number
6626 silly ADD node_modules/@inquirer/input
6627 silly ADD node_modules/@inquirer/expand
6628 silly ADD node_modules/@inquirer/editor
6629 silly ADD node_modules/@inquirer/confirm
6630 silly ADD node_modules/@inquirer/checkbox
6631 silly ADD node_modules/yargs-parser
6632 silly ADD node_modules/symbol-observable
6633 silly ADD node_modules/ansi-colors
6634 silly ADD node_modules/magic-string
6635 silly ADD node_modules/source-map
6636 silly ADD node_modules/picomatch
6637 silly ADD node_modules/jsonc-parser
6638 silly ADD node_modules/ajv-formats
6639 silly ADD node_modules/ajv-formats/node_modules/json-schema-traverse
6640 silly ADD node_modules/ajv-formats/node_modules/ajv
6641 silly ADD node_modules/webpack-node-externals
6642 silly ADD node_modules/tsconfig-paths-webpack-plugin
6643 silly ADD node_modules/ora
6644 silly ADD node_modules/node-emoji
6645 silly ADD node_modules/glob
6646 silly ADD node_modules/glob/node_modules/balanced-match
6647 silly ADD node_modules/glob/node_modules/brace-expansion
6648 silly ADD node_modules/glob/node_modules/minimatch
6649 silly ADD node_modules/fork-ts-checker-webpack-plugin
6650 silly ADD node_modules/commander
6651 silly ADD node_modules/cli-table3
6652 silly ADD node_modules/chokidar
6653 silly ADD node_modules/ansis
6654 silly ADD node_modules/@inquirer/prompts
6655 silly ADD node_modules/@angular-devkit/schematics-cli
6656 silly ADD node_modules/@angular-devkit/schematics-cli/node_modules/@inquirer/prompts
6657 silly ADD node_modules/@angular-devkit/schematics
6658 silly ADD node_modules/@angular-devkit/schematics/node_modules/rxjs
6659 silly ADD node_modules/@angular-devkit/core
6660 silly ADD node_modules/@angular-devkit/core/node_modules/json-schema-traverse
6661 silly ADD node_modules/@angular-devkit/core/node_modules/rxjs
6662 silly ADD node_modules/@angular-devkit/core/node_modules/ajv
6663 silly ADD node_modules/strip-json-comments
6664 silly ADD node_modules/minimatch
6665 silly ADD node_modules/js-yaml
6666 silly ADD node_modules/import-fresh
6667 silly ADD node_modules/ignore
6668 silly ADD node_modules/espree
6669 silly ADD node_modules/debug
6670 silly ADD node_modules/ajv
6671 silly ADD node_modules/typescript-eslint
6672 silly ADD node_modules/tsconfig-paths
6673 silly ADD node_modules/tsconfig-paths/node_modules/strip-bom
6674 silly ADD node_modules/ts-node
6675 silly ADD node_modules/webpack
6676 silly ADD node_modules/webpack/node_modules/json-schema-traverse
6677 silly ADD node_modules/webpack/node_modules/ajv-keywords
6678 silly ADD node_modules/webpack/node_modules/ajv-formats
6679 silly ADD node_modules/webpack/node_modules/ajv
6680 silly ADD node_modules/webpack/node_modules/estraverse
6681 silly ADD node_modules/webpack/node_modules/schema-utils
6682 silly ADD node_modules/webpack/node_modules/eslint-scope
6683 silly ADD node_modules/ts-loader
6684 silly ADD node_modules/ts-jest
6685 silly ADD node_modules/ts-jest/node_modules/type-fest
6686 silly ADD node_modules/supertest
6687 silly ADD node_modules/source-map-support
6688 silly ADD node_modules/source-map-support/node_modules/source-map
6689 silly ADD node_modules/jest
6690 silly ADD node_modules/globals
6691 silly ADD node_modules/prettier
6692 silly ADD node_modules/eslint-plugin-prettier
6693 silly ADD node_modules/eslint-config-prettier
6694 silly ADD node_modules/eslint
6695 silly ADD node_modules/@types/supertest
6696 silly ADD node_modules/@types/node
6697 silly ADD node_modules/@types/jest
6698 silly ADD node_modules/@types/express
6699 silly ADD node_modules/@nestjs/testing
6700 silly ADD node_modules/typescript
6701 silly ADD node_modules/@nestjs/schematics
6702 silly ADD node_modules/@nestjs/schematics/node_modules/json-schema-traverse
6703 silly ADD node_modules/@nestjs/schematics/node_modules/rxjs
6704 silly ADD node_modules/@nestjs/schematics/node_modules/ajv
6705 silly ADD node_modules/@nestjs/schematics/node_modules/@angular-devkit/schematics
6706 silly ADD node_modules/@nestjs/schematics/node_modules/@angular-devkit/core
6707 silly ADD node_modules/@nestjs/platform-express
6708 silly ADD node_modules/@nestjs/core
6709 silly ADD node_modules/rxjs
6710 silly ADD node_modules/reflect-metadata
6711 silly ADD node_modules/@nestjs/common
6712 silly ADD node_modules/@nestjs/cli
6713 silly ADD node_modules/@nestjs/cli/node_modules/json-schema-traverse
6714 silly ADD node_modules/@nestjs/cli/node_modules/ajv-keywords
6715 silly ADD node_modules/@nestjs/cli/node_modules/ajv-formats
6716 silly ADD node_modules/@nestjs/cli/node_modules/ajv
6717 silly ADD node_modules/@nestjs/cli/node_modules/estraverse
6718 silly ADD node_modules/@nestjs/cli/node_modules/schema-utils
6719 silly ADD node_modules/@nestjs/cli/node_modules/eslint-scope
6720 silly ADD node_modules/@nestjs/cli/node_modules/webpack
6721 silly ADD node_modules/@eslint/js
6722 silly ADD node_modules/@eslint/eslintrc
6723 silly ADD node_modules/@eslint/eslintrc/node_modules/globals
6724 verbose cwd /Users/miguelacontreras/Desktop/Desarrollo/MiguelAcr/Nest Back/store_api
6725 verbose os Darwin 25.4.0
6726 verbose node v26.0.0
6727 verbose npm  v11.12.1
6728 notice
6728 notice New major version of npm available! 11.12.1 -> 12.0.1
6728 notice Changelog: https://github.com/npm/cli/releases/tag/v12.0.1
6728 notice To update run: npm install -g npm@12.0.1
6728 notice  { force: true, Symbol(proc-log.meta): true }
6729 verbose exit 0
6730 info ok
